WO_NO,EQP_TAG,DETC_DT,STRT_DT,END_DT,MNT_TYPE,FAIL_MODE,DOWN_MIN,PART_CHG,WRKR_ID,WRK_TEAM,REMARK
WO-2024-00001,P1-SM1-CRN02,2024-01-01 06:22,2024-01-01 07:28,2024-01-01 11:27,TBM,,239,N,MT-1008,MT-B,점검 이상없음
WO-2024-00002,P1-CC1-SCC01,2024-01-01 06:35,2024-01-01 12:27,2024-01-01 14:25,BM,MAL,0,N,MT-1008,MT-B,"1호기 재발, 제어 이상"
WO-2024-00003,P1-CR1-WLD01,2024-01-01 07:23,2024-01-01 10:59,2024-01-01 12:35,TBM,,95,N,MT-1007,MT-B,
WO-2024-00004,P1-SP2-EXF01,2024-01-01 07:37,2024-01-02 20:15,2024-01-03 02:28,CBM,BRG,160,N,MT-1010,MT-B,BRG소음 확인
WO-2024-00005,P1-CR1-INS01,2024-01-01 10:52,2024-01-01 14:23,2024-01-01 16:09,BM,ETC,106,Y,MT-1009,MT-B,
WO-2024-00006,P1-SP1-MIX01,2024-01-01 14:37,2024-01-01 18:02,2024-01-01 18:56,TBM,,15,N,MT-1011,MT-B,월간 점검 완료
WO-2024-00007,P1-SP2-CRS01,2024-01-01 15:09,2024-01-11 12:19,2024-01-11 19:06,CBM,LUB,407,N,MT-1010,MT-B,"  1호기 재발, 오일 레벨 저하 "
WO-2024-00008,P1-SP2-AGT01-MTR,2024-01-01 22:14,2024-01-02 03:19,2024-01-02 09:52,BM,BRG,392,N,MT-1020,MT-D,베어링 이상음
WO-2024-00009,P1-CR1-SPM01,2024-01-02 11:41,2024-01-02 11:51,2024-01-02 16:17,TBM,,0,N,MT-1014,MT-C,TBM 점검
WO-2024-00010,P1-CC1-LDT01,2024-01-02 22:34,2024-01-02 23:47,2024-01-03 04:45,TBM,,298,N,MT-1005,MT-A,
WO-2024-00011,P1-SP1-DCF02,2024-01-03 06:40,2024-01-03 08:54,2024-01-03 11:29,TBM,,85,Y,MT-1021,MT-D,
WO-2024-00012,P1-CC1-MLD01,2024-01-03 11:54,2024-01-03 15:19,2024-01-03 18:10,TBM,,125,N,MT-1019,MT-D,
WO-2024-00013,P1-BF2-BFR01,2024-01-03 14:19,2024-01-05 12:17,2024-01-05 19:48,CBM,ETC,451,Y,MT-1024,MT-D,원인 미상
WO-2024-00014,P1-BF1-HSV01,2024-01-03 15:06,2024-01-03 17:46,2024-01-03 18:37,TBM,,51,Y,MT-1022,MT-D,월간 점검 완료
WO-2024-00015,P1-BF1-BLW01,2024-01-03 22:00,2024-01-12 08:41,2024-01-12 15:24,CBM,ELE,125,Y,MT-1007,MT-B,절연 저하
WO-2024-00016,P1-SP1-CRS01,2024-01-03 22:06,2024-01-03 23:14,2024-01-04 00:19,TBM,,64,N,MT-1012,MT-B,TBM 점검
WO-2024-00017,P1-SP1-AGT01-MTR,2024-01-03 22:53,2024-01-06 05:01,2024-01-06 10:38,CBM,BRG,336,N,MT-1008,MT-B,이상음 발생
WO-2024-00018,P1-CC1-SEG04,2024-01-03 23:40,2024-01-04 02:55,2024-01-04 04:14,TBM,,0,N,MT-1007,MT-B,
WO-2024-00019,P1-CR1-RCL01,2024-01-03 23:55,2024-01-04 00:46,2024-01-04 04:17,TBM,,210,N,MT-1011,MT-B,
WO-2024-00020,P1-BF2-HSV01,2024-01-04 01:11,2024-01-04 04:25,2024-01-04 09:16,TBM,,0,Y,MT-1015,MT-C,
WO-2024-00021,P1-CR1-PMP03,2024-01-04 06:18,2024-01-04 07:38,2024-01-04 14:13,BM,UNB,394,N,MT-1001,MT-A,"3호기 재발, 진동 상승"
WO-2024-00022,P1-SP2-SNM01,2024-01-04 07:25,2024-01-04 08:38,2024-01-04 10:02,TBM,,70,Y,MT-1001,MT-A,계획 점검 수행
WO-2024-00023,P1-BF2-CAS01,2024-01-04 14:06,2024-01-04 15:41,2024-01-04 19:13,TBM,,211,Y,MT-1001,MT-A,정기점검 - 이상없음
WO-2024-00024,P1-CC2-SEG03,2024-01-04 14:58,2024-01-04 16:31,2024-01-04 18:05,TBM,,85,N,MT-1003,MT-A,
WO-2024-00025,P1-SP2-EXF01-MTR,2024-01-05 04:03,2024-01-05 06:00,2024-01-05 09:21,TBM,,170,N,MT-1019,MT-D,  월간 점검 완료 
WO-2024-00026,P1-CR1-PMP02,2024-01-05 15:01,2024-01-05 15:28,2024-01-05 17:28,TBM,,50,N,MT-1008,MT-B,정기점검 실시
WO-2024-00027,P1-SP1-EXF01,2024-01-05 15:27,2024-01-05 18:02,2024-01-05 22:10,TBM,,0,N,MT-1011,MT-B,  점검 이상없음 
WO-2024-00028,P1-BF2-HSV03,2024-01-05 23:25,2024-01-06 00:10,2024-01-06 01:12,TBM,,50,Y,MT-1022,MT-D,"3호기 재발, 점검 이상없음"
WO-2024-00029,P1-SM1-BOF01,2024-01-06 03:00,2024-01-06 08:37,2024-01-06 10:07,BM,ETC,60,N,MT-1003,MT-A,현상 재현 안됨
WO-2024-00030,P1-SP2-CRS01,2024-01-06 06:30,2024-01-06 07:46,2024-01-06 12:25,TBM,,0,N,MT-1014,MT-C,계획 점검 수행
WO-2024-00031,P1-CR1-TCM01,2024-01-06 06:43,2024-01-06 08:23,2024-01-06 13:11,TBM,,0,N,MT-1014,MT-C,  순회점검 후속 
WO-2024-00032,P1-BF2-HSV02,2024-01-07 07:59,2024-01-07 11:29,2024-01-07 15:18,TBM,,0,N,MT-1020,MT-D,"2호기 재발, 월간 점검 완료"
WO-2024-00033,P1-CC2-PMP02,2024-01-07 15:22,2024-01-07 20:43,2024-01-07 22:53,BM,,0,N,MT-1019,MT-D,현상 재현 안됨
WO-2024-00034,P1-SP2-EXF01,2024-01-07 23:00,2024-01-08 02:08,2024-01-08 04:18,BM,ETC,129,N,MT-1008,MT-B,재점검 필요
WO-2024-00035,P1-SP1-IGF01,2024-01-08 00:43,2024-01-08 03:57,2024-01-08 05:52,TBM,,0,N,MT-1017,MT-C,계획 점검 수행
WO-2024-00036,P1-SM1-BOF02,2024-01-08 06:15,2024-01-08 11:22,2024-01-08 19:20,BM,ETC,478,N,MT-1002,MT-A,원인 미상
WO-2024-00037,P1-CC1-SEG04,2024-01-08 06:54,2024-01-08 09:50,2024-01-08 10:34,BM,LUB,25,N,MT-1002,MT-A,
WO-2024-00038,P1-BF1-BLW01,2024-01-08 07:49,2024-01-08 08:56,2024-01-08 13:01,TBM,,220,N,MT-1001,MT-A,정기점검 실시
WO-2024-00039,P1-SP1-EXF01-MTR,2024-01-08 23:03,2024-01-09 00:29,2024-01-09 03:22,TBM,,160,Y,MT-1017,MT-C,계획 점검 수행
WO-2024-00040,P1-CC1-SEG02,2024-01-08 23:58,2024-01-09 02:15,2024-01-09 06:39,TBM,SEL,165,N,MT-1015,MT-C,냉각수 누설
WO-2024-00041,P1-SP1-EXF01,2024-01-09 06:00,2024-01-09 11:20,2024-01-09 12:10,BM,ETC,50,Y,MT-1007,MT-B,
WO-2024-00042,P1-SP2-MIX02,2024-01-09 07:05,2024-01-09 09:54,2024-01-09 12:47,BM,ETC,173,N,MT-1007,MT-B,"2호기 재발, 재점검 필요"
WO-2024-00043,P1-BF1-HSV02,2024-01-09 09:31,2024-01-09 09:51,2024-01-09 12:45,TBM,,0,N,MT-1009,MT-B,
WO-2024-00044,P1-SM1-CRN01,2024-01-09 14:06,2024-01-09 16:21,2024-01-09 20:15,TBM,,233,N,MT-1011,MT-B,계획 점검 수행
WO-2024-00045,P1-CR1-CRN01,2024-01-09 22:12,2024-01-10 02:14,2024-01-10 10:44,BM,LUB,155,N,MT-1021,MT-D,그리스 부족
WO-2024-00046,P1-CR1-SPM01,2024-01-10 07:07,2024-01-10 11:37,2024-01-11 00:43,BM,,0,N,MT-1013,MT-C,"1호기 재발, 원인 미상"
WO-2024-00047,P1-CR1-SPM01,2024-01-10 07:33,2024-01-14 23:06,2024-01-15 08:47,CBM,BRG,460,N,MT-1014,MT-C,  베어링 이상음 
WO-2024-00048,P1-SP1-BCV01,2024-01-10 07:51,2024-01-10 13:09,2024-01-10 19:53,BM,BRG,404,N,MT-1018,MT-C,베어링링 이상음
WO-2024-00049,P1-CC2-SEG02,2024-01-10 14:12,2024-01-10 17:18,2024-01-10 20:46,TBM,,0,N,MT-1013,MT-C,"2호기 재발, 정기점검 실시"
WO-2024-00050,P1-SP2-AGT01,2024-01-10 14:37,2024-01-18 13:21,2024-01-18 17:20,CBM,BRG,238,N,MT-1015,MT-C,
WO-2024-00051,P1-SP1-CRS01,2024-01-10 16:14,2024-01-10 17:35,2024-01-10 19:24,BM,MAL,108,N,MT-1015,MT-C,동작 불량
WO-2024-00052,P1-BF2-PCI01,2024-01-10 20:59,2024-01-10 23:47,2024-01-11 00:55,TBM,,0,N,MT-1002,MT-A,
WO-2024-00053,P1-CC2-INS01,2024-01-10 21:29,2024-01-13 10:29,2024-01-13 17:44,CBM,SEL,215,N,MT-1003,MT-A,SEAL 손상
WO-2024-00054,P1-CR1-RCL01,2024-01-11 01:57,2024-01-11 05:20,2024-01-11 05:57,BM,LUB,20,N,MT-1007,MT-B,"1호기 재발, 오일 레벨 저하"
WO-2024-00055,P1-CC1-INS01,2024-01-11 07:30,2024-01-11 11:30,2024-01-11 16:12,BM,MAL,160,N,MT-1024,MT-D,인터록 작동
WO-2024-00056,P1-CR1-TCM01,2024-01-11 07:34,2024-01-15 20:27,2024-01-16 01:14,CBM,BRG,287,N,MT-1023,MT-D,"1호기 재발, 이상음 발생"
WO-2024-00057,P1-CR1-CRN01,2024-01-11 07:45,2024-01-11 08:23,2024-01-11 12:35,TBM,,120,N,MT-1019,MT-D,"1호기 재발, 점검 이상없음"
WO-2024-00058,P1-CR1-PMP03,2024-01-11 14:03,2024-01-11 15:24,2024-01-11 16:54,TBM,,89,N,MT-1020,MT-D,점검 이상없음
WO-2024-00059,P1-SM1-LFR01,2024-01-11 14:52,2024-01-11 16:22,2024-01-11 20:57,BM,ELE,274,Y,MT-1023,MT-D,
WO-2024-00060,P1-CR1-CAL01,2024-01-11 15:19,2024-01-11 18:43,2024-01-11 20:32,TBM,,108,N,MT-1022,MT-D,
WO-2024-00061,P1-BF1-PCI01,2024-01-11 15:51,2024-01-11 19:02,2024-01-11 21:49,TBM,,150,Y,MT-1019,MT-D,TBM 점검
WO-2024-00062,P1-CC2-INS01,2024-01-11 17:35,2024-01-15 16:20,2024-01-15 22:37,CBM,,376,N,MT-1023,MT-D,확인 중
WO-2024-00063,P1-CC1-INS01,2024-01-12 07:49,2024-01-12 08:02,2024-01-12 10:49,TBM,,0,N,MT-1004,MT-A,정기점검 실시
WO-2024-00064,P1-CC2-MLD01,2024-01-12 14:06,2024-01-12 15:06,2024-01-12 18:29,TBM,,202,N,MT-1005,MT-A,"  1호기 재발, 순회점검 후속 "
WO-2024-00065,P1-BF1-PCI01,2024-01-12 23:24,2024-01-13 02:40,2024-01-13 05:19,BM,LUB,55,Y,MT-1015,MT-C,
WO-2024-00066,P1-CR1-CRN01,2024-01-13 06:19,2024-01-13 10:06,2024-01-13 11:43,BM,MAL,0,N,MT-1009,MT-B,"1호기 재발, 제어 이상"
WO-2024-00067,P1-BF1-CAS01,2024-01-13 06:45,2024-01-13 07:51,2024-01-13 10:19,TBM,,0,N,MT-1011,MT-B,TBM 점검
WO-2024-00068,P1-SP2-AGT01-MTR,2024-01-13 16:47,2024-01-13 20:18,2024-01-14 01:06,TBM,,287,N,MT-1010,MT-B,
WO-2024-00069,P1-SP1-MIX02,2024-01-13 18:32,2024-01-13 19:15,2024-01-13 21:06,TBM,,35,N,MT-1021,MT-D,계획 점검 수행
WO-2024-00070,P1-CC2-LDT01,2024-01-13 22:06,2024-01-14 01:26,2024-01-14 12:57,BM,SEL,0,N,MT-1021,MT-D,패킹 누설
WO-2024-00071,P1-SP2-CLR01,2024-01-13 23:08,2024-01-14 00:22,2024-01-14 01:51,TBM,,89,N,MT-1024,MT-D,계획 점검 수행
WO-2024-00072,P1-CC1-PMP01,2024-01-13 23:09,2024-01-14 01:14,2024-01-14 02:33,TBM,,0,N,MT-1024,MT-D,  TBM 점검 
WO-2024-00073,P1-BF1-HSV03,2024-01-14 15:58,2024-01-14 19:47,2024-01-14 22:52,TBM,,0,N,MT-1017,MT-C,"3호기 재발, TBM 점검"
WO-2024-00074,P1-SP1-AGT01,2024-01-14 22:52,2024-01-14 23:47,2024-01-15 02:38,TBM,,170,N,MT-1002,MT-A,계획 점검 수행
WO-2024-00075,P1-SP1-AGT01-MTR,2024-01-14 23:20,2024-01-15 00:20,2024-01-15 03:51,TBM,,211,N,MT-1003,MT-A,월간 점검 완료
WO-2024-00076,P1-SM1-RHD01,2024-01-15 06:35,2024-01-15 10:10,2024-01-15 13:46,BM,LUB,215,N,MT-1024,MT-D,급유 불량
WO-2024-00077,P1-CC2-INS01,2024-01-15 15:03,2024-01-15 15:33,2024-01-15 20:11,TBM,,0,Y,MT-1024,MT-D,TBM 점검
WO-2024-00078,P1-CC1-SEG01,2024-01-15 22:07,2024-01-15 22:28,2024-01-16 01:11,TBM,,110,N,MT-1009,MT-B,점검 이상없음
WO-2024-00079,P1-BF1-HSV03,2024-01-15 23:34,2024-01-16 02:45,2024-01-16 13:39,BM,,653,Y,MT-1007,MT-B,"3호기 재발, 확인 중"
WO-2024-00080,P1-SP2-DCF02,2024-01-16 08:13,2024-01-16 09:28,2024-01-16 21:11,BM,LUB,635,N,MT-1005,MT-A,"2호기 재발, 누유 확인"
WO-2024-00081,P1-SP2-SNM01,2024-01-16 23:28,2024-01-17 02:09,2024-01-17 03:52,TBM,,65,N,MT-1013,MT-C,정기점검 실시
WO-2024-00082,P1-SP2-DCF02,2024-01-16 23:44,2024-01-17 02:49,2024-01-17 05:21,TBM,,90,N,MT-1018,MT-C,"2호기 재발, 점검 이상없음"
WO-2024-00083,P1-SP2-IGF01,2024-01-17 01:58,2024-01-17 04:45,2024-01-17 05:46,TBM,,30,N,MT-1024,MT-D,  점검 이상없음 
WO-2024-00084,P1-CC1-PMP02,2024-01-17 06:57,2024-01-17 07:17,2024-01-17 09:43,TBM,,0,Y,MT-1010,MT-B,TBM 점검
WO-2024-00085,P1-CR1-SPM01-MTR,2024-01-17 11:23,2024-01-17 14:09,2024-01-17 18:48,TBM,ELE,278,N,MT-1009,MT-B,
WO-2024-00086,P1-SM1-BOF02,2024-01-17 14:14,2024-01-17 16:48,2024-01-17 18:46,TBM,LUB,100,Y,MT-1009,MT-B,급유 불량
WO-2024-00087,P1-CR1-SPM01,2024-01-17 21:30,2024-01-17 23:07,2024-01-18 04:51,BM,WER,275,N,MT-1022,MT-D,마모 진행
WO-2024-00088,P1-CC1-EMS01,2024-01-17 22:01,2024-01-18 00:16,2024-01-18 03:22,TBM,,165,N,MT-1023,MT-D,TBM 점검
WO-2024-00089,P1-CC2-PMP01,2024-01-18 13:35,2024-01-18 17:34,2024-01-18 22:06,TBM,,271,N,MT-1015,MT-C,정기점검 실시
WO-2024-00090,P1-SP2-AGT01,2024-01-18 14:02,2024-01-18 17:55,2024-01-18 18:37,BM,,0,N,MT-1015,MT-C,원인 미상
WO-2024-00091,P1-CC1-INS01,2024-01-18 18:12,2024-01-19 20:55,2024-01-19 23:27,CBM,MAL,85,N,MT-1005,MT-A,"1호기 재발, 제어 이상"
WO-2024-00092,P1-SP1-SNM01,2024-01-18 22:24,2024-01-19 00:48,2024-01-19 01:57,TBM,,68,Y,MT-1005,MT-A,TBM 점검
WO-2024-00093,P1-CC2-SCC01,2024-01-19 07:18,2024-01-19 07:51,2024-01-19 09:18,TBM,,0,Y,MT-1023,MT-D,월간 점검검 완료
WO-2024-00094,P1-CC2-TUN01,2024-01-19 15:16,2024-01-19 17:36,2024-01-19 21:38,TBM,,215,Y,MT-1020,MT-D,계획 점검 수행
WO-2024-00095,P1-CR1-PKL01,2024-01-20 06:38,2024-01-20 09:09,2024-01-20 10:17,TBM,,68,N,MT-1004,MT-A,"1호기 재발, 계획 점검 수행"
WO-2024-00096,P1-CC1-SCC01,2024-01-20 14:23,2024-01-20 17:19,2024-01-20 20:09,TBM,,70,N,MT-1003,MT-A,점검 이상없음
WO-2024-00097,P1-CC2-LDT01,2024-01-20 07:53,2024-01-20 12:09,2024-01-20 19:40,BM,SEL,365,N,MT-1006,MT-A,패킹 누설
WO-2024-00098,P1-BF1-BFR01,2024-01-20 15:56,2024-01-20 17:06,2024-01-20 21:19,TBM,,185,Y,MT-1004,MT-A,점검 이상없음
WO-2024-00099,P1-BF1-HSV02,2024-01-20 20:10,2024-01-21 00:22,2024-01-21 01:53,BM,MAL,70,N,MT-1018,MT-C,오작동 발생
WO-2024-00100,P1-SP1-EXF01,2024-01-20 22:31,2024-01-29 13:30,2024-01-29 22:13,CBM,LUB,522,N,MT-1013,MT-C,오일 레벨 저하
WO-2024-00101,P1-CC1-TUN01,2024-01-20 23:52,2024-01-21 00:34,2024-01-21 01:44,TBM,,0,N,MT-1015,MT-C,"1호기 재발, 점검 이상없음"
WO-2024-00102,P1-SP1-DCF01,2024-01-20 23:06,2024-01-20 23:54,2024-01-21 03:27,TBM,,0,N,MT-1015,MT-C,계획 점검 수행
WO-2024-00103,P1-BF2-BFR01,2024-01-21 06:56,2024-01-21 10:26,2024-01-21 11:46,TBM,MAL,79,N,MT-1010,MT-B,"1호기 재발, 동작 불량"
WO-2024-00104,P1-CR1-SPM01-MTR,2024-01-21 07:32,2024-01-21 10:09,2024-01-21 12:49,BM,ETC,105,N,MT-1008,MT-B,"1호기 재발, 특이사항"
WO-2024-00105,P1-SP2-EXF01,2024-01-21 15:06,2024-01-27 14:09,2024-01-27 17:31,CBM,ETC,201,N,MT-1009,MT-B,재점검 필요
WO-2024-00106,P1-SP2-MIX02,2024-01-21 15:09,2024-01-21 17:24,2024-01-21 18:27,TBM,LUB,63,N,MT-1010,MT-B,  오일 레벨 저하 
WO-2024-00107,P1-SP1-CLR01,2024-01-21 22:26,2024-01-22 00:05,2024-01-22 01:43,TBM,,30,N,MT-1022,MT-D,
WO-2024-00108,P1-CR1-INS01,2024-01-22 07:11,2024-01-22 09:48,2024-01-22 14:42,TBM,ELE,100,N,MT-1017,MT-C,전류 불안정
WO-2024-00109,P1-BF1-HSV03,2024-01-22 14:19,2024-01-22 19:02,2024-01-22 19:56,BM,,54,N,MT-1014,MT-C,재점검 필요
WO-2024-00110,P1-SM1-DCF01,2024-01-22 14:39,2024-01-22 15:40,2024-01-22 19:18,TBM,,140,N,MT-1018,MT-C,
WO-2024-00111,P1-CC1-INS01,2024-01-22 14:41,2024-01-26 04:53,2024-01-26 09:02,CBM,MAL,248,N,MT-1013,MT-C,오작동 발생
WO-2024-00112,P1-SP2-EXF01,2024-01-22 15:25,2024-01-22 16:57,2024-01-22 17:58,TBM,,20,N,MT-1017,MT-C,월간 점검 완료
WO-2024-00113,P1-SP2-MIX01,2024-01-22 15:27,2024-01-22 15:36,2024-01-22 20:20,TBM,,284,N,MT-1016,MT-C,
WO-2024-00114,P1-BF2-BLW01,2024-01-22 19:00,2024-01-30 09:30,2024-01-30 17:58,CBM,UNB,507,N,MT-1004,MT-A,진동 상승
WO-2024-00115,P1-SP2-CRS01,2024-01-22 17:17,2024-01-22 22:40,2024-01-23 00:31,BM,LUB,105,N,MT-1015,MT-C,
WO-2024-00116,P1-BF2-PCI01,2024-01-23 06:27,2024-01-23 07:22,2024-01-23 13:21,BM,LUB,358,N,MT-1023,MT-D,
WO-2024-00117,P1-CC2-LDT01,2024-01-23 06:40,2024-01-23 08:19,2024-01-23 09:25,TBM,,30,Y,MT-1020,MT-D,  계획 점검검 수행 
WO-2024-00118,P1-CC2-SEG01,2024-01-23 06:58,2024-01-23 07:07,2024-01-23 09:17,TBM,WER,130,N,MT-1019,MT-D,"1호기 재발, 마모량 초과"
WO-2024-00119,P1-CC1-SEG03,2024-01-23 15:16,2024-01-23 18:09,2024-01-23 20:22,BM,WER,40,Y,MT-1021,MT-D,"3호기 재발, 라이너 마모"
WO-2024-00120,P1-CR1-DCF01,2024-01-23 15:39,2024-01-23 21:32,2024-01-24 01:00,BM,ETC,207,N,MT-1024,MT-D,
WO-2024-00121,P1-CR1-WLD01,2024-01-24 01:30,2024-01-31 10:52,2024-01-31 19:18,CBM,ETC,470,Y,MT-1017,MT-C,특이사항
WO-2024-00122,P1-SM1-LFR01,2024-01-24 15:26,2024-01-24 16:30,2024-01-24 17:43,TBM,,72,N,MT-1001,MT-A,정기점검 실시
WO-2024-00123,P1-SP1-SCR02,2024-01-24 23:48,2024-01-25 04:06,2024-01-25 11:30,BM,,443,Y,MT-1013,MT-C,원인 미상
WO-2024-00124,P1-CC2-SEG03,2024-01-25 06:20,2024-01-25 08:26,2024-01-25 09:13,BM,LUB,46,N,MT-1007,MT-B,"3호기 재발, 급유 불량"
WO-2024-00125,P1-CC2-EMS01,2024-01-25 07:18,2024-01-25 08:37,2024-01-25 13:06,TBM,,269,N,MT-1009,MT-B,
WO-2024-00126,P1-CC2-SEG04,2024-01-25 14:56,2024-01-25 16:33,2024-01-25 17:32,TBM,,0,N,MT-1008,MT-B,순회점검 후속
WO-2024-00127,P1-BF2-HSV03,2024-01-25 15:37,2024-01-25 15:45,2024-01-25 17:54,TBM,,0,N,MT-1008,MT-B,정기점검 - 이상없음
WO-2024-00128,P1-CC1-PMP01,2024-01-25 18:32,2024-02-04 00:56,2024-02-04 06:16,CBM,UNB,225,N,MT-1022,MT-D,"1호기 재발, 회전체 밸런스 불량"
WO-2024-00129,P1-CC1-EMS01,2024-01-25 23:07,2024-01-26 02:08,2024-01-26 12:01,BM,ETC,395,N,MT-1021,MT-D,확인 중
WO-2024-00130,P1-CC2-PMP02,2024-01-25 23:59,2024-01-26 01:11,2024-01-26 05:38,TBM,,185,N,MT-1021,MT-D,"2호기 재발, TBM 점검"
WO-2024-00131,P1-CC2-SEG04,2024-01-26 14:58,2024-01-26 18:16,2024-01-27 03:44,BM,ETC,210,N,MT-1014,MT-C,"4호기 재발, 특이사항"
WO-2024-00132,P1-SM1-LFR01,2024-01-26 19:52,2024-01-26 20:08,2024-01-27 04:24,BM,MAL,495,N,MT-1005,MT-A,제어 이상
WO-2024-00133,P1-CC1-SEG04,2024-01-26 22:34,2024-01-26 23:35,2024-01-27 20:36,BM,SEL,800,N,MT-1002,MT-A,씰 누수
WO-2024-00134,P1-CC1-SEG03,2024-01-27 01:59,2024-01-27 02:08,2024-01-27 05:45,TBM,,0,N,MT-1011,MT-B,정기점검 - 이상없음
WO-2024-00135,P1-SP2-DCF01,2024-01-26 23:14,2024-01-27 00:34,2024-01-27 05:30,TBM,,180,N,MT-1003,MT-A,정기점검 실시
WO-2024-00136,P1-SP2-AGT01,2024-01-27 06:20,2024-01-27 09:14,2024-01-27 11:31,TBM,,0,N,MT-1022,MT-D,순회점검 후속
WO-2024-00137,P1-SM1-BOF01,2024-01-27 14:31,2024-01-27 16:29,2024-01-27 19:15,TBM,,165,N,MT-1020,MT-D,
WO-2024-00138,P1-SM1-RHD01,2024-01-27 14:40,2024-01-27 15:02,2024-01-27 18:20,TBM,,197,N,MT-1021,MT-D,점검 이상없음
WO-2024-00139,P1-CR1-PMP01,2024-01-27 18:43,2024-01-27 21:05,2024-01-28 02:03,TBM,UNB,297,N,MT-1010,MT-B,회전체 밸런스 불량
WO-2024-00140,P1-BF2-BLW01,2024-01-27 22:02,2024-01-28 00:40,2024-01-28 05:26,TBM,,240,N,MT-1010,MT-B,점검 이상없음
WO-2024-00141,P1-SM1-RHD01,2024-01-27 22:33,2024-01-28 03:46,2024-01-28 04:27,BM,,0,N,MT-1010,MT-B,확인 중
WO-2024-00142,P1-CC2-INS01,2024-01-27 23:07,2024-02-05 00:54,2024-02-05 08:44,CBM,MAL,470,Y,MT-1012,MT-B,오작동 발생
WO-2024-00143,P1-BF1-HSV03,2024-01-28 10:23,2024-01-28 15:43,2024-01-29 00:59,BM,ETC,556,N,MT-1001,MT-A,현상 재현 안됨
WO-2024-00144,P1-SP2-SCR02,2024-01-28 14:59,2024-01-28 15:31,2024-01-28 23:30,BM,MAL,479,N,MT-1001,MT-A,
WO-2024-00145,P1-CC1-SEG01,2024-01-28 15:14,2024-01-28 18:19,2024-01-29 01:24,BM,SEL,285,N,MT-1002,MT-A,씰 누수
WO-2024-00146,P1-CC2-SEG04,2024-01-29 06:03,2024-01-29 09:30,2024-01-29 11:32,BM,WER,105,Y,MT-1010,MT-B,"4호기 재발, 라이너 마모"
WO-2024-00147,P1-CC2-MLD01,2024-01-29 11:24,2024-01-29 16:55,2024-01-30 00:35,BM,WER,459,Y,MT-1011,MT-B,라이너 마모
WO-2024-00148,P1-CC1-INS01,2024-01-29 14:56,2024-01-29 20:54,2024-01-30 06:20,BM,MAL,0,N,MT-1012,MT-B,오작동 발생
WO-2024-00149,P1-SP2-AGT01,2024-01-29 23:37,2024-01-30 14:51,2024-01-30 16:51,CBM,ELE,119,N,MT-1021,MT-D,ELE 이상
WO-2024-00150,P1-SP1-EXF01,2024-01-30 03:48,2024-01-30 06:27,2024-01-30 07:22,BM,ELE,30,N,MT-1004,MT-A,"1호기 재발, 인버터 알람"
WO-2024-00151,P1-CR1-WLD01,2024-01-30 07:52,2024-02-01 22:27,2024-02-02 08:19,CBM,ELE,591,N,MT-1017,MT-C,ELE 이상
WO-2024-00152,P1-CC2-PMP01,2024-01-30 11:58,2024-01-30 17:48,2024-01-30 19:08,BM,LUB,25,N,MT-1015,MT-C,누유 확인
WO-2024-00153,P1-CR1-PKL01,2024-01-30 22:57,2024-01-31 04:36,2024-01-31 05:20,BM,SEL,44,Y,MT-1003,MT-A,
WO-2024-00154,P1-SP1-DCF02,2024-02-01 02:06,2024-02-01 02:35,2024-02-01 07:02,TBM,,266,N,MT-1018,MT-C,"2호기 재발, 월간 점검 완료"
WO-2024-00155,P1-SM1-LFR01,2024-02-01 06:36,2024-02-01 08:44,2024-02-01 12:50,BM,ELE,160,Y,MT-1006,MT-A,절연 저하
WO-2024-00156,P1-CR1-WLD01,2024-02-01 07:32,2024-02-01 11:23,2024-02-01 15:41,TBM,,258,Y,MT-1005,MT-A,TBM 점검
WO-2024-00157,P1-CC1-MLD01,2024-02-01 15:54,2024-02-01 16:56,2024-02-01 17:44,TBM,,45,N,MT-1002,MT-A,
WO-2024-00158,P1-SP1-MIX01,2024-02-01 20:21,2024-02-01 23:46,2024-02-02 00:40,TBM,,20,N,MT-1014,MT-C,"1호기 재발, TBM 점검"
WO-2024-00159,P1-CR1-WLD01,2024-02-01 23:01,2024-02-10 05:38,2024-02-10 09:40,CBM,ETC,242,N,MT-1017,MT-C,원인 미상
WO-2024-00160,P1-BF2-CAS01,2024-02-01 23:04,2024-02-02 01:09,2024-02-02 06:04,TBM,,0,N,MT-1018,MT-C,점검 이상없음
WO-2024-00161,P1-CC1-MLD01,2024-02-02 04:36,2024-02-02 10:24,2024-02-02 11:05,BM,SEL,35,N,MT-1022,MT-D,
WO-2024-00162,P1-SM1-CRN02,2024-02-02 12:22,2024-02-02 15:13,2024-02-02 16:52,TBM,,85,N,MT-1012,MT-B,월간 점검 완료
WO-2024-00163,P1-SP2-IGF01,2024-02-02 14:52,2024-02-02 15:27,2024-02-03 06:08,BM,WER,320,Y,MT-1012,MT-B,WEAR 확인
WO-2024-00164,P1-SP1-DCF02,2024-02-02 14:53,2024-02-02 18:02,2024-02-02 21:18,BM,WER,195,N,MT-1012,MT-B,마모량 초과
WO-2024-00165,P1-SP2-DCF02,2024-02-02 22:47,2024-02-02 23:52,2024-02-03 02:24,BM,SEL,55,N,MT-1019,MT-D,패킹 누설
WO-2024-00166,P1-CC1-TUN01,2024-02-03 06:18,2024-02-03 11:10,2024-02-03 14:41,BM,MAL,0,Y,MT-1015,MT-C,제어 이상
WO-2024-00167,P1-BF2-HSV01,2024-02-03 14:06,2024-02-03 17:04,2024-02-03 21:41,TBM,,276,N,MT-1013,MT-C,정기점검 - 이상없음
WO-2024-00168,P1-BF2-HSV01,2024-02-03 15:48,2024-02-03 18:23,2024-02-04 02:53,BM,WER,220,N,MT-1018,MT-C,WEAR 확인
WO-2024-00169,P1-SP1-EXF01,2024-02-03 19:41,2024-02-13 05:00,2024-02-13 12:55,CBM,,474,N,MT-1004,MT-A,
WO-2024-00170,P1-CC1-SEG04,2024-02-03 20:12,2024-02-03 23:05,2024-02-04 00:26,TBM,,81,N,MT-1006,MT-A,"4호기 재발, 정기점검 실시"
WO-2024-00171,P1-CR1-SPM01,2024-02-03 22:05,2024-02-04 01:02,2024-02-04 04:32,TBM,,0,Y,MT-1004,MT-A,
WO-2024-00172,P1-CC2-SEG02,2024-02-03 23:13,2024-02-04 03:44,2024-02-04 05:07,BM,WER,82,Y,MT-1001,MT-A,마모 진행
WO-2024-00173,P1-CC2-LDT01,2024-02-03 23:55,2024-02-04 04:32,2024-02-04 05:47,BM,WER,65,N,MT-1003,MT-A,WEAR 확인
WO-2024-00174,P1-SP1-EXF01,2024-02-04 06:57,2024-02-04 09:32,2024-02-04 13:00,TBM,,207,N,MT-1023,MT-D,월간 점검 완료
WO-2024-00175,P1-BF2-BLW01,2024-02-04 15:20,2024-02-13 07:44,2024-02-13 09:36,CBM,LUB,112,N,MT-1023,MT-D,급유 불량
WO-2024-00176,P1-SP1-CRS01,2024-02-04 19:17,2024-02-04 20:16,2024-02-04 23:38,TBM,,202,N,MT-1007,MT-B,
WO-2024-00177,P1-BF2-BLW01,2024-02-04 19:53,2024-02-04 22:02,2024-02-05 18:48,BM,LUB,470,Y,MT-1012,MT-B,급유 불량
WO-2024-00178,P1-SP1-EXF01-MTR,2024-02-05 02:30,2024-02-05 03:15,2024-02-05 04:22,TBM,,0,N,MT-1016,MT-C,계획 점검 수행
WO-2024-00179,P1-SP2-EXF01,2024-02-05 02:58,2024-02-05 04:56,2024-02-05 22:18,BM,ETC,1041,Y,MT-1018,MT-C,재점검 필요
WO-2024-00180,P1-CR1-TCM01,2024-02-05 07:41,2024-02-05 08:43,2024-02-05 12:15,TBM,,0,Y,MT-1002,MT-A,"1호기 재발, 월간 점검 완료"
WO-2024-00181,P1-CC1-PMP01,2024-02-05 08:34,2024-02-05 14:17,2024-02-06 09:25,BM,BRG,1147,N,MT-1005,MT-A,이상음 발생
WO-2024-00182,P1-BF1-PCI01,2024-02-05 12:52,2024-02-05 14:36,2024-02-05 17:59,BM,,190,N,MT-1003,MT-A,"1호기 재발, 특이사항"
WO-2024-00183,P1-SP1-BCV01,2024-02-05 22:03,2024-02-06 02:16,2024-02-06 03:33,BM,MAL,77,N,MT-1015,MT-C,동작 불량
WO-2024-00184,P1-CC2-SEG03,2024-02-05 22:17,2024-02-05 22:21,2024-02-06 02:18,TBM,,0,N,MT-1014,MT-C,
WO-2024-00185,P1-SP1-IGF01,2024-02-05 22:59,2024-02-06 02:53,2024-02-06 07:00,TBM,,246,Y,MT-1018,MT-C,점검 이상없음
WO-2024-00186,P1-BF1-PCI01,2024-02-06 00:41,2024-02-06 02:27,2024-02-06 03:20,TBM,,52,N,MT-1021,MT-D,순회점검 후속
WO-2024-00187,P1-CC2-INS01,2024-02-06 07:23,2024-02-12 19:00,2024-02-12 22:49,CBM,SEL,75,N,MT-1011,MT-B,"1호기 재발, 씰 누수"
WO-2024-00188,P1-SP2-EXF01-MTR,2024-02-06 07:37,2024-02-06 08:46,2024-02-06 10:38,TBM,,40,N,MT-1008,MT-B,순회점검 후속
WO-2024-00189,P1-CC1-LDT01,2024-02-06 07:56,2024-02-06 11:49,2024-02-06 12:54,TBM,,65,N,MT-1012,MT-B,"1호기 재발, 점검 이상없음"
WO-2024-00190,P1-CR1-RCL01,2024-02-06 14:25,2024-02-06 16:39,2024-02-06 19:01,BM,MAL,141,N,MT-1008,MT-B,인터록 작동
WO-2024-00191,P1-SP2-CLR01,2024-02-06 22:33,2024-02-07 01:53,2024-02-07 06:36,BM,ETC,282,N,MT-1024,MT-D,원인 미상
WO-2024-00192,P1-CR1-RCL01,2024-02-06 22:41,2024-02-07 00:03,2024-02-07 02:37,TBM,,154,N,MT-1024,MT-D,정기점검 실시
WO-2024-00193,P1-BF1-HSV01,2024-02-06 23:57,2024-02-07 03:01,2024-02-07 07:21,TBM,,0,Y,MT-1024,MT-D,월간 점검검 완료
WO-2024-00194,P1-SP1-BCV01,2024-02-07 01:06,2024-02-07 02:17,2024-02-07 04:30,BM,BRG,133,N,MT-1003,MT-A,BRG 이음
WO-2024-00195,P1-CR1-PMP02,2024-02-07 06:40,2024-02-07 09:23,2024-02-07 12:54,TBM,,0,N,MT-1013,MT-C,월간 점검 완료
WO-2024-00196,P1-BF2-HSV03,2024-02-07 10:45,2024-02-09 20:44,2024-02-10 06:40,CBM,MAL,0,Y,MT-1018,MT-C,
WO-2024-00197,P1-CC1-SEG04,2024-02-07 11:37,2024-02-07 16:09,2024-02-07 19:05,BM,LUB,60,N,MT-1018,MT-C,윤활유 누유
WO-2024-00198,P1-CC1-INS01,2024-02-07 14:53,2024-02-10 03:54,2024-02-10 07:47,CBM,ETC,232,N,MT-1016,MT-C,원인 미상
WO-2024-00199,P1-CC2-EMS01,2024-02-07 15:12,2024-02-07 18:48,2024-02-08 00:43,BM,SEL,354,N,MT-1013,MT-C,누수 발생
WO-2024-00200,P1-BF1-PCI01,2024-02-08 07:13,2024-02-08 09:25,2024-02-08 13:36,BM,WER,251,N,MT-1019,MT-D,마모량 초과
WO-2024-00201,P1-CC1-EMS01,2024-02-08 09:19,2024-02-08 13:16,2024-02-08 21:09,BM,SEL,200,N,MT-1022,MT-D,패킹 누설
WO-2024-00202,P1-CC1-SEG02,2024-02-08 15:10,2024-02-08 16:21,2024-02-08 19:17,TBM,,176,N,MT-1019,MT-D,  TBM 점검 
WO-2024-00203,P1-CR1-PMP03,2024-02-08 15:58,2024-02-08 18:15,2024-02-08 20:38,BM,,142,N,MT-1021,MT-D,재점검 필요
WO-2024-00204,P1-SM1-BOF01,2024-02-08 20:48,2024-02-09 02:31,2024-02-09 06:05,BM,ELE,213,N,MT-1009,MT-B,절연 저하
WO-2024-00205,P1-SP2-CRS01,2024-02-08 23:04,2024-02-09 02:26,2024-02-09 04:03,TBM,,85,N,MT-1010,MT-B,"1호기 재발, 계획 점검 수행"
WO-2024-00206,P1-CC1-INS01,2024-02-08 23:30,2024-02-09 03:22,2024-02-09 16:15,BM,SEL,705,N,MT-1012,MT-B,냉각수 누설
WO-2024-00207,P1-SM1-CRN01,2024-02-08 23:42,2024-02-09 00:46,2024-02-09 03:45,TBM,,115,N,MT-1010,MT-B,계획 점검 수행
WO-2024-00208,P1-CC1-PMP02,2024-02-09 10:19,2024-02-09 13:46,2024-02-10 02:31,BM,ELE,300,N,MT-1002,MT-A,절연 저하
WO-2024-00209,P1-SP2-MIX02,2024-02-09 14:59,2024-02-09 18:54,2024-02-09 21:17,BM,BRG,142,Y,MT-1004,MT-A,BRG소음 확인
WO-2024-00210,P1-BF2-BLW01,2024-02-09 15:09,2024-02-09 18:05,2024-02-09 19:07,BM,UNB,30,N,MT-1006,MT-A,진동 상승
WO-2024-00211,P1-CR1-CAL01,2024-02-09 15:31,2024-02-09 15:52,2024-02-09 23:22,BM,,140,N,MT-1006,MT-A,"1호기 재발, 원인 미상"
WO-2024-00212,P1-CR1-PMP01,2024-02-09 18:12,2024-02-09 21:01,2024-02-10 05:11,BM,BRG,415,N,MT-1014,MT-C,
WO-2024-00213,P1-SP1-AGT01,2024-02-09 23:09,2024-02-09 23:55,2024-02-10 02:47,TBM,,85,N,MT-1014,MT-C,월간 점검 완료
WO-2024-00214,P1-BF2-PCI01,2024-02-10 06:22,2024-02-10 09:44,2024-02-10 11:07,TBM,,82,N,MT-1008,MT-B,월간 점검 완료
WO-2024-00215,P1-CR1-PMP01,2024-02-10 06:23,2024-02-10 10:04,2024-02-10 13:47,BM,,0,Y,MT-1010,MT-B,
WO-2024-00216,P1-SP1-AGT01-MTR,2024-02-10 06:23,2024-02-19 13:37,2024-02-19 17:13,CBM,LUB,145,N,MT-1011,MT-B,"1호기 재발, 그리스 부족"
WO-2024-00217,P1-CC1-SEG01,2024-02-10 07:13,2024-02-10 08:05,2024-02-10 12:33,TBM,,145,N,MT-1007,MT-B,정기점검 실시
WO-2024-00218,P1-CR1-RCL01,2024-02-10 22:53,2024-02-11 02:30,2024-02-11 05:19,BM,LUB,140,N,MT-1021,MT-D,급유 불량
WO-2024-00219,P1-CC2-LDT01,2024-02-11 01:34,2024-02-11 06:33,2024-02-11 09:30,BM,,177,N,MT-1003,MT-A,현상 재현 안됨
WO-2024-00220,P1-CR1-CAL01,2024-02-11 07:13,2024-02-11 07:14,2024-02-11 10:32,TBM,,0,N,MT-1017,MT-C,정기점검검 - 이상없음
WO-2024-00221,P1-SP2-EXF01,2024-02-11 07:13,2024-02-12 14:13,2024-02-12 19:46,CBM,ELE,205,N,MT-1013,MT-C,  전류 불안정 
WO-2024-00222,P1-SP1-DCF01,2024-02-11 07:36,2024-02-11 09:37,2024-02-11 13:15,BM,WER,175,N,MT-1016,MT-C,표면 마모 확인
WO-2024-00223,P1-CC1-SCC01,2024-02-11 07:52,2024-02-11 11:39,2024-02-11 18:01,BM,ETC,382,N,MT-1017,MT-C,
WO-2024-00224,P1-BF1-HSV02,2024-02-11 14:31,2024-02-11 16:15,2024-02-11 19:49,TBM,,214,Y,MT-1018,MT-C,계획 점검 수행
WO-2024-00225,P1-CR1-PMP03,2024-02-11 15:19,2024-02-11 18:53,2024-02-11 22:31,TBM,ELE,218,Y,MT-1016,MT-C,ELE 이상
WO-2024-00226,P1-BF2-HSV02,2024-02-11 22:32,2024-02-11 22:42,2024-02-12 00:51,TBM,,128,Y,MT-1003,MT-A,계획 점검 수행
WO-2024-00227,P1-CR1-TCM01,2024-02-11 23:24,2024-02-16 09:08,2024-02-16 14:36,CBM,,327,N,MT-1004,MT-A,원인 미상
WO-2024-00228,P1-CR1-CRN01,2024-02-11 23:40,2024-02-12 02:38,2024-02-12 04:49,TBM,,0,N,MT-1002,MT-A,"1호기 재발, TBM 점검"
WO-2024-00229,P1-SP2-DCF02,2024-02-12 06:46,2024-02-12 08:58,2024-02-12 13:45,TBM,,286,N,MT-1019,MT-D,  정기점검 - 이상없음 
WO-2024-00230,P1-SP2-SNM01,2024-02-12 14:01,2024-02-12 15:07,2024-02-12 19:42,TBM,,274,Y,MT-1023,MT-D,"1호기 재발, TBM 점검검"
WO-2024-00231,P1-BF1-BLW01,2024-02-12 15:25,2024-02-12 17:05,2024-02-12 19:45,TBM,,65,N,MT-1020,MT-D,계획 점검 수행
WO-2024-00232,P1-SP1-MIX02,2024-02-13 06:09,2024-02-13 06:16,2024-02-13 07:57,TBM,,60,N,MT-1004,MT-A,정기점검검 실시
WO-2024-00233,P1-CC1-INS01,2024-02-13 09:25,2024-02-13 12:52,2024-02-13 16:17,TBM,,110,N,MT-1003,MT-A,순회점검 후속
WO-2024-00234,P1-CC2-MLD01,2024-02-13 10:37,2024-02-13 13:52,2024-02-13 15:36,TBM,,0,N,MT-1003,MT-A,점검 이상없음
WO-2024-00235,P1-CC1-PMP01,2024-02-13 14:08,2024-02-13 16:14,2024-02-13 19:54,TBM,,90,N,MT-1002,MT-A,TBM 점검
WO-2024-00236,P1-SP2-AGT01-MTR,2024-02-13 15:02,2024-02-13 15:51,2024-02-13 20:12,TBM,,0,N,MT-1001,MT-A,"1호기 재발, 순회점검 후속"
WO-2024-00237,P1-SM1-LFR01,2024-02-13 15:38,2024-02-13 20:21,2024-02-13 22:51,BM,WER,149,Y,MT-1002,MT-A,
WO-2024-00238,P1-SP2-CLR01,2024-02-13 15:49,2024-02-13 15:59,2024-02-13 20:26,TBM,ELE,266,N,MT-1004,MT-A,절연 저하
WO-2024-00239,P1-CR1-WLD01,2024-02-13 18:34,2024-02-19 00:21,2024-02-19 03:06,CBM,SEL,0,Y,MT-1013,MT-C,SEAL 손상
WO-2024-00240,P1-SP2-CRS01,2024-02-13 23:39,2024-02-21 17:27,2024-02-21 20:50,CBM,MAL,202,N,MT-1017,MT-C,제어 이상
WO-2024-00241,P1-SP2-DCF01,2024-02-13 21:25,2024-02-14 02:06,2024-02-14 04:36,BM,LUB,149,Y,MT-1013,MT-C,윤활유 누유
WO-2024-00242,P1-CC1-MLD01,2024-02-14 06:55,2024-02-14 08:52,2024-02-14 15:53,BM,,255,N,MT-1007,MT-B,원인 미상
WO-2024-00243,P1-CC2-INS01,2024-02-14 07:39,2024-02-14 08:31,2024-02-14 10:41,TBM,,110,N,MT-1008,MT-B,정기점검 - 이상없음
WO-2024-00244,P1-BF1-CAS01,2024-02-14 14:29,2024-02-14 17:16,2024-02-14 20:13,TBM,,120,N,MT-1008,MT-B,정기점검 실시
WO-2024-00245,P1-CC2-SCC01,2024-02-14 15:30,2024-02-14 17:44,2024-02-14 20:29,BM,UNB,0,N,MT-1012,MT-B,진동치 증가
WO-2024-00246,P1-CC2-SEG02,2024-02-14 21:00,2024-02-14 21:58,2024-02-15 01:48,TBM,,205,N,MT-1023,MT-D,"2호기 재발, 정기점검 - 이상없음"
WO-2024-00247,P1-BF1-HSV02,2024-02-14 22:41,2024-02-15 00:55,2024-02-15 04:25,BM,WER,210,Y,MT-1022,MT-D,마모 진행
WO-2024-00248,P1-CC2-PMP02,2024-02-14 22:50,2024-02-15 00:38,2024-02-15 01:28,BM,LUB,49,Y,MT-1023,MT-D,누유 확인
WO-2024-00249,P1-SP1-EXF01,2024-02-15 01:12,2024-02-18 09:55,2024-02-18 15:34,CBM,UNB,240,N,MT-1006,MT-A,"1호기 재발, 불평형 의심"
WO-2024-00250,P1-SP2-IGF01,2024-02-15 06:09,2024-02-15 06:40,2024-02-15 09:32,TBM,,171,N,MT-1016,MT-C,
WO-2024-00251,P1-BF1-HSV03,2024-02-15 14:45,2024-02-15 16:39,2024-02-15 20:44,TBM,,245,N,MT-1016,MT-C,"3호기 재발, 월간 점검 완료"
WO-2024-00252,P1-SP1-DCF01,2024-02-15 21:13,2024-02-15 22:20,2024-02-16 01:14,TBM,,0,N,MT-1003,MT-A,점검 이상없음
WO-2024-00253,P1-CC2-PMP01,2024-02-16 07:23,2024-02-16 10:16,2024-02-16 11:59,TBM,,95,N,MT-1023,MT-D,  정기점검 - 이상없음 
WO-2024-00254,P1-SP2-BCV02,2024-02-16 10:21,2024-02-16 13:22,2024-02-16 19:53,BM,ETC,0,N,MT-1021,MT-D,
WO-2024-00255,P1-BF1-BFR01,2024-02-16 14:32,2024-02-16 15:37,2024-02-16 18:31,TBM,,65,N,MT-1022,MT-D,
WO-2024-00256,P1-SP1-SNM01,2024-02-16 19:19,2024-02-16 19:37,2024-02-16 21:32,BM,ETC,115,N,MT-1009,MT-B,현상 재현 안됨
WO-2024-00257,P1-CC1-LDT01,2024-02-16 22:18,2024-02-16 23:28,2024-02-17 00:27,BM,WER,58,N,MT-1007,MT-B,표면 마모 확인
WO-2024-00258,P1-SP2-MIX02,2024-02-17 06:16,2024-02-17 09:59,2024-02-17 16:55,BM,ETC,415,N,MT-1002,MT-A,현상 재현 안됨
WO-2024-00259,P1-SM1-BOF02,2024-02-17 06:47,2024-02-17 08:01,2024-02-17 10:27,BM,ETC,135,N,MT-1002,MT-A,현상 재현 안됨
WO-2024-00260,P1-CC1-EMS01,2024-02-17 14:20,2024-02-17 15:45,2024-02-17 18:03,TBM,,0,N,MT-1006,MT-A,점검 이상없음
WO-2024-00261,P1-CR1-SPM01-MTR,2024-02-17 14:23,2024-02-17 17:46,2024-02-17 22:19,TBM,,0,Y,MT-1001,MT-A,"1호기 재발, 정기점검검 - 이상없음"
WO-2024-00262,P1-CC1-TUN01,2024-02-17 22:07,2024-02-18 00:42,2024-02-18 06:12,BM,WER,210,N,MT-1014,MT-C,WEAR 확인
WO-2024-00263,P1-SP2-MIX02,2024-02-17 22:39,2024-02-18 00:50,2024-02-18 05:05,TBM,,254,N,MT-1013,MT-C,순회점검 후속
WO-2024-00264,P1-BF2-BLW01,2024-02-17 23:14,2024-02-18 11:47,2024-02-18 18:05,CBM,MAL,378,N,MT-1018,MT-C,동작 불량
WO-2024-00265,P1-CC1-PMP02,2024-02-17 23:54,2024-02-18 03:05,2024-02-18 07:43,TBM,,277,N,MT-1013,MT-C,정기점검 실시
WO-2024-00266,P1-CR1-PKL01,2024-02-18 06:07,2024-02-18 07:36,2024-02-18 09:55,TBM,,0,N,MT-1009,MT-B,정기점검 - 이상없음
WO-2024-00267,P1-BF2-BFR01,2024-02-18 14:02,2024-02-18 17:41,2024-02-18 21:39,TBM,,185,Y,MT-1010,MT-B,순회점검 후속
WO-2024-00268,P1-SP1-AGT01-MTR,2024-02-18 14:45,2024-02-18 16:53,2024-02-18 21:52,TBM,,0,N,MT-1009,MT-B,"1호기 재발, 계획 점검 수행"
WO-2024-00269,P1-CC2-INS01,2024-02-18 14:51,2024-02-27 19:50,2024-02-28 05:41,CBM,ELE,591,N,MT-1010,MT-B,모터 과열
WO-2024-00270,P1-SP1-DCF02,2024-02-19 06:30,2024-02-19 07:07,2024-02-19 10:45,BM,SEL,80,Y,MT-1017,MT-C,누수 발생
WO-2024-00271,P1-CC1-MLD01,2024-02-19 06:51,2024-02-19 07:31,2024-02-19 08:06,BM,SEL,20,N,MT-1015,MT-C,씰 누수
WO-2024-00272,P1-SM1-BOF02,2024-02-19 07:17,2024-02-19 11:46,2024-02-19 12:47,BM,WER,40,N,MT-1014,MT-C,라이너 마모
WO-2024-00273,P1-CC2-INS01,2024-02-19 11:18,2024-02-20 13:49,2024-02-20 20:06,CBM,ELE,377,N,MT-1015,MT-C,모터 과열
WO-2024-00274,P1-CC1-INS01,2024-02-19 13:25,2024-02-21 09:10,2024-02-21 17:31,CBM,MAL,501,N,MT-1017,MT-C,동작 불량
WO-2024-00275,P1-SP1-SNM01,2024-02-19 15:09,2024-02-19 15:45,2024-02-19 20:23,TBM,,235,N,MT-1017,MT-C,TBM 점검
WO-2024-00276,P1-SM1-BOF02,2024-02-19 22:24,2024-02-20 01:15,2024-02-20 04:01,TBM,,165,N,MT-1003,MT-A,점검 이상없음
WO-2024-00277,P1-SP1-AGT01,2024-02-20 12:13,2024-02-25 20:16,2024-02-26 04:01,CBM,BRG,465,N,MT-1021,MT-D,BRG 이음
WO-2024-00278,P1-SP2-EXF01,2024-02-20 22:16,2024-02-20 23:14,2024-02-21 02:32,TBM,,155,N,MT-1007,MT-B,
WO-2024-00279,P1-CC1-EMS01,2024-02-20 23:13,2024-02-21 04:01,2024-02-21 09:39,BM,SEL,338,N,MT-1008,MT-B,
WO-2024-00280,P1-CC1-SEG02,2024-02-21 06:09,2024-02-21 07:26,2024-02-21 09:15,BM,WER,108,Y,MT-1002,MT-A,마모 진행
WO-2024-00281,P1-SP1-CLR01,2024-02-21 06:12,2024-02-21 09:55,2024-02-21 12:28,TBM,,110,N,MT-1001,MT-A,순회점검 후속
WO-2024-00282,P1-CR1-SPM01,2024-02-21 08:38,2024-02-21 14:21,2024-02-22 03:03,BM,LUB,762,N,MT-1001,MT-A,급유 불량
WO-2024-00283,P1-CC1-SCC01,2024-02-21 15:47,2024-02-21 17:11,2024-02-21 19:14,TBM,,123,N,MT-1002,MT-A,TBM 점검
WO-2024-00284,P1-SP2-AGT01-MTR,2024-02-21 15:57,2024-03-02 10:28,2024-03-02 13:00,CBM,UNB,151,N,MT-1004,MT-A,진동치 증가
WO-2024-00285,P1-SM1-RHD01,2024-02-21 16:31,2024-02-21 20:19,2024-02-21 23:32,TBM,,193,N,MT-1002,MT-A,계획 점검 수행
WO-2024-00286,P1-BF1-HSV03,2024-02-22 06:04,2024-02-22 11:04,2024-02-22 14:54,BM,ETC,140,N,MT-1012,MT-B,"3호기 재발, 확인 중"
WO-2024-00287,P1-SP2-AGT01,2024-02-22 06:05,2024-02-22 07:53,2024-02-22 10:34,TBM,,0,N,MT-1012,MT-B,정기점검 - 이상없음
WO-2024-00288,P1-CC1-TUN01,2024-02-22 15:07,2024-02-22 15:20,2024-02-22 16:06,TBM,,46,N,MT-1008,MT-B,"1호기 재발, 정기점검 - 이상없음"
WO-2024-00289,P1-CC2-SCC01,2024-02-22 14:33,2024-02-22 17:56,2024-02-22 18:47,TBM,,45,N,MT-1009,MT-B,  월간 점검 완료 
WO-2024-00290,P1-CR1-INS01,2024-02-23 05:57,2024-02-23 09:51,2024-02-23 11:01,TBM,,0,N,MT-1003,MT-A,정기점검 실시
WO-2024-00291,P1-SP2-MIX01,2024-02-23 06:38,2024-02-23 07:59,2024-02-23 09:06,TBM,,0,Y,MT-1017,MT-C,월간 점검 완료
WO-2024-00292,P1-SM1-DCF01,2024-02-23 07:24,2024-02-23 11:08,2024-02-23 12:17,TBM,,68,N,MT-1018,MT-C,  정기점검검 실시 
WO-2024-00293,P1-CC2-TUN01,2024-02-23 07:55,2024-02-23 09:29,2024-02-23 14:12,TBM,WER,282,N,MT-1014,MT-C,WEAR 확인
WO-2024-00294,P1-BF2-HSV03,2024-02-23 08:44,2024-02-23 10:56,2024-02-23 12:17,BM,ELE,80,N,MT-1016,MT-C,ELE 이상
WO-2024-00295,P1-CC1-SEG03,2024-02-23 14:58,2024-02-23 18:05,2024-02-23 19:55,TBM,WER,0,N,MT-1017,MT-C,WEAR 확인
WO-2024-00296,P1-CC1-SEG02,2024-02-24 07:26,2024-02-24 09:59,2024-02-24 15:05,BM,,160,Y,MT-1021,MT-D,특이사항
WO-2024-00297,P1-CC1-PMP01,2024-02-24 07:39,2024-02-24 08:43,2024-02-24 09:47,BM,LUB,63,N,MT-1024,MT-D,그리스 부족
WO-2024-00298,P1-CC2-INS01,2024-02-24 14:04,2024-02-24 17:47,2024-02-24 19:54,BM,MAL,60,N,MT-1024,MT-D,
WO-2024-00299,P1-SP1-CRS01,2024-02-24 14:44,2024-03-01 08:40,2024-03-01 12:03,CBM,UNB,203,N,MT-1020,MT-D,
WO-2024-00300,P1-CC2-SEG01,2024-02-24 19:50,2024-02-24 21:33,2024-02-25 01:12,TBM,,0,N,MT-1011,MT-B,정기점검검 실시
WO-2024-00301,P1-BF1-HSV03,2024-02-25 13:26,2024-02-25 19:06,2024-02-25 21:44,BM,MAL,157,N,MT-1001,MT-A,오작동 발생
WO-2024-00302,P1-CC2-SEG04,2024-02-25 15:48,2024-02-25 18:58,2024-02-25 23:57,BM,SEL,0,N,MT-1005,MT-A,  누수 발생 
WO-2024-00303,P1-CC1-SCC01,2024-02-25 16:38,2024-02-25 21:12,2024-02-25 23:58,BM,ETC,165,N,MT-1001,MT-A,"  1호기 재발, 재점검 필요 "
WO-2024-00304,P1-SP1-SNM01,2024-02-25 17:56,2024-02-25 18:28,2024-02-25 22:37,BM,MAL,0,Y,MT-1002,MT-A,오작동 발생
WO-2024-00305,P1-SM1-LFR01,2024-02-25 22:19,2024-02-26 00:21,2024-02-26 03:13,TBM,,171,Y,MT-1013,MT-C,점검 이상없음
WO-2024-00306,P1-CC1-PMP01,2024-02-26 07:34,2024-03-06 23:57,2024-03-07 06:47,CBM,LUB,409,N,MT-1007,MT-B,  오일 레벨 저하 
WO-2024-00307,P1-SP1-EXF01,2024-02-26 07:43,2024-02-26 08:15,2024-02-26 18:00,BM,UNB,0,Y,MT-1008,MT-B,진동치 증가
WO-2024-00308,P1-BF2-BLW01,2024-02-26 23:05,2024-02-27 01:39,2024-02-27 02:42,TBM,,0,N,MT-1021,MT-D,순회점검 후속
WO-2024-00309,P1-CC2-LDT01,2024-02-26 21:06,2024-02-27 00:44,2024-02-27 05:36,TBM,,185,Y,MT-1019,MT-D,월간 점검 완료
WO-2024-00310,P1-CC2-INS01,2024-02-26 23:41,2024-02-27 05:14,2024-02-27 05:54,BM,ELE,30,N,MT-1022,MT-D,모터 과열
WO-2024-00311,P1-CC1-INS01,2024-02-26 23:49,2024-02-27 02:51,2024-02-27 12:21,BM,SEL,300,N,MT-1024,MT-D,누수 발생
WO-2024-00312,P1-CC2-SEG04,2024-02-27 06:02,2024-02-27 07:43,2024-02-27 11:00,TBM,LUB,125,N,MT-1013,MT-C,
WO-2024-00313,P1-BF2-HSV03,2024-02-27 06:45,2024-02-27 09:24,2024-02-27 14:07,TBM,,283,Y,MT-1016,MT-C,TBM 점검
WO-2024-00314,P1-SM1-BOF01,2024-02-27 13:02,2024-02-27 15:09,2024-02-27 18:17,TBM,,95,Y,MT-1014,MT-C,월간 점검 완료
WO-2024-00315,P1-CC2-EMS01,2024-02-27 14:49,2024-02-27 15:48,2024-02-27 17:56,TBM,,128,Y,MT-1018,MT-C,정기점검 - 이상없음
WO-2024-00316,P1-CR1-PMP01,2024-02-27 14:54,2024-02-27 16:42,2024-02-27 19:37,TBM,,175,N,MT-1015,MT-C,계획 점검 수행
WO-2024-00317,P1-BF1-HSV02,2024-02-27 15:13,2024-02-27 18:27,2024-02-27 23:53,BM,MAL,326,N,MT-1018,MT-C,"2호기 재발, 설비 트립"
WO-2024-00318,P1-CC2-PMP02,2024-02-27 23:16,2024-02-28 02:48,2024-02-28 05:45,TBM,,0,N,MT-1006,MT-A,
WO-2024-00319,P1-SP2-DCF01,2024-02-27 23:52,2024-02-28 01:55,2024-02-28 03:59,TBM,LUB,124,N,MT-1003,MT-A,급유 불량
WO-2024-00320,P1-CC2-TUN01,2024-02-28 03:41,2024-02-28 07:13,2024-02-28 12:54,BM,ETC,340,N,MT-1012,MT-B,
WO-2024-00321,P1-SP2-DCF02,2024-02-28 15:14,2024-03-07 07:05,2024-03-07 14:48,CBM,LUB,462,Y,MT-1020,MT-D,
WO-2024-00322,P1-SP1-DCF01,2024-02-28 19:48,2024-02-28 23:19,2024-02-29 01:24,BM,LUB,124,Y,MT-1007,MT-B,
WO-2024-00323,P1-SP1-SNM01,2024-02-29 02:07,2024-02-29 03:00,2024-02-29 05:43,BM,WER,163,N,MT-1014,MT-C,라이너 마모
WO-2024-00324,P1-CR1-TCM01,2024-03-01 04:14,2024-03-01 08:06,2024-03-01 12:51,TBM,,285,N,MT-1019,MT-D,계획 점검 수행
WO-2024-00325,P1-SP2-BCV03,2024-03-01 05:25,2024-03-01 05:33,2024-03-01 06:35,TBM,,25,N,MT-1022,MT-D,
WO-2024-00326,P1-SM1-CRN02,2024-03-01 06:16,2024-03-01 07:16,2024-03-01 08:29,TBM,,25,N,MT-1009,MT-B,월간 점검 완료
WO-2024-00327,P1-CR1-PMP01,2024-03-01 07:36,2024-03-02 05:57,2024-03-02 10:13,CBM,ELE,135,N,MT-1008,MT-B,모터 과열
WO-2024-00328,P1-SP1-BCV04,2024-03-01 07:46,2024-03-01 09:12,2024-03-01 10:50,TBM,,0,N,MT-1011,MT-B,계획 점검 수행
WO-2024-00329,P1-BF1-HSV01,2024-03-01 08:42,2024-03-01 11:19,2024-03-01 13:41,TBM,,0,N,MT-1011,MT-B,
WO-2024-00330,P1-SP1-AGT01-MTR,2024-03-01 10:16,2024-03-01 12:01,2024-03-02 08:04,BM,,1115,Y,MT-1007,MT-B,  원인 미상 
WO-2024-00331,P1-SM1-CRN02,2024-03-01 15:40,2024-03-01 20:59,2024-03-02 04:38,BM,MAL,0,N,MT-1007,MT-B,오작동 발생
WO-2024-00332,P1-SP1-AGT01,2024-03-02 10:19,2024-03-04 22:22,2024-03-05 08:12,CBM,UNB,590,N,MT-1017,MT-C,
WO-2024-00333,P1-SP1-BCV01,2024-03-02 14:15,2024-03-02 16:03,2024-03-02 18:38,TBM,,0,N,MT-1017,MT-C,점검 이상없음
WO-2024-00334,P1-CR1-SPM01,2024-03-02 15:50,2024-03-02 18:08,2024-03-02 22:13,TBM,,244,N,MT-1013,MT-C,점검 이상없음
WO-2024-00335,P1-SP2-SNM01,2024-03-02 16:16,2024-03-02 16:43,2024-03-02 18:55,BM,MAL,131,N,MT-1013,MT-C,제어 이상
WO-2024-00336,P1-SP1-SCR02,2024-03-02 19:43,2024-03-03 01:35,2024-03-03 02:10,BM,MAL,35,N,MT-1002,MT-A,
WO-2024-00337,P1-SP1-EXF01,2024-03-02 22:31,2024-03-03 21:38,2024-03-04 03:56,CBM,ETC,377,N,MT-1005,MT-A,  현상 재현 안됨 
WO-2024-00338,P1-CC1-MLD01,2024-03-03 06:11,2024-03-03 07:29,2024-03-03 11:06,TBM,SEL,0,N,MT-1019,MT-D,씰 누수
WO-2024-00339,P1-CC2-SEG04,2024-03-03 06:14,2024-03-03 08:12,2024-03-03 10:44,BM,LUB,110,N,MT-1019,MT-D,그리스 부족
WO-2024-00340,P1-SP2-SNM01,2024-03-03 07:30,2024-03-03 10:52,2024-03-03 18:55,BM,WER,483,N,MT-1019,MT-D,"1호기 재발, 마모량 초과"
WO-2024-00341,P1-CC2-SEG03,2024-03-03 15:00,2024-03-03 15:19,2024-03-03 19:16,TBM,,236,N,MT-1024,MT-D,"3호기 재발, 정기점검 - 이상없음"
WO-2024-00342,P1-BF2-HSV01,2024-03-03 16:10,2024-03-03 18:53,2024-03-03 20:20,TBM,,0,Y,MT-1019,MT-D,"1호기 재발, TBM 점검"
WO-2024-00343,P1-SP2-SCR01,2024-03-04 06:07,2024-03-04 09:31,2024-03-04 11:39,TBM,,0,N,MT-1002,MT-A,정기점검 실시
WO-2024-00344,P1-SP1-MIX01,2024-03-04 06:52,2024-03-04 08:46,2024-03-04 09:40,TBM,,53,N,MT-1006,MT-A,"1호기 재발, 월간 점검 완료"
WO-2024-00345,P1-CR1-WLD01,2024-03-04 22:39,2024-03-05 02:17,2024-03-05 03:26,TBM,,50,N,MT-1018,MT-C,"1호기 재발, 정기점검 - 이상없음"
WO-2024-00346,P1-SP2-CRS01,2024-03-04 15:47,2024-03-04 19:26,2024-03-04 21:04,TBM,,50,N,MT-1004,MT-A,월간 점검 완료
WO-2024-00347,P1-SP1-SNM01,2024-03-05 03:37,2024-03-05 04:48,2024-03-05 13:21,BM,LUB,0,N,MT-1020,MT-D,
WO-2024-00348,P1-SP1-EXF01,2024-03-05 07:03,2024-03-14 16:17,2024-03-14 19:26,CBM,ETC,140,N,MT-1010,MT-B,
WO-2024-00349,P1-SP1-DCF02,2024-03-05 06:28,2024-03-05 06:53,2024-03-05 11:22,TBM,,268,N,MT-1009,MT-B,
WO-2024-00350,P1-CC1-SEG03,2024-03-05 09:25,2024-03-05 14:04,2024-03-05 16:18,BM,UNB,133,Y,MT-1008,MT-B,VIB 상승
WO-2024-00351,P1-SP1-CRS01,2024-03-05 22:06,2024-03-06 02:02,2024-03-06 05:02,TBM,,180,N,MT-1023,MT-D,정기점검 - 이상없음
WO-2024-00352,P1-BF2-CAS01,2024-03-06 06:31,2024-03-06 09:43,2024-03-06 13:04,TBM,,150,N,MT-1017,MT-C,"1호기 재발, 계획 점검 수행"
WO-2024-00353,P1-SP2-EXF01-MTR,2024-03-06 07:10,2024-03-06 10:37,2024-03-06 13:18,TBM,,0,N,MT-1014,MT-C,  점검 이상없음 
WO-2024-00354,P1-BF2-PCI01,2024-03-06 15:53,2024-03-06 16:50,2024-03-06 19:03,TBM,SEL,0,N,MT-1018,MT-C,씰 누수
WO-2024-00355,P1-BF1-HSV02,2024-03-06 20:42,2024-03-07 00:31,2024-03-07 01:34,TBM,,62,N,MT-1004,MT-A,
WO-2024-00356,P1-SP1-CRS01,2024-03-06 22:08,2024-03-08 05:40,2024-03-08 10:34,CBM,WER,175,N,MT-1003,MT-A,마모 진행
WO-2024-00357,P1-CR1-RCL01,2024-03-06 22:47,2024-03-07 00:17,2024-03-07 03:16,TBM,,0,N,MT-1003,MT-A,TBM 점검
WO-2024-00358,P1-SP1-EXF01,2024-03-06 23:13,2024-03-07 01:39,2024-03-07 06:25,TBM,,286,N,MT-1001,MT-A,
WO-2024-00359,P1-SP1-CRS01,2024-03-07 07:17,2024-03-15 20:55,2024-03-16 06:31,CBM,LUB,275,N,MT-1024,MT-D,누유 확인
WO-2024-00360,P1-CR1-PKL01,2024-03-07 15:32,2024-03-07 18:08,2024-03-07 19:58,BM,,45,N,MT-1022,MT-D,
WO-2024-00361,P1-SP1-IGF01,2024-03-07 09:38,2024-03-07 13:28,2024-03-07 16:08,TBM,,160,N,MT-1024,MT-D,
WO-2024-00362,P1-CR1-RCL01,2024-03-07 19:06,2024-03-08 00:20,2024-03-08 01:40,BM,BRG,25,N,MT-1012,MT-B,BRG 이음
WO-2024-00363,P1-BF2-HSV02,2024-03-07 23:40,2024-03-08 00:24,2024-03-08 04:48,TBM,,263,N,MT-1011,MT-B,
WO-2024-00364,P1-CR1-PMP02,2024-03-08 04:32,2024-03-08 07:42,2024-03-08 11:24,TBM,,165,N,MT-1014,MT-C,
WO-2024-00365,P1-CC1-LDT01,2024-03-08 07:59,2024-03-08 09:21,2024-03-08 10:18,TBM,,57,N,MT-1005,MT-A,정기점검 - 이상없음
WO-2024-00366,P1-SP1-EXF01-MTR,2024-03-08 08:43,2024-03-08 11:27,2024-03-08 14:14,TBM,,125,Y,MT-1006,MT-A,계획 점검 수행
WO-2024-00367,P1-CC1-SEG04,2024-03-08 15:34,2024-03-08 16:27,2024-03-08 20:19,TBM,,0,Y,MT-1001,MT-A,  월간 점검 완료 
WO-2024-00368,P1-SP1-SCR01,2024-03-08 15:37,2024-03-08 17:42,2024-03-08 19:22,TBM,MAL,75,N,MT-1005,MT-A,동작 불량
WO-2024-00369,P1-BF1-HSV03,2024-03-08 23:04,2024-03-08 23:54,2024-03-09 01:32,BM,ELE,97,N,MT-1018,MT-C,절연 저하
WO-2024-00370,P1-SP2-BCV02,2024-03-09 06:20,2024-03-09 07:50,2024-03-09 10:07,TBM,,80,N,MT-1010,MT-B,순회점검 후속
WO-2024-00371,P1-SP2-EXF01,2024-03-09 07:10,2024-03-14 00:29,2024-03-14 07:54,CBM,UNB,325,N,MT-1007,MT-B,진동치 증가
WO-2024-00372,P1-CC2-SEG02,2024-03-09 11:53,2024-03-09 15:22,2024-03-09 17:42,TBM,,140,N,MT-1009,MT-B,점검 이상없음
WO-2024-00373,P1-CC2-MLD01,2024-03-10 06:40,2024-03-10 09:22,2024-03-10 10:23,BM,SEL,61,Y,MT-1018,MT-C,
WO-2024-00374,P1-CC1-SEG01,2024-03-10 07:19,2024-03-10 10:49,2024-03-10 15:32,TBM,UNB,105,N,MT-1014,MT-C,"1호기 재발, 진동 상승"
WO-2024-00375,P1-SP2-CLR01,2024-03-10 07:45,2024-03-10 10:53,2024-03-10 12:56,TBM,,85,N,MT-1016,MT-C,TBM 점검
WO-2024-00376,P1-BF1-PCI01,2024-03-10 07:58,2024-03-10 08:35,2024-03-10 09:56,TBM,,0,N,MT-1013,MT-C,월간 점검 완료
WO-2024-00377,P1-SP1-SCR02,2024-03-10 14:00,2024-03-10 15:05,2024-03-10 19:03,TBM,,0,Y,MT-1013,MT-C,순회점검 후속
WO-2024-00378,P1-CR1-CAL01,2024-03-10 15:10,2024-03-10 15:46,2024-03-10 18:36,TBM,,169,N,MT-1014,MT-C,"1호기 재발, 정기점검 - 이상없음"
WO-2024-00379,P1-SP2-EXF01,2024-03-10 15:16,2024-03-18 06:58,2024-03-18 11:24,CBM,BRG,266,N,MT-1015,MT-C,이상음 발생
WO-2024-00380,P1-SP1-BCV03,2024-03-10 17:57,2024-03-10 20:56,2024-03-10 22:44,TBM,,108,N,MT-1018,MT-C,정기점검 실시
WO-2024-00381,P1-CC1-SEG02,2024-03-10 22:37,2024-03-10 23:21,2024-03-11 03:39,TBM,,257,N,MT-1002,MT-A,계획 점검 수행
WO-2024-00382,P1-SP2-AGT01-MTR,2024-03-10 23:30,2024-03-11 01:11,2024-03-11 02:52,TBM,,100,N,MT-1004,MT-A,점검 이상없음
WO-2024-00383,P1-CR1-PMP03,2024-03-11 06:51,2024-03-11 09:18,2024-03-11 10:24,TBM,,25,N,MT-1022,MT-D,"3호기 재발, 정기점검 실시"
WO-2024-00384,P1-SM1-CRN01,2024-03-11 08:28,2024-03-11 09:36,2024-03-11 16:16,BM,BRG,399,N,MT-1021,MT-D,"1호기 재발, 이상음 발생"
WO-2024-00385,P1-CR1-CAL01,2024-03-11 15:01,2024-03-18 23:13,2024-03-19 04:59,CBM,WER,140,N,MT-1021,MT-D,마모 진행
WO-2024-00386,P1-SM1-LFR01,2024-03-11 14:32,2024-03-11 20:31,2024-03-11 22:01,BM,WER,0,Y,MT-1020,MT-D,마모량 초과
WO-2024-00387,P1-CR1-CRN01,2024-03-11 22:12,2024-03-11 23:41,2024-03-12 02:00,TBM,,139,N,MT-1007,MT-B,정기점검 - 이상없음
WO-2024-00388,P1-BF2-HSV01,2024-03-12 06:05,2024-03-12 07:35,2024-03-12 15:53,BM,ETC,497,N,MT-1006,MT-A,현상 재현 안됨
WO-2024-00389,P1-CC1-INS01,2024-03-12 06:38,2024-03-12 07:47,2024-03-12 11:18,TBM,,0,N,MT-1002,MT-A,정기점검 실시
WO-2024-00390,P1-BF2-BFR01,2024-03-12 07:36,2024-03-12 11:26,2024-03-12 17:34,BM,MAL,175,N,MT-1006,MT-A,동작 불량
WO-2024-00391,P1-SP1-BCV02,2024-03-12 07:51,2024-03-12 10:44,2024-03-12 12:19,TBM,,95,N,MT-1001,MT-A,"2호기 재발, 점검 이상없음"
WO-2024-00392,P1-BF1-BLW01,2024-03-12 12:58,2024-03-12 14:19,2024-03-12 17:48,TBM,,208,N,MT-1006,MT-A,"1호기 재발, 점검 이상없음"
WO-2024-00393,P1-SP1-MIX02,2024-03-12 14:47,2024-03-12 17:50,2024-03-12 19:58,TBM,,0,N,MT-1005,MT-A,  순회점검 후속 
WO-2024-00394,P1-CC2-PMP01,2024-03-12 15:00,2024-03-12 15:28,2024-03-12 17:43,TBM,,60,N,MT-1002,MT-A,순회점검 후속
WO-2024-00395,P1-SP2-SNM01,2024-03-12 23:51,2024-03-13 00:48,2024-03-13 05:47,TBM,,299,N,MT-1017,MT-C,TBM 점검
WO-2024-00396,P1-CR1-TCM01,2024-03-13 06:38,2024-03-19 07:03,2024-03-19 12:47,CBM,BRG,344,Y,MT-1008,MT-B,BRG소음 확인
WO-2024-00397,P1-BF1-CAS01,2024-03-13 07:01,2024-03-13 10:47,2024-03-13 11:39,TBM,,25,Y,MT-1011,MT-B,
WO-2024-00398,P1-CC1-PMP01,2024-03-13 15:51,2024-03-13 18:00,2024-03-13 21:07,TBM,,95,N,MT-1007,MT-B,
WO-2024-00399,P1-SP2-DCF02,2024-03-13 23:04,2024-03-13 23:27,2024-03-14 04:14,TBM,,286,N,MT-1021,MT-D,
WO-2024-00400,P1-BF2-HSV03,2024-03-13 23:27,2024-03-22 06:50,2024-03-22 11:57,CBM,ETC,307,Y,MT-1020,MT-D,
WO-2024-00401,P1-SP1-AGT01,2024-03-13 23:42,2024-03-14 03:01,2024-03-14 07:37,TBM,,250,N,MT-1023,MT-D,정기점검 실시
WO-2024-00402,P1-SP1-SNM01,2024-03-14 13:07,2024-03-14 15:52,2024-03-14 19:38,TBM,,145,N,MT-1014,MT-C,정기점검 - 이상없음
WO-2024-00403,P1-SM1-CRN01,2024-03-14 13:16,2024-03-14 14:27,2024-03-14 17:30,TBM,,183,N,MT-1014,MT-C,계획 점검 수행
WO-2024-00404,P1-CR1-DCF01,2024-03-14 15:14,2024-03-14 16:17,2024-03-14 19:09,TBM,,0,N,MT-1014,MT-C,TBM 점검
WO-2024-00405,P1-SP2-CRS01,2024-03-14 15:36,2024-03-16 00:57,2024-03-16 05:09,CBM,WER,252,N,MT-1015,MT-C,마모 진행
WO-2024-00406,P1-BF1-HSV03,2024-03-15 01:52,2024-03-15 05:04,2024-03-15 07:37,TBM,,65,Y,MT-1008,MT-B,계획 점검 수행
WO-2024-00407,P1-SP1-AGT01-MTR,2024-03-15 04:06,2024-03-15 05:30,2024-03-15 11:47,TBM,,377,N,MT-1009,MT-B,SD작업 수행
WO-2024-00408,P1-SP1-DCF01,2024-03-15 06:11,2024-03-15 07:40,2024-03-15 12:14,TBM,,100,N,MT-1024,MT-D,정기수리 실시
WO-2024-00409,P1-SP1-CLR01,2024-03-15 06:23,2024-03-15 09:30,2024-03-15 10:39,TBM,,0,N,MT-1019,MT-D,
WO-2024-00410,P1-SP1-BCV02,2024-03-15 06:37,2024-03-15 08:46,2024-03-15 10:53,TBM,,0,N,MT-1024,MT-D,수리기간 중 점검
WO-2024-00411,P1-SP1-AGT01,2024-03-15 06:47,2024-03-15 08:51,2024-03-15 12:40,TBM,,0,N,MT-1023,MT-D,정기수리 실시
WO-2024-00412,P1-SP1-MIX02,2024-03-15 07:15,2024-03-15 09:15,2024-03-15 15:16,TBM,,360,N,MT-1023,MT-D,
WO-2024-00413,P1-SP1-DCF02,2024-03-15 07:57,2024-03-15 09:30,2024-03-15 11:23,TBM,,112,N,MT-1019,MT-D,"2호기 재발, SD작업 수행"
WO-2024-00414,P1-SP1-BCV04,2024-03-15 09:58,2024-03-15 10:42,2024-03-15 13:20,TBM,,158,N,MT-1022,MT-D,정기수리 실시
WO-2024-00415,P1-SP1-MIX01,2024-03-15 15:25,2024-03-15 15:37,2024-03-15 16:45,TBM,,68,N,MT-1020,MT-D,정기수리 부속작업
WO-2024-00416,P1-SP1-SCR02,2024-03-15 15:24,2024-03-15 18:06,2024-03-16 01:10,TBM,,240,N,MT-1023,MT-D,수리기간 중 점검
WO-2024-00417,P1-SP2-MIX01,2024-03-15 16:33,2024-03-15 21:27,2024-03-16 14:47,BM,,1039,N,MT-1020,MT-D,현상 재현 안됨
WO-2024-00418,P1-SP1-SNM01,2024-03-15 21:03,2024-03-15 21:16,2024-03-16 02:48,TBM,,332,N,MT-1008,MT-B,수리기간 중 점검검
WO-2024-00419,P1-SP1-CLR01,2024-03-15 22:59,2024-03-16 00:42,2024-03-16 07:24,TBM,,0,N,MT-1007,MT-B,정기수리 부속작업
WO-2024-00420,P1-CC1-SEG02,2024-03-15 23:48,2024-03-16 03:48,2024-03-16 07:18,BM,WER,210,N,MT-1011,MT-B,마모 진행
WO-2024-00421,P1-SP1-BCV03,2024-03-16 06:29,2024-03-16 08:27,2024-03-16 10:45,TBM,,85,N,MT-1006,MT-A,수리기간 중 점검
WO-2024-00422,P1-SP1-SNM01,2024-03-16 12:05,2024-03-16 14:02,2024-03-16 21:48,TBM,ELE,0,N,MT-1001,MT-A,  모터 과열 
WO-2024-00423,P1-SP1-IGF01,2024-03-16 12:07,2024-03-16 14:51,2024-03-16 19:22,TBM,,125,N,MT-1001,MT-A,수리기간 중 점검
WO-2024-00424,P1-SP1-BCV03,2024-03-16 14:36,2024-03-16 15:48,2024-03-16 16:55,TBM,,67,N,MT-1002,MT-A,SD작업 수행
WO-2024-00425,P1-SP1-EXF01-MTR,2024-03-16 14:46,2024-03-16 16:42,2024-03-16 20:29,TBM,,0,N,MT-1005,MT-A,"1호기 재발, 정기수리 실시"
WO-2024-00426,P1-CC1-SEG03,2024-03-16 14:49,2024-03-16 17:14,2024-03-16 21:35,TBM,,260,Y,MT-1003,MT-A,정기점검 - 이상없음
WO-2024-00427,P1-SP2-SCR02,2024-03-16 14:59,2024-03-16 16:10,2024-03-16 20:14,TBM,,0,N,MT-1005,MT-A,TBM 점검
WO-2024-00428,P1-SP1-MIX01,2024-03-16 20:38,2024-03-16 23:59,2024-03-17 05:03,TBM,,130,N,MT-1013,MT-C,정기수리 부속작업
WO-2024-00429,P1-SP1-DCF01,2024-03-16 23:53,2024-03-17 01:58,2024-03-17 06:43,TBM,,285,N,MT-1018,MT-C,순회점검 후속
WO-2024-00430,P1-SP1-BCV02,2024-03-17 06:22,2024-03-17 08:19,2024-03-17 14:55,TBM,LUB,320,N,MT-1012,MT-B,  오일 레벨 저하 
WO-2024-00431,P1-CC1-EMS01,2024-03-17 07:05,2024-03-17 07:37,2024-03-17 10:19,TBM,,162,N,MT-1012,MT-B,
WO-2024-00432,P1-CC2-MLD01,2024-03-17 07:09,2024-03-17 07:50,2024-03-17 08:37,TBM,,40,Y,MT-1007,MT-B,순회점검 후속
WO-2024-00433,P1-SP1-SCR02,2024-03-17 10:27,2024-03-17 14:03,2024-03-17 19:04,TBM,,225,N,MT-1012,MT-B,수리기간 중 점검
WO-2024-00434,P1-SP1-DCF02,2024-03-17 07:31,2024-03-17 10:37,2024-03-17 12:53,TBM,,100,N,MT-1009,MT-B,  정기수리 실시 
WO-2024-00435,P1-SP1-BCV03,2024-03-17 14:06,2024-03-17 14:35,2024-03-17 21:01,TBM,,260,N,MT-1007,MT-B,
WO-2024-00436,P1-SP1-BCV02,2024-03-17 11:26,2024-03-17 14:22,2024-03-17 20:40,TBM,,377,N,MT-1010,MT-B,정기수리 실시
WO-2024-00437,P1-SP1-AGT01-MTR,2024-03-17 20:35,2024-03-17 22:03,2024-03-18 03:28,TBM,,325,N,MT-1021,MT-D,"  1호기 재발, 정기수리 부속작업 "
WO-2024-00438,P1-SP1-CRS01,2024-03-17 23:31,2024-03-18 00:36,2024-03-18 07:43,TBM,,426,N,MT-1021,MT-D,정기수리 부속작업
WO-2024-00439,P1-CC1-MLD01,2024-03-18 06:54,2024-03-21 08:18,2024-03-21 13:47,CBM,WER,329,Y,MT-1018,MT-C,  마모 진행 
WO-2024-00440,P1-CC1-SCC01,2024-03-18 06:59,2024-03-18 10:46,2024-03-18 15:31,TBM,,0,N,MT-1013,MT-C,
WO-2024-00441,P1-CC2-INS01,2024-03-18 07:09,2024-03-18 09:10,2024-03-18 10:08,BM,ETC,0,N,MT-1017,MT-C,현상 재현 안됨
WO-2024-00442,P1-SP1-IGF01,2024-03-18 09:15,2024-03-18 10:16,2024-03-18 11:31,TBM,,0,N,MT-1016,MT-C,정기수리 부속작업
WO-2024-00443,P1-SP1-SCR01,2024-03-18 12:28,2024-03-18 15:51,2024-03-18 20:27,TBM,,276,N,MT-1016,MT-C,SD작업 수행
WO-2024-00444,P1-SP1-CLR01,2024-03-18 13:48,2024-03-18 14:39,2024-03-18 17:53,TBM,ELE,70,N,MT-1013,MT-C,ELE 이상
WO-2024-00445,P1-CR1-PKL01,2024-03-18 14:48,2024-03-18 15:29,2024-03-18 20:27,TBM,,297,N,MT-1015,MT-C,월간 점검 완료
WO-2024-00446,P1-SP2-MIX01,2024-03-18 15:06,2024-03-18 18:23,2024-03-18 22:26,TBM,,242,N,MT-1018,MT-C,점검 이상없음
WO-2024-00447,P1-SP2-AGT01,2024-03-18 16:02,2024-03-22 06:17,2024-03-22 15:33,CBM,LUB,500,N,MT-1016,MT-C,오일 레벨 저하
WO-2024-00448,P1-SP1-IGF01,2024-03-18 16:07,2024-03-18 17:18,2024-03-19 00:34,TBM,,0,N,MT-1014,MT-C,수리기간 중 점검
WO-2024-00449,P1-CC2-INS01,2024-03-18 17:53,2024-03-18 19:48,2024-03-18 20:40,TBM,,25,N,MT-1017,MT-C,정기점검 실시
WO-2024-00450,P1-SP1-IGF01,2024-03-18 18:45,2024-03-18 21:40,2024-03-19 01:53,TBM,,140,N,MT-1006,MT-A,정기수리 실시
WO-2024-00451,P1-SP1-EXF01-MTR,2024-03-18 20:50,2024-03-19 00:22,2024-03-19 05:55,TBM,,0,N,MT-1006,MT-A,수리기간 중 점검
WO-2024-00452,P1-SP1-CRS01,2024-03-18 22:05,2024-03-18 22:08,2024-03-18 23:30,TBM,,60,N,MT-1001,MT-A,수리기간 중 점검
WO-2024-00453,P1-SP2-IGF01,2024-03-18 22:58,2024-03-19 02:07,2024-03-19 06:31,TBM,,264,N,MT-1004,MT-A,"1호기 재발, 월간 점검 완료"
WO-2024-00454,P1-SP1-DCF01,2024-03-18 23:28,2024-03-19 00:21,2024-03-19 01:31,TBM,,0,N,MT-1001,MT-A,"1호기 재발, 정기수리 부속작업"
WO-2024-00455,P1-SP2-CRS01,2024-03-19 06:07,2024-03-19 10:40,2024-03-19 13:54,BM,LUB,193,N,MT-1020,MT-D,급유 불량
WO-2024-00456,P1-SP1-BCV03,2024-03-19 06:26,2024-03-19 08:57,2024-03-19 13:23,TBM,,0,N,MT-1021,MT-D,
WO-2024-00457,P1-SP1-EXF01,2024-03-19 07:26,2024-03-19 08:36,2024-03-19 14:22,TBM,,345,N,MT-1022,MT-D,
WO-2024-00458,P1-SP1-DCF01,2024-03-19 07:58,2024-03-19 08:47,2024-03-19 14:34,TBM,,0,N,MT-1024,MT-D,"  1호기 재발, 정기수리 실시 "
WO-2024-00459,P1-SP1-EXF01,2024-03-19 09:47,2024-03-19 10:38,2024-03-19 12:56,TBM,,137,N,MT-1022,MT-D,
WO-2024-00460,P1-SM1-BOF02,2024-03-19 08:13,2024-03-19 11:27,2024-03-19 14:44,TBM,,115,N,MT-1021,MT-D,"2호기 재발, 정기점검 - 이상없음"
WO-2024-00461,P1-SP1-IGF01,2024-03-19 14:34,2024-03-19 17:18,2024-03-19 22:30,TBM,WER,312,N,MT-1019,MT-D,"1호기 재발, 마모 진행"
WO-2024-00462,P1-CR1-SPM01-MTR,2024-03-19 14:37,2024-03-19 17:57,2024-03-19 22:01,TBM,,0,Y,MT-1021,MT-D,정기점검 실시
WO-2024-00463,P1-SP2-MIX02,2024-03-19 14:58,2024-03-19 16:31,2024-03-19 21:12,TBM,,150,N,MT-1020,MT-D,"2호기 재발, 계획 점검 수행"
WO-2024-00464,P1-CR1-SPM01,2024-03-19 15:10,2024-03-19 17:44,2024-03-20 05:43,BM,BRG,719,N,MT-1019,MT-D,BRG소음 확인
WO-2024-00465,P1-SP1-BCV01,2024-03-19 15:11,2024-03-19 17:40,2024-03-19 19:32,TBM,,111,N,MT-1024,MT-D,수리기간 중 점검
WO-2024-00466,P1-SP1-BCV04,2024-03-19 16:18,2024-03-19 16:47,2024-03-19 23:46,TBM,WER,195,N,MT-1023,MT-D,
WO-2024-00467,P1-SP1-BCV03,2024-03-19 22:09,2024-03-20 01:33,2024-03-20 08:56,TBM,,0,N,MT-1007,MT-B,
WO-2024-00468,P1-SP1-BCV01,2024-03-19 23:35,2024-03-20 01:06,2024-03-20 07:08,TBM,,362,N,MT-1011,MT-B,SD작업 수행
WO-2024-00469,P1-SP1-DCF02,2024-03-19 23:38,2024-03-20 01:01,2024-03-20 04:18,TBM,LUB,65,N,MT-1008,MT-B,윤활유 누유
WO-2024-00470,P1-SP1-EXF01-MTR,2024-03-20 01:33,2024-03-20 01:45,2024-03-20 08:42,TBM,BRG,0,N,MT-1018,MT-C,
WO-2024-00471,P1-SP1-BCV04,2024-03-19 23:49,2024-03-20 03:46,2024-03-20 07:51,TBM,,245,N,MT-1008,MT-B,"4호기 재발, 수리기간 중 점검"
WO-2024-00472,P1-SP1-BCV04,2024-03-20 06:15,2024-03-20 07:00,2024-03-20 11:51,TBM,,0,N,MT-1004,MT-A,정기수리 실시
WO-2024-00473,P1-CC2-LDT01,2024-03-20 07:03,2024-03-20 12:32,2024-03-20 16:35,BM,SEL,242,N,MT-1001,MT-A,냉각수 누설
WO-2024-00474,P1-SP1-EXF01-MTR,2024-03-20 07:36,2024-03-20 08:24,2024-03-20 14:50,TBM,,165,N,MT-1006,MT-A,
WO-2024-00475,P1-SP1-BCV04,2024-03-20 08:03,2024-03-20 10:25,2024-03-20 17:18,TBM,,412,N,MT-1006,MT-A,수리기간 중 점검
WO-2024-00476,P1-BF2-BLW01,2024-03-20 09:48,2024-03-20 10:35,2024-03-20 13:50,BM,UNB,0,N,MT-1002,MT-A,회전체 밸런스 불량
WO-2024-00477,P1-SP2-AGT01,2024-03-20 12:23,2024-03-30 07:11,2024-03-30 08:56,CBM,,35,N,MT-1002,MT-A,확인 중
WO-2024-00478,P1-CC2-SCC01,2024-03-20 14:59,2024-03-20 15:23,2024-03-20 16:26,TBM,,0,Y,MT-1002,MT-A,TBM 점검
WO-2024-00479,P1-CC2-TUN01,2024-03-20 15:38,2024-03-20 19:11,2024-03-20 23:11,TBM,,239,N,MT-1001,MT-A,정기점검검 - 이상없음
WO-2024-00480,P1-SP1-AGT01-MTR,2024-03-20 15:57,2024-03-20 18:07,2024-03-20 19:23,TBM,,0,N,MT-1002,MT-A,TBM 점검검
WO-2024-00481,P1-SP1-BCV01,2024-03-20 22:29,2024-03-20 23:49,2024-03-21 07:09,TBM,,439,N,MT-1018,MT-C,"1호기 재발, 정기수리 실시"
WO-2024-00482,P1-SP1-EXF01,2024-03-20 22:43,2024-03-21 00:57,2024-03-21 05:45,TBM,,0,N,MT-1016,MT-C,SD작업 수행
WO-2024-00483,P1-SP1-DCF01,2024-03-20 23:25,2024-03-21 00:04,2024-03-21 07:55,TBM,,470,N,MT-1018,MT-C,SD작업 수행
WO-2024-00484,P1-BF2-BLW01,2024-03-21 01:12,2024-03-21 04:28,2024-03-22 01:01,BM,BRG,525,N,MT-1020,MT-D,이상음 발생
WO-2024-00485,P1-SP2-EXF01,2024-03-21 06:56,2024-03-21 08:27,2024-03-21 11:50,TBM,,75,Y,MT-1011,MT-B,계획 점검 수행
WO-2024-00486,P1-SP1-MIX02,2024-03-21 08:24,2024-03-21 12:12,2024-03-21 16:36,TBM,,264,N,MT-1009,MT-B,정기수리 실시
WO-2024-00487,P1-SP1-CRS01,2024-03-21 14:25,2024-03-21 15:28,2024-03-21 23:25,TBM,,477,N,MT-1010,MT-B,"  1호기 재발, 정기수리 부속작업 "
WO-2024-00488,P1-SP1-BCV01,2024-03-21 15:39,2024-03-21 15:53,2024-03-21 23:28,TBM,,455,N,MT-1009,MT-B,수리기간 중 점검
WO-2024-00489,P1-BF1-BFR01,2024-03-21 15:46,2024-03-21 19:18,2024-03-21 23:18,TBM,,0,N,MT-1010,MT-B,정기점검 실시
WO-2024-00490,P1-SP1-CRS01,2024-03-21 18:44,2024-03-21 20:26,2024-03-21 23:10,TBM,,164,N,MT-1023,MT-D,SD작업 수행
WO-2024-00491,P1-SP1-SNM01,2024-03-21 18:12,2024-03-21 21:33,2024-03-22 00:11,TBM,,65,N,MT-1019,MT-D,
WO-2024-00492,P1-CC2-SEG04,2024-03-22 07:00,2024-03-22 10:08,2024-03-22 11:40,TBM,,55,N,MT-1018,MT-C,
WO-2024-00493,P1-BF1-BFR01,2024-03-22 07:32,2024-03-22 11:36,2024-03-22 14:53,BM,UNB,0,Y,MT-1018,MT-C,회전체 밸런스 불량
WO-2024-00494,P1-SP1-MIX01,2024-03-22 08:23,2024-03-22 10:33,2024-03-22 11:53,TBM,,70,N,MT-1016,MT-C,"  1호기 재발, 정기수리 실시 "
WO-2024-00495,P1-SP1-MIX01,2024-03-22 14:58,2024-03-22 16:54,2024-03-22 23:28,TBM,,260,Y,MT-1015,MT-C,
WO-2024-00496,P1-SP1-EXF01,2024-03-22 19:52,2024-03-22 20:34,2024-03-23 02:03,TBM,,0,N,MT-1005,MT-A,수리기간 중 점검
WO-2024-00497,P1-BF2-BFR01,2024-03-22 22:02,2024-03-22 22:30,2024-03-23 00:26,TBM,,0,N,MT-1004,MT-A,계획 점검 수행
WO-2024-00498,P1-SP1-SCR01,2024-03-22 22:06,2024-03-22 23:47,2024-03-23 02:46,TBM,,179,N,MT-1006,MT-A,수리기간 중 점검
WO-2024-00499,P1-CR1-CRN01,2024-03-22 22:56,2024-03-23 00:25,2024-03-23 10:30,BM,WER,315,N,MT-1006,MT-A,WEAR 확인
WO-2024-00500,P1-CC1-PMP02,2024-03-22 23:02,2024-03-23 01:27,2024-03-23 05:20,TBM,,195,N,MT-1004,MT-A,"2호기 재발, 순회점검 후속"
WO-2024-00501,P1-SP1-AGT01,2024-03-22 23:04,2024-03-23 01:02,2024-03-23 06:28,TBM,,155,N,MT-1003,MT-A,수리기간 중 점검
WO-2024-00502,P1-SP1-EXF01-MTR,2024-03-22 23:47,2024-03-23 00:22,2024-03-23 06:19,TBM,,115,N,MT-1005,MT-A,"1호기 재발, SD작업 수행"
WO-2024-00503,P1-SP2-BCV01,2024-03-23 07:58,2024-03-23 08:59,2024-03-23 13:12,TBM,,253,N,MT-1023,MT-D,
WO-2024-00504,P1-SM1-BOF01,2024-03-23 10:57,2024-03-23 14:18,2024-03-23 15:03,TBM,,45,Y,MT-1021,MT-D,점검 이상없음
WO-2024-00505,P1-SM1-DCF01,2024-03-24 06:12,2024-03-24 08:05,2024-03-24 10:32,TBM,,0,Y,MT-1005,MT-A,정기점검 - 이상없음
WO-2024-00506,P1-CR1-WLD01,2024-03-24 07:47,2024-04-03 00:34,2024-04-03 08:21,CBM,SEL,466,N,MT-1001,MT-A,"1호기 재발, 누수 발생"
WO-2024-00507,P1-CC2-INS01,2024-03-24 08:28,2024-03-27 18:12,2024-03-28 02:03,CBM,SEL,470,N,MT-1005,MT-A,누수 발생
WO-2024-00508,P1-CR1-CAL01,2024-03-24 14:59,2024-03-24 15:56,2024-03-24 23:36,BM,ELE,150,Y,MT-1005,MT-A,인버터 알람
WO-2024-00509,P1-SP1-EXF01,2024-03-24 15:50,2024-03-28 07:30,2024-03-28 10:31,CBM,BRG,180,N,MT-1001,MT-A,베어링 이상음
WO-2024-00510,P1-SM1-LFR01,2024-03-24 15:55,2024-03-24 17:46,2024-03-24 22:06,TBM,,259,N,MT-1004,MT-A,계획 점검 수행
WO-2024-00511,P1-BF2-PCI01,2024-03-24 22:08,2024-03-25 02:18,2024-03-25 20:53,BM,SEL,1115,N,MT-1016,MT-C,패킹 누설
WO-2024-00512,P1-CC2-EMS01,2024-03-24 22:27,2024-03-25 02:02,2024-03-25 06:38,TBM,,0,N,MT-1014,MT-C,  계획 점검 수행 
WO-2024-00513,P1-SP2-BCV04,2024-03-24 23:38,2024-03-25 02:02,2024-03-25 06:23,TBM,,261,N,MT-1014,MT-C,
WO-2024-00514,P1-SM1-RHD01,2024-03-25 06:11,2024-03-25 09:06,2024-03-25 10:36,TBM,,75,N,MT-1009,MT-B,
WO-2024-00515,P1-CC1-LDT01,2024-03-25 06:13,2024-03-25 06:37,2024-03-25 21:05,BM,SEL,575,N,MT-1010,MT-B,씰 누수
WO-2024-00516,P1-CR1-PMP01,2024-03-25 06:19,2024-03-25 07:56,2024-03-25 11:52,TBM,,235,N,MT-1009,MT-B,계획 점검 수행
WO-2024-00517,P1-CC2-SEG01,2024-03-25 12:56,2024-03-25 14:53,2024-03-25 17:38,TBM,,165,N,MT-1010,MT-B,월간 점검 완료
WO-2024-00518,P1-SP1-AGT01-MTR,2024-03-25 14:31,2024-03-25 19:01,2024-03-26 00:05,BM,BRG,120,N,MT-1009,MT-B,
WO-2024-00519,P1-CR1-INS01,2024-03-25 14:55,2024-03-25 16:58,2024-03-25 19:14,TBM,,136,N,MT-1010,MT-B,"1호기 재발, 순회점검 후속"
WO-2024-00520,P1-BF2-HSV02,2024-03-25 15:44,2024-03-25 16:52,2024-03-25 22:15,BM,WER,165,N,MT-1007,MT-B,
WO-2024-00521,P1-SP1-CRS01,2024-03-25 18:47,2024-03-25 20:28,2024-03-26 16:05,BM,LUB,1177,N,MT-1021,MT-D,누유 확인
WO-2024-00522,P1-SP2-AGT01,2024-03-25 22:06,2024-03-25 23:06,2024-03-26 02:02,TBM,,80,N,MT-1021,MT-D,점검 이상없음
WO-2024-00523,P1-BF2-BLW01,2024-03-25 23:37,2024-03-26 00:14,2024-03-26 04:55,TBM,,0,N,MT-1020,MT-D,"1호기 재발, 정기점검 - 이상없음"
WO-2024-00524,P1-CC1-TUN01,2024-03-26 01:55,2024-03-26 02:30,2024-03-26 05:13,TBM,WER,163,N,MT-1006,MT-A,라이너 마모
WO-2024-00525,P1-CC2-LDT01,2024-03-26 06:34,2024-03-26 11:23,2024-03-26 19:37,BM,LUB,493,N,MT-1013,MT-C,윤활유 누유
WO-2024-00526,P1-CC2-EMS01,2024-03-26 06:54,2024-03-26 12:41,2024-03-26 15:46,BM,,184,N,MT-1015,MT-C,재점검 필요
WO-2024-00527,P1-CR1-FAN02,2024-03-26 07:26,2024-03-26 11:25,2024-03-26 15:16,TBM,BRG,180,N,MT-1013,MT-C,
WO-2024-00528,P1-BF2-PCI01,2024-03-26 07:45,2024-03-26 08:31,2024-03-26 11:29,BM,WER,55,N,MT-1018,MT-C,
WO-2024-00529,P1-SP2-DCF01,2024-03-26 15:26,2024-03-26 19:12,2024-03-27 00:01,TBM,,230,N,MT-1017,MT-C,정기점검 실시
WO-2024-00530,P1-BF2-HSV03,2024-03-27 06:40,2024-03-27 06:42,2024-03-27 09:50,TBM,,0,N,MT-1020,MT-D,순회점검 후속
WO-2024-00531,P1-CC2-LDT01,2024-03-27 06:41,2024-03-27 09:28,2024-03-27 13:21,TBM,WER,85,Y,MT-1021,MT-D,마모량 초과
WO-2024-00532,P1-CC2-SEG03,2024-03-27 07:17,2024-03-27 10:13,2024-03-27 12:22,BM,LUB,129,N,MT-1024,MT-D,윤활유 누유
WO-2024-00533,P1-CR1-TCM01,2024-03-27 13:04,2024-03-27 17:00,2024-03-28 14:54,BM,MAL,1314,N,MT-1023,MT-D,동작 불량
WO-2024-00534,P1-CR1-INS01,2024-03-27 14:48,2024-03-27 15:39,2024-03-28 03:00,BM,SEL,681,N,MT-1019,MT-D,
WO-2024-00535,P1-CC1-SEG03,2024-03-27 15:01,2024-03-27 17:10,2024-03-27 21:20,TBM,,249,N,MT-1021,MT-D,월간 점검 완료
WO-2024-00536,P1-CR1-FAN01,2024-03-27 15:24,2024-03-27 17:48,2024-03-27 22:03,TBM,,254,N,MT-1022,MT-D,TBM 점검
WO-2024-00537,P1-CC2-PMP02,2024-03-27 21:40,2024-03-27 23:27,2024-03-28 00:56,TBM,,89,Y,MT-1008,MT-B,TBM 점검
WO-2024-00538,P1-CR1-CRN01,2024-03-27 23:38,2024-03-28 03:59,2024-03-28 05:05,BM,ETC,35,N,MT-1009,MT-B,특이사항
WO-2024-00539,P1-CR1-PKL01,2024-03-28 18:32,2024-03-28 20:11,2024-03-29 01:50,BM,WER,338,N,MT-1016,MT-C,표면 마모 확인
WO-2024-00540,P1-CR1-WLD01,2024-03-28 21:29,2024-04-06 01:15,2024-04-06 06:38,CBM,SEL,323,N,MT-1016,MT-C,냉각수 누설
WO-2024-00541,P1-CC2-MLD01,2024-03-29 13:46,2024-03-29 14:50,2024-03-30 04:37,BM,SEL,827,Y,MT-1008,MT-B,냉각수 누설
WO-2024-00542,P1-CR1-TCM01,2024-03-29 14:01,2024-04-08 01:33,2024-04-08 04:23,CBM,,170,N,MT-1009,MT-B,특이사항
WO-2024-00543,P1-SP1-SCR02,2024-03-30 06:48,2024-03-30 12:13,2024-03-30 22:43,BM,,630,N,MT-1013,MT-C,현상 재현 안됨
WO-2024-00544,P1-SP1-BCV01,2024-03-30 07:06,2024-03-30 07:19,2024-03-30 08:32,BM,ETC,45,Y,MT-1015,MT-C,재점검 필요
WO-2024-00545,P1-CR1-WLD01,2024-03-30 14:48,2024-03-30 16:32,2024-03-30 21:00,BM,ETC,267,N,MT-1016,MT-C,
WO-2024-00546,P1-CR1-INS01,2024-03-30 19:59,2024-03-30 22:48,2024-03-31 01:50,BM,SEL,115,N,MT-1005,MT-A,"1호기 재발, 씰 누수"
WO-2024-00547,P1-CC1-INS01,2024-03-30 22:12,2024-03-30 23:50,2024-03-31 00:44,BM,ELE,54,N,MT-1003,MT-A,ELE 이상
WO-2024-00548,P1-BF1-HSV01,2024-03-31 06:21,2024-03-31 08:37,2024-04-01 04:45,BM,,1208,N,MT-1023,MT-D,확인 중
WO-2024-00549,P1-SP1-EXF01,2024-03-31 07:59,2024-03-31 12:04,2024-03-31 12:52,BM,BRG,48,N,MT-1022,MT-D,
WO-2024-00550,P1-BF1-HSV02,2024-03-31 14:57,2024-03-31 17:24,2024-03-31 21:03,BM,,90,N,MT-1023,MT-D,현상 재현 안됨
WO-2024-00551,P1-CC1-INS01,2024-04-02 00:31,2024-04-07 18:44,2024-04-08 04:39,CBM,ELE,595,N,MT-1022,MT-D,전류 불안정
WO-2024-00552,P1-CC2-INS01,2024-04-02 07:02,2024-04-04 00:39,2024-04-04 06:29,CBM,MAL,350,N,MT-1008,MT-B,동작 불량
WO-2024-00553,P1-SM1-CRN02,2024-04-02 09:49,2024-04-02 11:24,2024-04-02 12:52,TBM,,40,N,MT-1008,MT-B,계획 점검 수행
WO-2024-00554,P1-CC1-PMP01,2024-04-02 15:01,2024-04-02 16:44,2024-04-02 19:07,BM,,142,N,MT-1010,MT-B,특이사항
WO-2024-00555,P1-CC2-SEG03,2024-04-02 20:17,2024-04-02 21:30,2024-04-03 06:45,BM,ETC,555,N,MT-1022,MT-D,원인 미상
WO-2024-00556,P1-SP1-MIX01,2024-04-02 22:53,2024-04-02 23:54,2024-04-03 01:57,TBM,,0,N,MT-1022,MT-D,계획 점검 수행
WO-2024-00557,P1-CR1-TCM01,2024-04-03 02:17,2024-04-03 07:46,2024-04-04 02:58,BM,BRG,1152,N,MT-1003,MT-A,
WO-2024-00558,P1-SP1-DCF02,2024-04-03 06:02,2024-04-03 06:36,2024-04-03 11:36,TBM,,225,Y,MT-1017,MT-C,순회점검 후속
WO-2024-00559,P1-CC1-MLD01,2024-04-03 14:12,2024-04-03 16:59,2024-04-03 18:36,TBM,,80,Y,MT-1013,MT-C,  순회점검 후속 
WO-2024-00560,P1-BF2-HSV01,2024-04-03 06:03,2024-04-03 06:23,2024-04-03 10:23,BM,WER,215,N,MT-1014,MT-C,라이너 마모
WO-2024-00561,P1-CR1-SPM01,2024-04-03 14:05,2024-04-03 17:23,2024-04-03 18:43,TBM,,45,N,MT-1018,MT-C,점검 이상없음
WO-2024-00562,P1-CR1-RCL01,2024-04-03 14:39,2024-04-03 18:18,2024-04-03 23:05,TBM,,125,N,MT-1014,MT-C,점검 이상없음
WO-2024-00563,P1-SP1-CRS01,2024-04-04 14:41,2024-04-04 14:52,2024-04-04 19:30,TBM,,125,N,MT-1022,MT-D,계획 점검 수행
WO-2024-00564,P1-SP1-IGF01,2024-04-04 15:47,2024-04-04 19:00,2024-04-04 23:32,TBM,,115,N,MT-1023,MT-D,
WO-2024-00565,P1-SP1-EXF01,2024-04-04 22:49,2024-04-04 22:55,2024-04-05 01:46,TBM,ELE,0,N,MT-1012,MT-B,절연 저하
WO-2024-00566,P1-SM1-BOF02,2024-04-05 01:02,2024-04-05 02:11,2024-04-05 05:03,BM,ELE,60,Y,MT-1017,MT-C,ELE 이상
WO-2024-00567,P1-CR1-WLD01,2024-04-05 06:45,2024-04-05 08:46,2024-04-05 12:26,TBM,,220,N,MT-1001,MT-A,월간 점검 완료
WO-2024-00568,P1-CR1-TCM01,2024-04-05 06:56,2024-04-05 08:25,2024-04-05 11:44,TBM,,160,Y,MT-1003,MT-A,  계획 점검 수행 
WO-2024-00569,P1-BF2-HSV01,2024-04-05 19:30,2024-04-05 21:28,2024-04-06 00:28,TBM,,80,N,MT-1018,MT-C,TBM 점검
WO-2024-00570,P1-BF1-HSV02,2024-04-05 22:01,2024-04-05 23:29,2024-04-06 03:52,TBM,,262,N,MT-1015,MT-C,"  2호기 재발, 정기점검검 실시 "
WO-2024-00571,P1-CC1-EMS01,2024-04-05 22:20,2024-04-06 01:50,2024-04-06 07:07,BM,MAL,317,N,MT-1014,MT-C,동작 불량
WO-2024-00572,P1-CC1-SEG04,2024-04-05 22:36,2024-04-06 00:56,2024-04-06 02:15,TBM,,40,N,MT-1013,MT-C,"4호기 재발, 순회점검 후속"
WO-2024-00573,P1-BF1-HSV01,2024-04-05 23:54,2024-04-06 03:41,2024-04-06 06:59,TBM,,197,N,MT-1016,MT-C,순회점검 후속
WO-2024-00574,P1-CC1-LDT01,2024-04-06 03:43,2024-04-06 07:37,2024-04-06 11:44,TBM,,0,N,MT-1020,MT-D,"1호기 재발, 순회점검 후속"
WO-2024-00575,P1-CC2-SEG03,2024-04-06 07:26,2024-04-06 09:44,2024-04-06 12:49,TBM,,0,Y,MT-1012,MT-B,점검 이상없음
WO-2024-00576,P1-BF2-CAS01,2024-04-06 07:32,2024-04-06 11:00,2024-04-06 14:14,TBM,,85,N,MT-1010,MT-B,"1호기 재발, 정기점검 실시"
WO-2024-00577,P1-CR1-SPM01,2024-04-06 09:53,2024-04-06 10:18,2024-04-06 14:29,BM,LUB,95,N,MT-1012,MT-B,누유 확인
WO-2024-00578,P1-SP2-CRS01,2024-04-06 10:02,2024-04-06 11:43,2024-04-06 15:02,BM,LUB,80,N,MT-1012,MT-B,급유 불량
WO-2024-00579,P1-BF1-BLW01,2024-04-06 14:39,2024-04-06 15:37,2024-04-06 18:31,TBM,,0,N,MT-1011,MT-B,TBM 점검
WO-2024-00580,P1-SP2-EXF01-MTR,2024-04-06 15:53,2024-04-06 18:50,2024-04-06 23:33,TBM,,155,Y,MT-1009,MT-B,월간 점검 완료
WO-2024-00581,P1-SP1-EXF01,2024-04-06 18:30,2024-04-06 22:32,2024-04-07 00:08,BM,MAL,60,N,MT-1020,MT-D,동작 불량
WO-2024-00582,P1-CR1-PMP01,2024-04-06 21:28,2024-04-06 21:55,2024-04-07 00:31,BM,UNB,130,Y,MT-1020,MT-D,불평형 의심
WO-2024-00583,P1-BF2-PCI01,2024-04-07 06:10,2024-04-07 06:29,2024-04-07 09:11,TBM,,161,Y,MT-1016,MT-C,"1호기 재발, 정기점검 - 이상없음"
WO-2024-00584,P1-SP2-CRS01,2024-04-07 06:45,2024-04-07 09:10,2024-04-07 12:47,TBM,,217,N,MT-1017,MT-C,정기점검 - 이상없음
WO-2024-00585,P1-CR1-CRN01,2024-04-07 07:54,2024-04-07 11:00,2024-04-07 11:59,TBM,WER,59,N,MT-1016,MT-C,마모 진행
WO-2024-00586,P1-BF1-CAS01,2024-04-07 14:39,2024-04-07 16:40,2024-04-07 22:21,BM,WER,340,N,MT-1018,MT-C,"1호기 재발, WEAR 확인"
WO-2024-00587,P1-CR1-PMP02,2024-04-07 15:34,2024-04-07 18:04,2024-04-07 19:52,TBM,,107,N,MT-1014,MT-C,정기점검 - 이상없음
WO-2024-00588,P1-CR1-PMP03,2024-04-07 19:16,2024-04-07 20:24,2024-04-08 00:25,TBM,,165,N,MT-1006,MT-A,TBM 점검
WO-2024-00589,P1-SM1-DCF01,2024-04-07 22:45,2024-04-08 04:11,2024-04-09 02:25,BM,WER,0,Y,MT-1002,MT-A,"  1호기 재발, 라이너 마모 "
WO-2024-00590,P1-CC1-INS01,2024-04-08 06:56,2024-04-17 20:49,2024-04-18 03:59,CBM,ETC,0,N,MT-1024,MT-D,특이사항
WO-2024-00591,P1-SP1-EXF01-MTR,2024-04-07 23:01,2024-04-08 01:24,2024-04-08 05:32,TBM,,0,N,MT-1004,MT-A,"1호기 재발, 계획 점검 수행"
WO-2024-00592,P1-CC1-SEG02,2024-04-08 07:41,2024-04-08 11:13,2024-04-08 13:14,TBM,,0,N,MT-1023,MT-D,월간 점검 완료
WO-2024-00593,P1-CC2-INS01,2024-04-08 17:52,2024-04-08 19:57,2024-04-08 23:38,BM,ELE,220,N,MT-1024,MT-D,  인버터 알람 
WO-2024-00594,P1-BF1-HSV03,2024-04-09 07:07,2024-04-09 10:40,2024-04-09 12:54,TBM,,90,Y,MT-1003,MT-A,"3호기 재발, 순회점검 후속"
WO-2024-00595,P1-CC1-TUN01,2024-04-09 07:48,2024-04-09 11:58,2024-04-09 15:55,BM,ETC,237,N,MT-1006,MT-A,현상 재현 안됨
WO-2024-00596,P1-SP2-EXF01,2024-04-09 14:44,2024-04-10 03:52,2024-04-10 11:17,CBM,WER,444,N,MT-1003,MT-A,표면 마모 확인
WO-2024-00597,P1-CR1-CAL01,2024-04-09 14:55,2024-04-09 17:00,2024-04-09 19:09,TBM,,128,Y,MT-1004,MT-A,  정기점검검 - 이상없음 
WO-2024-00598,P1-BF2-HSV02,2024-04-10 06:45,2024-04-10 08:34,2024-04-10 09:21,TBM,,46,N,MT-1011,MT-B,"2호기 재발, TBM 점검"
WO-2024-00599,P1-CC2-SEG03,2024-04-10 07:01,2024-04-10 09:32,2024-04-10 13:50,BM,WER,175,N,MT-1011,MT-B,라이너 마모
WO-2024-00600,P1-SP2-SNM01,2024-04-10 15:12,2024-04-10 18:42,2024-04-10 21:56,TBM,,193,Y,MT-1010,MT-B,TBM 점검검
WO-2024-00601,P1-CR1-PMP01,2024-04-10 20:51,2024-04-18 12:12,2024-04-18 15:52,CBM,ELE,80,N,MT-1024,MT-D,
WO-2024-00602,P1-CC2-INS01,2024-04-10 22:51,2024-04-14 17:18,2024-04-14 19:44,CBM,ELE,90,N,MT-1019,MT-D,"1호기 재발, ELE 이상"
WO-2024-00603,P1-BF1-PCI01,2024-04-11 07:38,2024-04-11 09:25,2024-04-11 13:23,TBM,,165,N,MT-1016,MT-C,정기점검 - 이상없음
WO-2024-00604,P1-SP2-DCF02,2024-04-11 10:34,2024-04-11 14:33,2024-04-11 16:44,TBM,,0,Y,MT-1014,MT-C,계획 점검 수행
WO-2024-00605,P1-CR1-SPM01,2024-04-11 14:01,2024-04-16 19:01,2024-04-16 20:44,CBM,,102,Y,MT-1017,MT-C,현상 재현 안됨
WO-2024-00606,P1-CR1-WLD01,2024-04-11 14:17,2024-04-20 13:52,2024-04-20 18:17,CBM,SEL,264,Y,MT-1017,MT-C,누수 발생
WO-2024-00607,P1-SP1-AGT01,2024-04-11 15:10,2024-04-11 18:18,2024-04-11 22:31,TBM,,155,N,MT-1017,MT-C,순회점검 후속
WO-2024-00608,P1-BF1-CAS01,2024-04-11 22:49,2024-04-12 00:00,2024-04-12 02:45,TBM,,165,Y,MT-1002,MT-A,"1호기 재발, 순회점검 후속"
WO-2024-00609,P1-SP2-AGT01-MTR,2024-04-12 03:14,2024-04-12 06:37,2024-04-12 08:28,TBM,,111,N,MT-1009,MT-B,점검 이상없음
WO-2024-00610,P1-SM1-CRN02,2024-04-12 06:02,2024-04-12 07:13,2024-04-12 09:04,BM,BRG,110,N,MT-1020,MT-D,"2호기 재발, 베어링 이상음"
WO-2024-00611,P1-CC2-INS01,2024-04-12 07:45,2024-04-14 08:52,2024-04-14 14:25,CBM,ELE,300,Y,MT-1019,MT-D,전류 불안정
WO-2024-00612,P1-SM1-CRN01,2024-04-12 08:46,2024-04-12 10:52,2024-04-12 14:43,TBM,,230,N,MT-1020,MT-D,순회점검 후속
WO-2024-00613,P1-CC1-INS01,2024-04-12 14:21,2024-04-12 16:20,2024-04-12 20:22,TBM,SEL,0,N,MT-1022,MT-D,
WO-2024-00614,P1-CC1-INS01,2024-04-12 14:27,2024-04-12 18:55,2024-04-12 22:27,BM,ETC,211,N,MT-1021,MT-D,원인 미상
WO-2024-00615,P1-CC1-SEG03,2024-04-12 15:13,2024-04-12 19:10,2024-04-12 22:45,BM,SEL,130,N,MT-1024,MT-D,냉각수 누설
WO-2024-00616,P1-CR1-PKL01,2024-04-12 22:33,2024-04-13 00:00,2024-04-13 02:57,BM,SEL,177,N,MT-1012,MT-B,
WO-2024-00617,P1-SM1-RHD01,2024-04-13 02:40,2024-04-13 05:47,2024-04-13 14:58,BM,ETC,550,Y,MT-1017,MT-C,특이사항
WO-2024-00618,P1-SP1-SNM01,2024-04-13 06:23,2024-04-13 08:09,2024-04-13 13:07,TBM,ELE,0,N,MT-1003,MT-A,인버터 알람
WO-2024-00619,P1-CC2-SEG02,2024-04-13 06:03,2024-04-13 06:44,2024-04-13 07:30,TBM,,30,N,MT-1004,MT-A,
WO-2024-00620,P1-SP2-IGF01,2024-04-13 06:52,2024-04-13 08:20,2024-04-13 10:45,TBM,,55,N,MT-1005,MT-A,
WO-2024-00621,P1-SP1-MIX02,2024-04-13 12:04,2024-04-13 12:36,2024-04-13 16:45,TBM,,0,N,MT-1006,MT-A,  계획 점검 수행 
WO-2024-00622,P1-CC1-SEG01,2024-04-13 14:00,2024-04-13 19:52,2024-04-13 21:24,BM,ETC,0,Y,MT-1006,MT-A,확인 중
WO-2024-00623,P1-SP1-DCF01,2024-04-13 23:14,2024-04-14 00:53,2024-04-14 09:46,BM,,533,N,MT-1013,MT-C,재점검 필요
WO-2024-00624,P1-CC2-SEG02,2024-04-14 06:31,2024-04-14 11:43,2024-04-14 19:12,BM,LUB,275,N,MT-1009,MT-B,
WO-2024-00625,P1-CC2-PMP01,2024-04-14 06:51,2024-04-14 09:42,2024-04-14 13:10,TBM,,0,N,MT-1008,MT-B,순회점검 후속
WO-2024-00626,P1-CC1-SEG01,2024-04-14 07:09,2024-04-14 07:41,2024-04-14 08:59,TBM,,78,N,MT-1011,MT-B,정기점검 - 이상없음
WO-2024-00627,P1-CR1-CAL01,2024-04-14 15:04,2024-04-23 15:27,2024-04-23 18:29,CBM,,105,N,MT-1010,MT-B,확인 중
WO-2024-00628,P1-SP1-DCF01,2024-04-14 15:45,2024-04-14 21:39,2024-04-15 19:00,BM,,960,N,MT-1007,MT-B,재점검검 필요
WO-2024-00629,P1-CC2-MLD01,2024-04-15 01:33,2024-04-15 02:52,2024-04-15 07:29,TBM,,255,N,MT-1005,MT-A,월간 점검 완료
WO-2024-00630,P1-BF1-BFR01,2024-04-15 14:12,2024-04-15 18:05,2024-04-15 21:12,TBM,,186,N,MT-1016,MT-C,
WO-2024-00631,P1-SP2-CLR01,2024-04-15 22:14,2024-04-15 22:27,2024-04-16 02:53,TBM,,265,N,MT-1004,MT-A,월간 점검 완료
WO-2024-00632,P1-CC1-PMP02,2024-04-16 07:34,2024-04-16 11:33,2024-04-16 15:38,TBM,,245,N,MT-1019,MT-D,정기점검 - 이상없음
WO-2024-00633,P1-CR1-PKL01,2024-04-16 07:57,2024-04-16 10:02,2024-04-16 13:20,BM,WER,197,N,MT-1020,MT-D,"1호기 재발, 표면 마모 확인"
WO-2024-00634,P1-CC2-SEG02,2024-04-16 10:23,2024-04-16 11:55,2024-04-16 14:08,BM,,132,Y,MT-1024,MT-D,
WO-2024-00635,P1-CR1-SPM01-MTR,2024-04-16 22:51,2024-04-17 01:02,2024-04-17 03:43,TBM,,0,Y,MT-1008,MT-B,"1호기 재발, 월간 점검 완료"
WO-2024-00636,P1-SP1-DCF01,2024-04-16 23:08,2024-04-17 00:07,2024-04-17 03:12,TBM,,0,Y,MT-1007,MT-B,
WO-2024-00637,P1-CC2-INS01,2024-04-16 23:30,2024-04-17 02:51,2024-04-17 07:21,TBM,,165,N,MT-1012,MT-B,TBM 점검
WO-2024-00638,P1-SM1-BOF01,2024-04-16 23:46,2024-04-17 00:51,2024-04-17 10:25,BM,WER,460,N,MT-1011,MT-B,
WO-2024-00639,P1-CR1-PKL01,2024-04-17 06:43,2024-04-17 10:29,2024-04-17 11:15,TBM,,25,Y,MT-1002,MT-A,"1호기 재발, 순회점검 후속"
WO-2024-00640,P1-CC1-SCC01,2024-04-17 14:54,2024-04-17 16:36,2024-04-17 20:42,TBM,,245,N,MT-1006,MT-A,"1호기 재발, TBM 점검"
WO-2024-00641,P1-SM1-BOF02,2024-04-17 22:03,2024-04-17 23:56,2024-04-18 04:50,TBM,,294,Y,MT-1015,MT-C,"2호기 재발, 정기점검 - 이상없음"
WO-2024-00642,P1-CC1-MLD01,2024-04-17 23:16,2024-04-18 00:45,2024-04-18 05:55,BM,WER,290,Y,MT-1017,MT-C,표면 마모 확인
WO-2024-00643,P1-CC2-SCC01,2024-04-18 02:58,2024-04-18 06:03,2024-04-18 08:10,TBM,MAL,115,N,MT-1022,MT-D,동작 불량
WO-2024-00644,P1-SP1-CRS01,2024-04-18 07:34,2024-04-21 04:07,2024-04-21 08:13,CBM,MAL,246,N,MT-1007,MT-B,제어 이상
WO-2024-00645,P1-CC1-PMP01,2024-04-18 14:58,2024-04-18 17:36,2024-04-18 20:45,TBM,,189,N,MT-1009,MT-B,순회점검 후속
WO-2024-00646,P1-CC1-INS01,2024-04-18 14:04,2024-04-18 16:44,2024-04-19 12:13,BM,SEL,1168,N,MT-1009,MT-B,SEAL 손상
WO-2024-00647,P1-BF1-BFR01,2024-04-18 16:41,2024-04-18 17:31,2024-04-19 00:48,BM,MAL,437,Y,MT-1008,MT-B,"1호기 재발, 동작 불량"
WO-2024-00648,P1-SP1-MIX01,2024-04-19 06:27,2024-04-19 11:59,2024-04-19 12:43,BM,WER,40,N,MT-1015,MT-C,마모량 초과
WO-2024-00649,P1-SM1-CRN01,2024-04-19 06:50,2024-04-19 11:04,2024-04-19 18:33,BM,,0,N,MT-1017,MT-C,확인 중
WO-2024-00650,P1-SM1-DCF01,2024-04-19 14:30,2024-04-19 17:58,2024-04-19 19:22,TBM,,84,Y,MT-1018,MT-C,"1호기 재발, 계획 점검 수행"
WO-2024-00651,P1-BF1-HSV01,2024-04-19 14:45,2024-04-24 17:49,2024-04-24 20:49,CBM,ELE,180,Y,MT-1018,MT-C,절연 저하
WO-2024-00652,P1-SP2-EXF01,2024-04-19 23:13,2024-04-21 05:10,2024-04-21 10:42,CBM,BRG,210,N,MT-1003,MT-A,이상음 발생
WO-2024-00653,P1-SP2-EXF01,2024-04-20 06:40,2024-04-21 06:48,2024-04-21 10:46,CBM,,238,N,MT-1019,MT-D,  재점검 필요 
WO-2024-00654,P1-SP1-BCV04,2024-04-20 06:45,2024-04-20 11:38,2024-04-20 13:20,BM,MAL,101,N,MT-1019,MT-D,
WO-2024-00655,P1-CC2-SEG04,2024-04-20 12:21,2024-04-20 16:02,2024-04-20 20:25,BM,WER,95,N,MT-1019,MT-D,
WO-2024-00656,P1-SP1-SCR02,2024-04-20 14:46,2024-04-20 15:34,2024-04-20 18:03,BM,,148,N,MT-1022,MT-D,원인 미상
WO-2024-00657,P1-SP1-AGT01-MTR,2024-04-20 22:52,2024-04-21 01:17,2024-04-21 05:15,TBM,,238,N,MT-1010,MT-B,순회점검 후속
WO-2024-00658,P1-CR1-CAL01,2024-04-20 23:47,2024-04-23 20:04,2024-04-23 21:44,CBM,MAL,100,N,MT-1009,MT-B,설비 트립
WO-2024-00659,P1-SP2-MIX02,2024-04-21 02:16,2024-04-21 07:39,2024-04-21 08:47,BM,BRG,40,N,MT-1013,MT-C,구동측 베어링 발열
WO-2024-00660,P1-BF2-BFR01,2024-04-21 07:15,2024-04-21 08:45,2024-04-21 12:31,TBM,,75,N,MT-1001,MT-A,점검 이상없음
WO-2024-00661,P1-SP1-CLR01,2024-04-21 14:25,2024-04-21 14:58,2024-04-21 17:18,TBM,ELE,0,Y,MT-1004,MT-A,"1호기 재발, ELE 이상"
WO-2024-00662,P1-CC1-LDT01,2024-04-21 19:26,2024-04-22 01:15,2024-04-22 06:27,BM,SEL,285,Y,MT-1016,MT-C,냉각수 누설
WO-2024-00663,P1-SP2-MIX01,2024-04-21 20:21,2024-04-22 00:04,2024-04-22 02:58,TBM,,145,Y,MT-1013,MT-C,"1호기 재발, 정기점검 실시"
WO-2024-00664,P1-CR1-INS01,2024-04-21 23:13,2024-04-22 01:30,2024-04-22 03:18,TBM,ELE,55,N,MT-1013,MT-C,"1호기 재발, 모터 과열"
WO-2024-00665,P1-BF1-BLW01,2024-04-22 05:31,2024-04-22 06:15,2024-04-22 07:34,BM,LUB,78,N,MT-1022,MT-D,"1호기 재발, 급유 불량"
WO-2024-00666,P1-CC2-TUN01,2024-04-22 15:10,2024-04-22 17:33,2024-04-22 19:45,TBM,,131,N,MT-1011,MT-B,TBM 점검
WO-2024-00667,P1-SP1-DCF02,2024-04-22 22:49,2024-04-23 03:25,2024-04-23 11:09,BM,SEL,300,Y,MT-1021,MT-D,"  2호기 재발, 패킹 누설 "
WO-2024-00668,P1-CR1-CAL01,2024-04-22 22:50,2024-04-24 06:55,2024-04-24 16:38,CBM,ETC,180,N,MT-1021,MT-D,현상 재현 안됨
WO-2024-00669,P1-CC1-EMS01,2024-04-22 23:23,2024-04-23 01:35,2024-04-23 06:03,TBM,,267,Y,MT-1024,MT-D,정기점검 - 이상없음
WO-2024-00670,P1-SM1-LFR01,2024-04-23 07:10,2024-04-23 09:00,2024-04-23 10:17,TBM,,77,N,MT-1015,MT-C,계획 점검 수행
WO-2024-00671,P1-BF2-HSV02,2024-04-23 14:46,2024-04-23 18:46,2024-04-23 21:34,BM,ELE,168,N,MT-1015,MT-C,절연 저하
WO-2024-00672,P1-SP2-EXF01,2024-04-23 19:57,2024-04-23 21:00,2024-04-24 00:01,TBM,,55,Y,MT-1005,MT-A,  TBM 점검 
WO-2024-00673,P1-SP2-MIX02,2024-04-23 22:32,2024-04-23 22:59,2024-04-24 01:07,TBM,,0,N,MT-1002,MT-A,TBM 점검
WO-2024-00674,P1-SP2-DCF02,2024-04-23 23:27,2024-04-24 00:38,2024-04-24 16:08,BM,WER,930,Y,MT-1001,MT-A,
WO-2024-00675,P1-BF2-BLW01,2024-04-23 23:59,2024-04-24 01:45,2024-04-24 04:35,TBM,,0,N,MT-1004,MT-A,"1호기 재발, 정기점검 - 이상없음"
WO-2024-00676,P1-BF2-HSV03,2024-04-24 03:32,2024-04-24 06:15,2024-04-24 07:22,TBM,,0,Y,MT-1007,MT-B,"3호기 재발, 순회점검 후속"
WO-2024-00677,P1-SP1-BCV01,2024-04-24 03:57,2024-04-30 14:50,2024-04-30 21:49,CBM,BRG,215,Y,MT-1009,MT-B,BRG소음 확인
WO-2024-00678,P1-SP2-SNM01,2024-04-24 07:57,2024-04-24 12:17,2024-04-24 20:55,BM,,518,N,MT-1023,MT-D,"1호기 재발, 특이사항"
WO-2024-00679,P1-SP2-CRS01,2024-04-24 15:38,2024-04-29 11:27,2024-04-29 13:36,CBM,WER,120,N,MT-1022,MT-D,  라이너 마모 
WO-2024-00680,P1-CR1-INS01,2024-04-25 07:43,2024-04-25 08:42,2024-04-25 13:15,BM,LUB,230,N,MT-1006,MT-A,
WO-2024-00681,P1-SP2-CLR01,2024-04-25 11:11,2024-04-25 16:47,2024-04-25 19:05,BM,ETC,137,N,MT-1002,MT-A,확인 중
WO-2024-00682,P1-SM1-RHD01,2024-04-25 14:51,2024-04-25 16:25,2024-04-25 20:26,TBM,,0,Y,MT-1002,MT-A,월간 점검 완료
WO-2024-00683,P1-CC2-SEG01,2024-04-25 20:35,2024-04-25 22:14,2024-04-26 00:45,TBM,WER,150,N,MT-1016,MT-C,
WO-2024-00684,P1-CR1-PMP01,2024-04-25 22:20,2024-04-25 23:47,2024-04-26 00:36,TBM,,48,N,MT-1015,MT-C,계획 점검 수행
WO-2024-00685,P1-SP1-SCR02,2024-04-26 06:27,2024-04-26 08:40,2024-04-26 09:15,BM,,34,N,MT-1010,MT-B,"2호기 재발, 특이사항"
WO-2024-00686,P1-CC1-SEG03,2024-04-26 07:22,2024-04-26 08:32,2024-04-26 11:19,TBM,SEL,0,N,MT-1010,MT-B,  패킹 누설 
WO-2024-00687,P1-CC2-PMP02,2024-04-26 07:23,2024-04-26 09:14,2024-04-26 10:02,TBM,,47,N,MT-1011,MT-B,순회점검 후속
WO-2024-00688,P1-CR1-TCM01,2024-04-26 07:35,2024-04-27 22:30,2024-04-28 04:57,CBM,LUB,387,N,MT-1011,MT-B,"1호기 재발, 그리스 부족"
WO-2024-00689,P1-CC1-TUN01,2024-04-26 09:19,2024-04-26 11:36,2024-04-26 16:32,TBM,,150,N,MT-1007,MT-B,계획 점검 수행
WO-2024-00690,P1-SP2-DCF01,2024-04-26 23:28,2024-04-27 00:37,2024-04-27 05:26,TBM,,288,N,MT-1022,MT-D,정기점검 - 이상없음
WO-2024-00691,P1-SP2-AGT01,2024-04-27 07:01,2024-05-04 06:04,2024-05-04 13:02,CBM,ELE,418,N,MT-1013,MT-C,ELE 이상
WO-2024-00692,P1-CC2-SEG04,2024-04-27 14:05,2024-04-27 14:53,2024-04-27 18:37,TBM,WER,0,N,MT-1018,MT-C,"4호기 재발, 라이너 마모"
WO-2024-00693,P1-SP2-AGT01,2024-04-27 15:25,2024-04-27 17:06,2024-04-27 21:01,TBM,,0,Y,MT-1017,MT-C,
WO-2024-00694,P1-CC2-PMP01,2024-04-27 15:38,2024-05-03 12:04,2024-05-03 19:18,CBM,LUB,433,Y,MT-1014,MT-C,
WO-2024-00695,P1-CC2-EMS01,2024-04-27 17:32,2024-04-27 18:35,2024-04-27 19:46,TBM,,0,Y,MT-1015,MT-C,월간 점검 완료
WO-2024-00696,P1-CC2-LDT01,2024-04-27 22:51,2024-04-28 00:51,2024-04-28 01:46,TBM,,25,N,MT-1006,MT-A,
WO-2024-00697,P1-SM1-BOF01,2024-04-27 23:55,2024-04-28 02:06,2024-04-28 04:46,TBM,,85,Y,MT-1005,MT-A,  월간 점검 완료 
WO-2024-00698,P1-SP1-AGT01,2024-04-28 14:25,2024-04-28 17:12,2024-04-28 22:09,TBM,,0,Y,MT-1023,MT-D,"1호기 재발, 월간 점검 완료"
WO-2024-00699,P1-CR1-WLD01,2024-04-28 14:49,2024-04-28 16:06,2024-04-28 19:12,BM,SEL,186,N,MT-1024,MT-D,씰 누수
WO-2024-00700,P1-BF2-HSV03,2024-04-28 14:56,2024-04-28 18:40,2024-04-28 21:03,BM,ETC,143,N,MT-1020,MT-D,"3호기 재발, 재점검검 필요"
WO-2024-00701,P1-BF2-HSV02,2024-04-28 15:39,2024-04-28 20:52,2024-04-28 23:54,BM,WER,181,N,MT-1019,MT-D,표면 마모 확인
WO-2024-00702,P1-CC1-SEG03,2024-04-29 01:53,2024-04-29 03:57,2024-04-29 06:34,BM,LUB,95,N,MT-1016,MT-C,급유 불량
WO-2024-00703,P1-BF1-HSV03,2024-04-29 07:52,2024-04-29 13:27,2024-04-29 16:20,BM,MAL,172,N,MT-1006,MT-A,"3호기 재발, 제어 이상"
WO-2024-00704,P1-CC1-LDT01,2024-04-30 05:55,2024-04-30 08:59,2024-04-30 11:40,BM,,161,N,MT-1023,MT-D,특이사항
WO-2024-00705,P1-CC2-LDT01,2024-05-01 01:59,2024-05-01 03:43,2024-05-01 07:37,BM,ETC,233,N,MT-1002,MT-A,재점검 필요
WO-2024-00706,P1-CC1-MLD01,2024-05-01 04:39,2024-05-01 05:13,2024-05-01 06:22,TBM,,50,Y,MT-1003,MT-A,계획 점검 수행
WO-2024-00707,P1-CC1-SCC01,2024-05-01 22:43,2024-05-02 00:31,2024-05-02 01:43,BM,BRG,71,N,MT-1005,MT-A,이상음 발생
WO-2024-00708,P1-SP1-MIX01,2024-05-01 22:59,2024-05-01 23:55,2024-05-02 03:29,TBM,,0,N,MT-1001,MT-A,"1호기 재발, 월간 점검검 완료"
WO-2024-00709,P1-CC2-SEG03,2024-05-02 06:00,2024-05-02 08:19,2024-05-02 10:12,TBM,,0,N,MT-1020,MT-D,계획 점검 수행
WO-2024-00710,P1-CR1-SPM01,2024-05-02 06:01,2024-05-02 07:31,2024-05-02 11:08,TBM,,115,N,MT-1020,MT-D,정기점검 실시
WO-2024-00711,P1-SP2-EXF01-MTR,2024-05-02 06:13,2024-05-02 06:55,2024-05-02 07:51,TBM,,0,N,MT-1023,MT-D,점검 이상없음
WO-2024-00712,P1-CC1-SEG04,2024-05-02 07:51,2024-05-02 08:49,2024-05-02 11:50,BM,SEL,75,Y,MT-1019,MT-D,씰 누수
WO-2024-00713,P1-BF2-CAS01,2024-05-03 06:26,2024-05-03 11:23,2024-05-03 12:44,BM,WER,81,N,MT-1005,MT-A,마모 진행
WO-2024-00714,P1-SM1-BOF01,2024-05-03 12:42,2024-05-03 13:03,2024-05-04 02:11,BM,ETC,787,Y,MT-1003,MT-A,"1호기 재발, 재점검 필요"
WO-2024-00715,P1-CR1-TCM01,2024-05-03 14:46,2024-05-03 18:00,2024-05-03 22:42,TBM,,210,N,MT-1001,MT-A,정기점검 - 이상없음
WO-2024-00716,P1-SP1-BCV03,2024-05-03 20:17,2024-05-03 22:45,2024-05-04 07:23,BM,WER,518,Y,MT-1013,MT-C,"3호기 재발, WEAR 확인"
WO-2024-00717,P1-CR1-CAL01,2024-05-03 23:46,2024-05-04 04:50,2024-05-04 08:15,BM,MAL,205,N,MT-1015,MT-C,동작 불량
WO-2024-00718,P1-CR1-WLD01,2024-05-03 23:52,2024-05-04 01:58,2024-05-04 06:11,TBM,,252,N,MT-1016,MT-C,"1호기 재발, 점검검 이상없음"
WO-2024-00719,P1-SP1-EXF01-MTR,2024-05-04 07:53,2024-05-04 09:29,2024-05-04 13:02,TBM,LUB,212,N,MT-1008,MT-B,
WO-2024-00720,P1-SP1-DCF02,2024-05-05 06:27,2024-05-05 08:39,2024-05-05 10:15,TBM,,0,N,MT-1018,MT-C,월간 점검 완료
WO-2024-00721,P1-BF2-PCI01,2024-05-05 06:35,2024-05-05 10:18,2024-05-05 11:41,TBM,,83,N,MT-1015,MT-C,"  1호기 재발, 정기점검 - 이상없음 "
WO-2024-00722,P1-BF1-HSV01,2024-05-05 07:24,2024-05-05 10:40,2024-05-05 12:56,TBM,,0,Y,MT-1014,MT-C,순회점검 후속
WO-2024-00723,P1-SP1-CRS01,2024-05-05 11:32,2024-05-05 13:41,2024-05-05 16:19,TBM,,158,N,MT-1016,MT-C,"1호기 재발, 정기점검 - 이상없음"
WO-2024-00724,P1-BF1-PCI01,2024-05-05 15:48,2024-05-05 16:43,2024-05-05 19:44,TBM,WER,180,Y,MT-1013,MT-C,"1호기 재발, 마모 진행"
WO-2024-00725,P1-CR1-RCL01,2024-05-05 15:57,2024-05-05 19:45,2024-05-05 21:59,TBM,,133,N,MT-1014,MT-C,순회점검 후속
WO-2024-00726,P1-CC1-SEG02,2024-05-06 04:44,2024-05-06 05:14,2024-05-06 08:31,TBM,,170,Y,MT-1009,MT-B,정기점검 - 이상없음
WO-2024-00727,P1-CC2-PMP02,2024-05-06 05:02,2024-05-06 08:59,2024-05-06 16:53,BM,UNB,210,N,MT-1007,MT-B,회전체 밸런스 불량
WO-2024-00728,P1-SP1-EXF01,2024-05-06 06:51,2024-05-06 09:08,2024-05-06 12:16,TBM,,187,N,MT-1022,MT-D,정기점검 - 이상없음
WO-2024-00729,P1-BF2-CAS01,2024-05-06 22:09,2024-05-07 01:44,2024-05-07 05:26,TBM,,221,N,MT-1008,MT-B,  월간 점검검 완료 
WO-2024-00730,P1-SP2-CRS01,2024-05-06 07:19,2024-05-06 11:07,2024-05-06 13:01,TBM,,114,N,MT-1023,MT-D,"1호기 재발, 계획 점검 수행"
WO-2024-00731,P1-CR1-SPM01,2024-05-06 23:18,2024-05-08 12:01,2024-05-08 15:51,CBM,ETC,140,Y,MT-1007,MT-B,"1호기 재발, 현상 재현 안됨"
WO-2024-00732,P1-CR1-TCM01,2024-05-06 23:46,2024-05-13 20:24,2024-05-14 03:04,CBM,LUB,190,N,MT-1011,MT-B,
WO-2024-00733,P1-CC1-LDT01,2024-05-07 06:12,2024-05-07 09:04,2024-05-07 10:25,TBM,,81,N,MT-1006,MT-A,TBM 점검
WO-2024-00734,P1-SP1-BCV04,2024-05-07 07:27,2024-05-07 09:41,2024-05-07 12:06,BM,ETC,144,Y,MT-1001,MT-A,
WO-2024-00735,P1-SM1-LFR01,2024-05-07 07:54,2024-05-07 08:17,2024-05-07 09:42,BM,ETC,85,Y,MT-1001,MT-A,원인 미상
WO-2024-00736,P1-CC1-SEG04,2024-05-07 07:56,2024-05-07 12:58,2024-05-07 16:55,BM,SEL,90,N,MT-1006,MT-A,"  4호기 재발, 씰 누수 "
WO-2024-00737,P1-CR1-PMP03,2024-05-07 09:15,2024-05-07 11:40,2024-05-07 14:42,BM,BRG,95,N,MT-1002,MT-A,이상음 발생
WO-2024-00738,P1-SM1-CRN02,2024-05-07 13:07,2024-05-07 15:04,2024-05-07 17:27,TBM,,143,N,MT-1003,MT-A,"2호기 재발, 정기점검 - 이상없음"
WO-2024-00739,P1-SP1-IGF01,2024-05-07 14:14,2024-05-07 17:22,2024-05-07 20:45,TBM,,203,Y,MT-1003,MT-A,  월간 점검 완료 
WO-2024-00740,P1-SP1-MIX01,2024-05-07 14:32,2024-05-07 15:45,2024-05-07 18:46,BM,MAL,115,N,MT-1002,MT-A,"1호기 재발, 설비 트립"
WO-2024-00741,P1-BF2-CAS01,2024-05-07 14:59,2024-05-07 19:44,2024-05-08 01:59,BM,ETC,0,N,MT-1001,MT-A,확인 중
WO-2024-00742,P1-SM1-BOF02,2024-05-07 15:15,2024-05-07 21:02,2024-05-08 19:55,BM,WER,1373,N,MT-1004,MT-A,"2호기 재발, 표면 마모 확인"
WO-2024-00743,P1-CC1-SEG04,2024-05-07 15:31,2024-05-07 17:31,2024-05-07 21:08,TBM,,190,N,MT-1004,MT-A,"4호기 재발, 계획 점검 수행"
WO-2024-00744,P1-SM1-CRN01,2024-05-07 15:48,2024-05-07 21:24,2024-05-08 15:33,BM,,1088,N,MT-1006,MT-A,현상 재현 안됨
WO-2024-00745,P1-CR1-CRN01,2024-05-07 22:04,2024-05-08 01:10,2024-05-08 06:02,TBM,,291,N,MT-1017,MT-C,정기점검 - 이상없음
WO-2024-00746,P1-CC2-SEG04,2024-05-08 06:05,2024-05-08 06:46,2024-05-08 08:11,TBM,,85,Y,MT-1009,MT-B,월간 점검 완료
WO-2024-00747,P1-CR1-CAL01,2024-05-08 07:53,2024-05-08 11:38,2024-05-08 12:30,TBM,ELE,0,N,MT-1010,MT-B,
WO-2024-00748,P1-CR1-PMP02,2024-05-08 08:54,2024-05-08 12:34,2024-05-08 17:04,TBM,ELE,255,N,MT-1011,MT-B,절연 저하
WO-2024-00749,P1-BF2-HSV01,2024-05-08 14:41,2024-05-08 17:03,2024-05-08 20:31,TBM,,207,Y,MT-1011,MT-B,"1호기 재발, 정기점검 실시"
WO-2024-00750,P1-BF1-HSV02,2024-05-08 15:27,2024-05-08 16:57,2024-05-08 21:25,TBM,,267,Y,MT-1011,MT-B,TBM 점검
WO-2024-00751,P1-BF2-HSV02,2024-05-09 06:44,2024-05-09 07:55,2024-05-09 11:14,BM,ELE,100,N,MT-1015,MT-C,전류 불안정
WO-2024-00752,P1-BF1-BLW01,2024-05-09 15:06,2024-05-09 18:06,2024-05-09 19:15,TBM,,68,N,MT-1013,MT-C,계획 점검 수행
WO-2024-00753,P1-CC1-SEG04,2024-05-09 18:23,2024-05-09 22:56,2024-05-10 10:56,BM,LUB,720,N,MT-1001,MT-A,누유 확인
WO-2024-00754,P1-SP2-IGF01,2024-05-10 02:47,2024-05-10 04:27,2024-05-10 06:41,BM,ELE,120,N,MT-1007,MT-B,"  1호기 재발, 인버터 알람 "
WO-2024-00755,P1-CR1-RCL01,2024-05-10 06:19,2024-05-10 09:19,2024-05-10 11:17,BM,MAL,117,N,MT-1023,MT-D,인터록 작동
WO-2024-00756,P1-SP1-SCR02,2024-05-10 08:40,2024-05-10 13:46,2024-05-10 18:57,BM,ETC,310,N,MT-1020,MT-D,확인 중
WO-2024-00757,P1-CC2-PMP01,2024-05-10 14:24,2024-05-12 10:38,2024-05-12 18:18,CBM,ELE,460,N,MT-1020,MT-D,절연 저하
WO-2024-00758,P1-BF2-HSV02,2024-05-10 22:57,2024-05-11 02:37,2024-05-11 06:41,TBM,,244,Y,MT-1007,MT-B,점검 이상없음
WO-2024-00759,P1-SP2-CLR01,2024-05-11 06:11,2024-05-11 08:56,2024-05-11 10:27,TBM,ELE,0,N,MT-1003,MT-A,ELE 이상
WO-2024-00760,P1-SP1-AGT01,2024-05-11 07:13,2024-05-11 13:02,2024-05-11 14:59,BM,UNB,117,N,MT-1006,MT-A,진동치 증가
WO-2024-00761,P1-BF2-BFR01,2024-05-11 14:37,2024-05-11 19:30,2024-05-12 15:25,BM,WER,1195,Y,MT-1006,MT-A,표면 마모 확인
WO-2024-00762,P1-SP1-AGT01,2024-05-11 23:44,2024-05-12 02:42,2024-05-12 06:49,TBM,,165,N,MT-1015,MT-C,"  1호기 재발, 점검 이상없음 "
WO-2024-00763,P1-CC2-SEG02,2024-05-12 02:19,2024-05-12 03:58,2024-05-12 05:12,TBM,,0,N,MT-1020,MT-D,정기점검 실시
WO-2024-00764,P1-SP2-DCF02,2024-05-12 06:59,2024-05-12 07:24,2024-05-12 11:49,TBM,,210,N,MT-1011,MT-B,TBM 점검
WO-2024-00765,P1-CC2-MLD01,2024-05-12 20:24,2024-05-12 22:59,2024-05-13 02:52,TBM,,150,N,MT-1023,MT-D,정기점검 - 이상없음
WO-2024-00766,P1-CC1-SEG01,2024-05-12 23:05,2024-05-13 03:00,2024-05-13 07:04,TBM,,0,N,MT-1023,MT-D,
WO-2024-00767,P1-CC1-INS01,2024-05-13 14:08,2024-05-13 16:17,2024-05-13 20:51,TBM,MAL,274,N,MT-1016,MT-C,설비 트립
WO-2024-00768,P1-CR1-PMP03,2024-05-13 14:47,2024-05-13 15:21,2024-05-13 16:14,TBM,ELE,35,N,MT-1018,MT-C,인버터 알람
WO-2024-00769,P1-SM1-CRN01,2024-05-13 16:25,2024-05-13 17:09,2024-05-13 20:33,TBM,,204,N,MT-1017,MT-C,TBM 점검
WO-2024-00770,P1-BF1-HSV03,2024-05-13 18:11,2024-05-13 20:22,2024-05-14 05:07,BM,,525,N,MT-1002,MT-A,확인 중
WO-2024-00771,P1-BF1-HSV03,2024-05-13 20:33,2024-05-13 23:18,2024-05-14 03:59,TBM,,195,Y,MT-1003,MT-A,월간 점검 완료
WO-2024-00772,P1-CC2-PMP01,2024-05-13 23:25,2024-05-14 02:24,2024-05-14 06:19,TBM,BRG,234,N,MT-1004,MT-A,베어링 이상음
WO-2024-00773,P1-SP2-SNM01,2024-05-14 06:06,2024-05-14 08:19,2024-05-14 11:19,TBM,,179,Y,MT-1024,MT-D,정기점검 - 이상없음
WO-2024-00774,P1-SP1-MIX02,2024-05-14 07:05,2024-05-14 08:04,2024-05-14 11:31,TBM,,207,N,MT-1023,MT-D,정기점검 실시
WO-2024-00775,P1-SP1-AGT01-MTR,2024-05-14 07:16,2024-05-14 07:29,2024-05-14 10:01,TBM,,50,N,MT-1021,MT-D,정기점검 실시
WO-2024-00776,P1-CR1-CAL01,2024-05-14 07:17,2024-05-19 12:14,2024-05-19 16:05,CBM,ETC,185,Y,MT-1021,MT-D,재점검 필요
WO-2024-00777,P1-SP2-AGT01,2024-05-14 07:32,2024-05-16 23:11,2024-05-17 05:30,CBM,BRG,378,N,MT-1022,MT-D,BRG소음 확인
WO-2024-00778,P1-SP2-BCV02,2024-05-14 15:47,2024-05-14 19:38,2024-05-14 23:10,TBM,,211,Y,MT-1021,MT-D,
WO-2024-00779,P1-SP2-AGT01-MTR,2024-05-14 22:59,2024-05-15 01:37,2024-05-15 03:25,TBM,,40,N,MT-1010,MT-B,순회점검 후속
WO-2024-00780,P1-CR1-WLD01,2024-05-15 06:29,2024-05-18 17:05,2024-05-18 19:31,CBM,ETC,146,N,MT-1003,MT-A,재점검 필요
WO-2024-00781,P1-BF1-CAS01,2024-05-15 15:42,2024-05-15 16:54,2024-05-15 20:17,TBM,,202,N,MT-1003,MT-A,계획 점검 수행
WO-2024-00782,P1-BF1-BFR01,2024-05-15 22:54,2024-05-16 01:33,2024-05-16 06:30,TBM,,0,Y,MT-1015,MT-C,순회점검 후속
WO-2024-00783,P1-SP2-SNM01,2024-05-16 01:11,2024-05-16 02:47,2024-05-16 03:57,BM,ELE,69,N,MT-1021,MT-D,인버터 알람
WO-2024-00784,P1-CR1-SPM01-MTR,2024-05-16 06:10,2024-05-16 10:04,2024-05-16 14:09,TBM,,245,N,MT-1009,MT-B,TBM 점검
WO-2024-00785,P1-CC1-SCC01,2024-05-16 06:48,2024-05-16 09:54,2024-05-16 11:48,TBM,,114,N,MT-1009,MT-B,
WO-2024-00786,P1-SP1-CRS01,2024-05-16 09:36,2024-05-16 10:24,2024-05-16 20:08,BM,LUB,435,N,MT-1007,MT-B,누유 확인
WO-2024-00787,P1-CC1-PMP01,2024-05-16 14:56,2024-05-16 16:44,2024-05-16 20:05,TBM,,75,Y,MT-1008,MT-B,TBM 점검
WO-2024-00788,P1-CR1-PKL01,2024-05-17 06:15,2024-05-17 09:08,2024-05-17 12:02,TBM,,0,Y,MT-1016,MT-C,
WO-2024-00789,P1-BF2-CAS01,2024-05-17 07:02,2024-05-17 08:53,2024-05-17 10:27,BM,WER,75,N,MT-1014,MT-C,표면 마모 확인
WO-2024-00790,P1-SP1-SNM01,2024-05-17 07:42,2024-05-17 09:44,2024-05-17 14:10,TBM,,266,N,MT-1017,MT-C,"1호기 재발, 순회점검 후속"
WO-2024-00791,P1-CC1-PMP02,2024-05-17 07:44,2024-05-17 09:01,2024-05-17 10:57,TBM,,75,N,MT-1013,MT-C,"2호기 재발, 정기점검 실시"
WO-2024-00792,P1-SP2-MIX01,2024-05-17 15:42,2024-05-17 18:13,2024-05-17 20:58,TBM,,164,N,MT-1013,MT-C,
WO-2024-00793,P1-SP1-BCV03,2024-05-17 22:21,2024-05-18 00:21,2024-05-18 01:05,BM,LUB,44,Y,MT-1001,MT-A,"3호기 재발, 누유 확인"
WO-2024-00794,P1-SP2-IGF01,2024-05-17 15:55,2024-05-17 17:44,2024-05-17 22:21,TBM,,195,N,MT-1015,MT-C,  월간 점검 완료 
WO-2024-00795,P1-CC1-EMS01,2024-05-17 23:46,2024-05-18 03:20,2024-05-18 07:14,TBM,,170,N,MT-1002,MT-A,월간 점검 완료
WO-2024-00796,P1-CC2-INS01,2024-05-18 06:42,2024-05-18 07:04,2024-05-18 09:55,TBM,,171,N,MT-1020,MT-D,"1호기 재발, 월간 점검 완료"
WO-2024-00797,P1-SP1-EXF01,2024-05-18 06:38,2024-05-18 08:38,2024-05-18 11:34,BM,UNB,175,N,MT-1023,MT-D,"1호기 재발, 진동치 증가"
WO-2024-00798,P1-SP2-AGT01,2024-05-18 12:26,2024-05-25 14:20,2024-05-25 22:50,CBM,UNB,510,Y,MT-1019,MT-D,불평형 의심
WO-2024-00799,P1-SM1-CRN01,2024-05-18 14:47,2024-05-18 17:52,2024-05-19 01:32,BM,BRG,459,N,MT-1020,MT-D,
WO-2024-00800,P1-SP2-AGT01,2024-05-18 23:34,2024-05-19 02:44,2024-05-19 13:09,BM,LUB,625,N,MT-1012,MT-B,"1호기 재발, 급유 불량"
WO-2024-00801,P1-SP2-MIX02,2024-05-19 10:39,2024-05-19 13:26,2024-05-19 18:03,TBM,,277,Y,MT-1002,MT-A,TBM 점검
WO-2024-00802,P1-SP1-MIX01,2024-05-19 15:05,2024-05-19 19:34,2024-05-19 22:55,BM,LUB,201,N,MT-1004,MT-A,오일 레벨 저하
WO-2024-00803,P1-SP2-BCV04,2024-05-19 15:53,2024-05-19 19:08,2024-05-19 23:26,TBM,MAL,180,Y,MT-1006,MT-A,  제어 이상 
WO-2024-00804,P1-SM1-DCF01,2024-05-19 20:26,2024-05-19 23:59,2024-05-20 03:13,TBM,,0,N,MT-1013,MT-C,월간 점검검 완료
WO-2024-00805,P1-SP1-IGF01,2024-05-19 22:20,2024-05-19 23:26,2024-05-19 23:56,BM,WER,30,Y,MT-1015,MT-C,WEAR 확인
WO-2024-00806,P1-SP1-CLR01,2024-05-19 22:25,2024-05-19 23:41,2024-05-20 01:54,TBM,,133,N,MT-1016,MT-C,"1호기 재발, 월간 점검 완료"
WO-2024-00807,P1-BF2-BLW01,2024-05-19 23:33,2024-05-20 04:48,2024-05-20 07:01,BM,LUB,125,Y,MT-1014,MT-C,윤활유 누유
WO-2024-00808,P1-SM1-BOF02,2024-05-19 23:36,2024-05-20 02:07,2024-05-20 05:58,TBM,,130,N,MT-1013,MT-C,정기점검 - 이상없음
WO-2024-00809,P1-CC1-TUN01,2024-05-20 04:44,2024-05-20 05:57,2024-05-20 09:47,TBM,,0,N,MT-1023,MT-D,정기점검 실시
WO-2024-00810,P1-CC2-TUN01,2024-05-20 15:46,2024-05-20 16:54,2024-05-20 20:09,TBM,,195,N,MT-1010,MT-B,월간 점검검 완료
WO-2024-00811,P1-SP1-DCF02,2024-05-20 20:01,2024-05-21 22:51,2024-05-22 04:49,CBM,SEL,270,Y,MT-1020,MT-D,
WO-2024-00812,P1-CC2-SEG01,2024-05-21 07:20,2024-05-21 11:07,2024-05-21 13:31,TBM,,80,N,MT-1014,MT-C,TBM 점검
WO-2024-00813,P1-SM1-BOF02,2024-05-20 23:56,2024-05-21 01:25,2024-05-21 10:47,BM,MAL,562,N,MT-1022,MT-D,동작 불량
WO-2024-00814,P1-CC2-SCC01,2024-05-21 07:43,2024-05-21 10:01,2024-05-21 12:36,TBM,,0,N,MT-1017,MT-C,순회점검 후속
WO-2024-00815,P1-SP1-DCF01,2024-05-21 22:32,2024-05-22 00:55,2024-05-22 03:41,TBM,,165,N,MT-1006,MT-A,월간 점검 완료
WO-2024-00816,P1-SM1-BOF02,2024-05-22 14:56,2024-05-22 18:50,2024-05-23 00:09,BM,MAL,319,N,MT-1019,MT-D,오작동 발생
WO-2024-00817,P1-CC1-INS01,2024-05-21 23:05,2024-05-22 04:54,2024-05-22 11:08,BM,SEL,295,N,MT-1006,MT-A,"1호기 재발, 냉각수 누설"
WO-2024-00818,P1-CC2-PMP02,2024-05-22 17:58,2024-05-22 21:13,2024-05-23 00:43,TBM,,210,N,MT-1024,MT-D,계획 점검 수행
WO-2024-00819,P1-CC1-LDT01,2024-05-22 23:55,2024-05-23 04:47,2024-05-23 07:26,BM,LUB,0,N,MT-1007,MT-B,
WO-2024-00820,P1-SM1-LFR01,2024-05-23 06:51,2024-05-23 09:53,2024-05-23 11:08,TBM,,30,N,MT-1005,MT-A,
WO-2024-00821,P1-CC2-SEG04,2024-05-23 07:43,2024-05-23 10:17,2024-05-23 13:59,TBM,,0,N,MT-1004,MT-A,점검 이상없음
WO-2024-00822,P1-BF2-BFR01,2024-05-23 07:57,2024-05-23 09:24,2024-05-23 13:30,TBM,,0,N,MT-1001,MT-A,"1호기 재발, 계획 점검 수행"
WO-2024-00823,P1-SP1-AGT01,2024-05-23 13:31,2024-05-25 06:32,2024-05-25 12:02,CBM,BRG,0,N,MT-1001,MT-A,  구동측 베어링 발열 
WO-2024-00824,P1-SP2-CRS01,2024-05-23 14:57,2024-05-23 18:13,2024-05-24 15:45,BM,ETC,1292,Y,MT-1002,MT-A,특이사항
WO-2024-00825,P1-CR1-INS01,2024-05-23 15:30,2024-05-23 15:56,2024-05-23 18:22,TBM,,146,N,MT-1001,MT-A,
WO-2024-00826,P1-CC2-EMS01,2024-05-23 22:31,2024-05-24 02:12,2024-05-24 05:35,TBM,,0,N,MT-1016,MT-C,순회점검 후속
WO-2024-00827,P1-BF1-HSV01,2024-05-24 18:45,2024-05-24 19:17,2024-05-24 22:14,BM,,176,N,MT-1019,MT-D,  현상 재현 안됨 
WO-2024-00828,P1-CC2-TUN01,2024-05-24 19:11,2024-05-24 22:35,2024-05-25 01:42,BM,MAL,186,Y,MT-1021,MT-D,
WO-2024-00829,P1-CR1-SPM01,2024-05-25 10:52,2024-05-30 00:50,2024-05-30 09:48,CBM,WER,537,N,MT-1013,MT-C,WEAR 확인
WO-2024-00830,P1-CC1-SEG02,2024-05-25 07:59,2024-05-25 13:57,2024-05-25 14:40,BM,WER,15,Y,MT-1015,MT-C,라이너 마모
WO-2024-00831,P1-CC2-LDT01,2024-05-25 15:04,2024-05-25 18:35,2024-05-25 19:42,BM,SEL,67,N,MT-1018,MT-C,패킹 누설
WO-2024-00832,P1-SM1-RHD01,2024-05-25 15:30,2024-05-25 17:35,2024-05-25 18:52,TBM,,25,N,MT-1014,MT-C,
WO-2024-00833,P1-CR1-CAL01,2024-05-25 15:55,2024-05-25 19:06,2024-05-26 05:01,BM,ETC,595,N,MT-1016,MT-C,"1호기 재발, 확인 중"
WO-2024-00834,P1-SP2-EXF01,2024-05-26 06:06,2024-05-26 07:25,2024-05-26 11:57,TBM,,135,N,MT-1023,MT-D,
WO-2024-00835,P1-CR1-FAN01,2024-05-26 06:13,2024-05-26 06:41,2024-05-26 15:09,BM,LUB,450,N,MT-1019,MT-D,"1호기 재발, 급유 불량"
WO-2024-00836,P1-CC2-LDT01,2024-05-26 12:18,2024-05-26 14:04,2024-05-26 18:54,TBM,,190,N,MT-1024,MT-D,점검 이상없음
WO-2024-00837,P1-CC1-SEG03,2024-05-26 15:48,2024-05-26 18:14,2024-05-26 22:23,TBM,,155,N,MT-1024,MT-D,
WO-2024-00838,P1-CR1-SPM01,2024-05-26 23:05,2024-05-27 01:17,2024-05-27 09:02,BM,,464,N,MT-1009,MT-B,특이사항
WO-2024-00839,P1-BF1-HSV02,2024-05-26 23:43,2024-05-27 00:02,2024-05-27 03:35,BM,,185,Y,MT-1009,MT-B,"2호기 재발, 특이사항"
WO-2024-00840,P1-SP2-AGT01,2024-05-27 06:16,2024-05-27 06:24,2024-05-27 10:13,TBM,,70,N,MT-1001,MT-A,월간 점검 완료
WO-2024-00841,P1-BF2-HSV03,2024-05-27 06:28,2024-05-27 09:21,2024-05-27 11:47,TBM,,145,Y,MT-1005,MT-A,"3호기 재발, 정기점검 - 이상없음"
WO-2024-00842,P1-BF2-BLW01,2024-05-27 06:43,2024-05-27 10:20,2024-05-27 15:08,TBM,ELE,287,N,MT-1003,MT-A,절연 저하
WO-2024-00843,P1-SP2-DCF01,2024-05-27 07:54,2024-05-27 10:07,2024-05-27 12:25,TBM,,0,N,MT-1006,MT-A,"1호기 재발, 정기점검검 - 이상없음"
WO-2024-00844,P1-SM1-BOF01,2024-05-27 13:35,2024-05-27 14:01,2024-05-27 17:12,TBM,,105,N,MT-1006,MT-A,TBM 점검
WO-2024-00845,P1-CR1-PMP02,2024-05-27 15:04,2024-05-27 17:38,2024-05-28 03:15,BM,LUB,576,N,MT-1002,MT-A,그리스 부족
WO-2024-00846,P1-CR1-PMP01,2024-05-27 23:50,2024-05-28 01:47,2024-05-28 04:59,TBM,,0,Y,MT-1013,MT-C,월간 점검 완료
WO-2024-00847,P1-SP2-BCV02,2024-05-28 07:47,2024-05-28 09:37,2024-05-28 14:19,BM,BRG,245,Y,MT-1012,MT-B,"2호기 재발, BRG소음 확인"
WO-2024-00848,P1-BF1-BLW01,2024-05-28 18:59,2024-05-28 22:17,2024-05-29 00:20,BM,UNB,85,N,MT-1023,MT-D,
WO-2024-00849,P1-CC2-INS01,2024-05-28 23:57,2024-05-29 01:45,2024-05-29 14:30,BM,,764,N,MT-1023,MT-D,
WO-2024-00850,P1-CC1-MLD01,2024-05-29 12:28,2024-05-29 15:02,2024-05-29 22:19,BM,ETC,437,N,MT-1016,MT-C,재점검 필요
WO-2024-00851,P1-BF1-HSV01,2024-05-29 22:01,2024-05-30 02:21,2024-05-30 10:17,BM,MAL,476,N,MT-1005,MT-A,오작동 발생
WO-2024-00852,P1-CC2-SCC01,2024-05-30 02:11,2024-05-30 03:29,2024-05-30 12:11,BM,LUB,521,N,MT-1011,MT-B,급유 불량
WO-2024-00853,P1-CR1-PMP02,2024-05-30 23:06,2024-05-31 02:35,2024-05-31 05:02,BM,ELE,146,N,MT-1011,MT-B,절연 저하
WO-2024-00854,P1-CC1-PMP01,2024-05-31 06:04,2024-05-31 08:53,2024-05-31 16:13,BM,LUB,440,Y,MT-1004,MT-A,
WO-2024-00855,P1-CC2-MLD01,2024-05-31 06:36,2024-05-31 09:00,2024-05-31 17:13,BM,WER,492,Y,MT-1004,MT-A,WEAR 확인
WO-2024-00856,P1-CC1-INS01,2024-05-31 22:19,2024-06-02 15:37,2024-06-02 18:09,CBM,SEL,140,N,MT-1017,MT-C,
WO-2024-00857,P1-CR1-TCM01,2024-06-01 05:39,2024-06-01 06:59,2024-06-01 09:12,TBM,,0,N,MT-1024,MT-D,정기점검 실시
WO-2024-00858,P1-BF1-HSV01,2024-06-01 07:20,2024-06-01 08:20,2024-06-01 10:46,TBM,MAL,146,N,MT-1008,MT-B,
WO-2024-00859,P1-SM1-CRN01,2024-06-01 13:47,2024-06-08 03:15,2024-06-08 12:27,CBM,WER,552,Y,MT-1012,MT-B,마모 진행
WO-2024-00860,P1-CR1-PMP03,2024-06-01 15:00,2024-06-01 18:20,2024-06-02 07:51,BM,UNB,811,N,MT-1010,MT-B,회전체 밸런스 불량
WO-2024-00861,P1-CC1-SEG02,2024-06-01 22:07,2024-06-02 04:04,2024-06-02 22:32,BM,ETC,1107,Y,MT-1020,MT-D,원인 미상
WO-2024-00862,P1-SM1-CRN02,2024-06-01 22:36,2024-06-02 01:20,2024-06-02 04:19,TBM,,178,N,MT-1020,MT-D,"2호기 재발, 정기점검 - 이상없음"
WO-2024-00863,P1-BF2-CAS01,2024-06-01 22:46,2024-06-01 23:46,2024-06-02 04:38,TBM,,145,N,MT-1020,MT-D,TBM 점검
WO-2024-00864,P1-SP1-DCF02,2024-06-01 22:54,2024-06-01 23:15,2024-06-02 03:55,TBM,,280,Y,MT-1022,MT-D,"  2호기 재발, 점검 이상없음 "
WO-2024-00865,P1-CR1-SPM01,2024-06-01 23:23,2024-06-02 02:45,2024-06-02 07:33,TBM,,288,N,MT-1021,MT-D,TBM 점검
WO-2024-00866,P1-CR1-WLD01,2024-06-01 23:42,2024-06-02 01:31,2024-06-02 03:34,TBM,SEL,123,N,MT-1022,MT-D,
WO-2024-00867,P1-CC2-SEG03,2024-06-01 23:49,2024-06-02 00:45,2024-06-02 01:31,TBM,,46,N,MT-1024,MT-D,순회점검 후속
WO-2024-00868,P1-SM1-BOF02,2024-06-02 07:28,2024-06-02 08:17,2024-06-02 19:22,BM,WER,664,N,MT-1017,MT-C,표면 마모 확인
WO-2024-00869,P1-SP2-MIX02,2024-06-02 07:37,2024-06-02 13:09,2024-06-02 17:55,BM,WER,285,N,MT-1013,MT-C,마모량 초과
WO-2024-00870,P1-CC2-LDT01,2024-06-02 13:49,2024-06-02 18:10,2024-06-02 20:43,BM,ETC,153,N,MT-1014,MT-C,현상 재현 안됨
WO-2024-00871,P1-SP1-EXF01,2024-06-02 14:57,2024-06-02 17:51,2024-06-02 20:09,TBM,,137,Y,MT-1015,MT-C,
WO-2024-00872,P1-BF1-BFR01,2024-06-02 15:44,2024-06-02 21:17,2024-06-03 03:11,BM,WER,354,N,MT-1015,MT-C,
WO-2024-00873,P1-SP1-SNM01,2024-06-03 07:19,2024-06-03 11:18,2024-06-04 02:07,BM,WER,888,N,MT-1020,MT-D,
WO-2024-00874,P1-CC2-SEG01,2024-06-03 15:32,2024-06-03 16:13,2024-06-04 12:50,BM,SEL,1237,N,MT-1023,MT-D,
WO-2024-00875,P1-BF2-HSV02,2024-06-03 22:20,2024-06-04 00:16,2024-06-04 07:15,BM,ELE,0,N,MT-1011,MT-B,
WO-2024-00876,P1-SP2-DCF01,2024-06-03 22:30,2024-06-03 23:07,2024-06-04 05:56,BM,ETC,409,N,MT-1007,MT-B,확인 중
WO-2024-00877,P1-CC1-MLD01,2024-06-03 23:57,2024-06-04 00:32,2024-06-04 03:18,TBM,,0,N,MT-1007,MT-B,정기점검 실시
WO-2024-00878,P1-SP1-AGT01,2024-06-04 07:42,2024-06-08 00:57,2024-06-08 08:35,CBM,UNB,457,N,MT-1005,MT-A,불평형 의심
WO-2024-00879,P1-CC1-SEG02,2024-06-04 15:39,2024-06-04 17:48,2024-06-04 21:21,TBM,,0,Y,MT-1005,MT-A,
WO-2024-00880,P1-CC1-SEG04,2024-06-04 22:07,2024-06-05 02:04,2024-06-05 06:56,TBM,,150,Y,MT-1013,MT-C,  TBM 점검 
WO-2024-00881,P1-SP2-CRS01,2024-06-04 22:50,2024-06-08 00:48,2024-06-08 02:22,CBM,WER,94,N,MT-1015,MT-C,마모량 초과
WO-2024-00882,P1-SP1-MIX01,2024-06-05 14:05,2024-06-05 17:41,2024-06-05 22:40,TBM,,298,N,MT-1010,MT-B,점검 이상없음
WO-2024-00883,P1-SP1-CRS01,2024-06-05 14:12,2024-06-05 15:15,2024-06-05 20:15,TBM,,105,N,MT-1008,MT-B,점검 이상없음
WO-2024-00884,P1-SP1-EXF01,2024-06-05 15:40,2024-06-11 07:11,2024-06-11 08:49,CBM,LUB,98,N,MT-1007,MT-B,오일 레벨 저하
WO-2024-00885,P1-CC1-LDT01,2024-06-05 23:43,2024-06-06 01:06,2024-06-06 02:12,TBM,,25,N,MT-1022,MT-D,정기점검 실시
WO-2024-00886,P1-SP1-EXF01,2024-06-06 07:43,2024-06-06 10:28,2024-06-06 17:56,BM,ELE,420,N,MT-1013,MT-C,절연 저하
WO-2024-00887,P1-BF2-HSV01,2024-06-06 09:37,2024-06-06 12:55,2024-06-06 14:49,TBM,,35,Y,MT-1018,MT-C,
WO-2024-00888,P1-CC1-LDT01,2024-06-06 20:16,2024-06-06 23:18,2024-06-07 05:16,BM,LUB,358,N,MT-1006,MT-A,윤활유 누유
WO-2024-00889,P1-SP2-EXF01,2024-06-07 05:01,2024-06-14 05:46,2024-06-14 07:24,CBM,MAL,90,Y,MT-1009,MT-B,"1호기 재발, 설비 트립"
WO-2024-00890,P1-SP2-MIX02,2024-06-07 14:46,2024-06-07 16:01,2024-06-08 08:05,BM,LUB,963,N,MT-1020,MT-D,누유 확인
WO-2024-00891,P1-BF1-PCI01,2024-06-07 15:07,2024-06-07 17:34,2024-06-07 20:55,TBM,WER,201,N,MT-1021,MT-D,"1호기 재발, 표면 마모 확인"
WO-2024-00892,P1-SP2-EXF01-MTR,2024-06-07 15:20,2024-06-07 18:09,2024-06-07 19:43,TBM,,94,N,MT-1024,MT-D,TBM 점검
WO-2024-00893,P1-BF2-HSV02,2024-06-07 15:45,2024-06-07 16:26,2024-06-07 21:20,TBM,MAL,0,Y,MT-1023,MT-D,
WO-2024-00894,P1-BF2-PCI01,2024-06-07 19:43,2024-06-07 22:52,2024-06-08 03:21,TBM,,269,Y,MT-1007,MT-B,정기점검 실시
WO-2024-00895,P1-BF1-BLW01,2024-06-07 22:07,2024-06-07 22:21,2024-06-08 00:05,TBM,,0,N,MT-1007,MT-B,
WO-2024-00896,P1-CR1-RCL01,2024-06-07 22:08,2024-06-07 23:02,2024-06-08 01:22,TBM,,139,N,MT-1008,MT-B,
WO-2024-00897,P1-SP1-IGF01,2024-06-08 07:20,2024-06-08 10:46,2024-06-08 11:55,TBM,,68,Y,MT-1004,MT-A,TBM 점검
WO-2024-00898,P1-SP1-AGT01,2024-06-08 07:43,2024-06-08 09:56,2024-06-08 13:19,TBM,,180,Y,MT-1004,MT-A,"1호기 재발, 정기점검 실시"
WO-2024-00899,P1-SP1-EXF01-MTR,2024-06-08 14:31,2024-06-08 16:16,2024-06-08 19:07,TBM,,135,N,MT-1005,MT-A,순회점검 후속
WO-2024-00900,P1-CR1-PMP02,2024-06-08 14:31,2024-06-08 16:31,2024-06-08 20:36,TBM,,0,N,MT-1001,MT-A,TBM 점검
WO-2024-00901,P1-SP1-BCV03,2024-06-08 14:39,2024-06-08 19:22,2024-06-09 03:40,BM,LUB,498,N,MT-1003,MT-A,"3호기 재발, 오일 레벨 저하"
WO-2024-00902,P1-BF1-PCI01,2024-06-08 15:00,2024-06-08 18:14,2024-06-08 21:58,BM,WER,224,N,MT-1004,MT-A,
WO-2024-00903,P1-CC2-LDT01,2024-06-08 15:15,2024-06-08 17:03,2024-06-09 00:38,BM,SEL,250,Y,MT-1006,MT-A,누수 발생
WO-2024-00904,P1-CR1-CRN01,2024-06-08 22:33,2024-06-09 00:37,2024-06-09 03:27,TBM,,169,N,MT-1018,MT-C,점검 이상없음
WO-2024-00905,P1-CR1-PMP03,2024-06-08 22:54,2024-06-09 01:59,2024-06-09 06:11,TBM,,0,N,MT-1013,MT-C,"  3호기 재발, TBM 점검 "
WO-2024-00906,P1-SP2-CRS01,2024-06-08 22:59,2024-06-09 00:17,2024-06-09 02:47,TBM,,115,N,MT-1017,MT-C,"1호기 재발, TBM 점검"
WO-2024-00907,P1-SP2-SCR01,2024-06-09 11:08,2024-06-09 14:53,2024-06-09 17:17,BM,ETC,144,N,MT-1012,MT-B,확인 중
WO-2024-00908,P1-BF1-BFR01,2024-06-09 14:16,2024-06-09 14:53,2024-06-10 00:47,BM,ETC,593,N,MT-1009,MT-B,특이사항
WO-2024-00909,P1-CR1-WLD01,2024-06-09 14:23,2024-06-09 17:16,2024-06-09 21:16,BM,SEL,0,N,MT-1008,MT-B,패킹 누설
WO-2024-00910,P1-BF1-HSV02,2024-06-09 14:41,2024-06-09 14:58,2024-06-09 15:53,TBM,,55,N,MT-1007,MT-B,순회점검 후속
WO-2024-00911,P1-BF1-HSV03,2024-06-09 15:36,2024-06-09 15:38,2024-06-09 18:01,TBM,,143,N,MT-1008,MT-B,계획 점검 수행
WO-2024-00912,P1-SP1-MIX02,2024-06-09 16:24,2024-06-09 18:00,2024-06-10 00:24,BM,MAL,220,Y,MT-1011,MT-B,
WO-2024-00913,P1-BF2-BFR01,2024-06-09 21:44,2024-06-10 02:05,2024-06-10 04:30,BM,,144,Y,MT-1024,MT-D,"1호기 재발, 원인 미상"
WO-2024-00914,P1-CR1-INS01,2024-06-10 02:22,2024-06-10 04:08,2024-06-10 09:41,TBM,,333,N,MT-1002,MT-A,  정기수리 실시 
WO-2024-00915,P1-BF1-BFR01,2024-06-10 04:17,2024-06-10 07:23,2024-06-10 15:40,BM,ELE,497,N,MT-1002,MT-A,ELE 이상
WO-2024-00916,P1-CR1-CAL01,2024-06-10 06:23,2024-06-10 08:45,2024-06-10 10:48,TBM,,122,Y,MT-1014,MT-C,
WO-2024-00917,P1-CR1-TCM01,2024-06-10 11:23,2024-06-10 12:06,2024-06-10 18:51,TBM,,0,N,MT-1013,MT-C,수리기간 중 점검검
WO-2024-00918,P1-CR1-DCF01,2024-06-10 14:06,2024-06-10 15:47,2024-06-10 20:55,TBM,,0,N,MT-1014,MT-C,수리기간 중 점검
WO-2024-00919,P1-CR1-PMP03,2024-06-10 14:26,2024-06-10 16:23,2024-06-10 21:17,TBM,UNB,294,N,MT-1015,MT-C,진동 상승
WO-2024-00920,P1-CR1-FAN02,2024-06-10 15:17,2024-06-10 15:54,2024-06-10 19:27,TBM,,212,N,MT-1016,MT-C,
WO-2024-00921,P1-SP1-CRS01,2024-06-10 15:30,2024-06-19 10:56,2024-06-19 14:03,CBM,BRG,186,N,MT-1018,MT-C,"1호기 재발, 이상음 발생"
WO-2024-00922,P1-CR1-WLD01,2024-06-10 15:55,2024-06-10 17:15,2024-06-10 20:20,TBM,,150,N,MT-1014,MT-C,SD작업 수행
WO-2024-00923,P1-CC1-PMP01,2024-06-10 22:11,2024-06-13 20:10,2024-06-14 01:36,CBM,BRG,150,N,MT-1002,MT-A,"1호기 재발, BRG소음 확인"
WO-2024-00924,P1-CR1-CRN01,2024-06-10 22:23,2024-06-11 00:47,2024-06-11 04:00,TBM,BRG,0,N,MT-1002,MT-A,베어링 이상음
WO-2024-00925,P1-SM1-DCF01,2024-06-10 23:46,2024-06-11 04:30,2024-06-11 07:30,BM,SEL,140,N,MT-1002,MT-A,"1호기 재발, 패킹 누설"
WO-2024-00926,P1-CR1-SPM01,2024-06-11 06:00,2024-06-11 06:20,2024-06-11 08:47,TBM,,146,N,MT-1020,MT-D,수리기간 중 점검
WO-2024-00927,P1-CC1-SEG01,2024-06-11 07:46,2024-06-11 08:28,2024-06-11 09:32,TBM,WER,0,N,MT-1023,MT-D,WEAR 확인
WO-2024-00928,P1-CR1-CRN01,2024-06-11 07:58,2024-06-11 11:06,2024-06-11 19:03,TBM,,360,N,MT-1023,MT-D,
WO-2024-00929,P1-CR1-FAN01,2024-06-11 08:29,2024-06-11 11:21,2024-06-11 18:02,TBM,,280,N,MT-1023,MT-D,"1호기 재발, 수리기간 중 점검"
WO-2024-00930,P1-CR1-SPM01,2024-06-11 14:18,2024-06-11 14:57,2024-06-11 18:54,TBM,,110,N,MT-1022,MT-D,SD작업 수행
WO-2024-00931,P1-CR1-CAL01,2024-06-11 14:51,2024-06-11 18:40,2024-06-11 23:37,TBM,WER,297,N,MT-1020,MT-D,마모량 초과
WO-2024-00932,P1-CC1-LDT01,2024-06-11 15:47,2024-06-11 17:24,2024-06-11 21:13,BM,SEL,229,N,MT-1021,MT-D,"1호기 재발, 패킹 누설"
WO-2024-00933,P1-BF2-PCI01,2024-06-11 17:29,2024-06-11 18:01,2024-06-11 20:24,BM,WER,143,N,MT-1023,MT-D,"1호기 재발, 마모 진행"
WO-2024-00934,P1-CR1-DCF01,2024-06-11 22:06,2024-06-12 01:00,2024-06-12 08:20,TBM,,440,N,MT-1011,MT-B,정기수리 실시
WO-2024-00935,P1-CR1-WLD01,2024-06-11 22:21,2024-06-11 22:39,2024-06-12 02:30,TBM,,0,N,MT-1010,MT-B,정기수리 부속작업
WO-2024-00936,P1-SP1-EXF01,2024-06-11 22:24,2024-06-17 00:36,2024-06-17 05:27,CBM,ELE,270,N,MT-1011,MT-B,ELE 이상
WO-2024-00937,P1-CR1-INS01,2024-06-12 03:48,2024-06-12 06:14,2024-06-12 07:38,TBM,,65,N,MT-1014,MT-C,정기수리 부속작업
WO-2024-00938,P1-CR1-PMP01,2024-06-12 03:55,2024-06-12 06:29,2024-06-12 11:14,TBM,,265,N,MT-1018,MT-C,정기수리 부속작업
WO-2024-00939,P1-CR1-PMP01,2024-06-12 04:56,2024-06-12 06:16,2024-06-12 11:28,TBM,,312,N,MT-1017,MT-C,
WO-2024-00940,P1-CR1-CAL01,2024-06-12 06:09,2024-06-12 09:51,2024-06-12 15:23,TBM,,0,N,MT-1002,MT-A,수리기간 중 점검
WO-2024-00941,P1-CR1-RCL01,2024-06-12 06:21,2024-06-12 09:48,2024-06-12 12:29,TBM,,0,N,MT-1005,MT-A,  정기수리 실시 
WO-2024-00942,P1-CC2-SEG02,2024-06-12 06:36,2024-06-12 09:12,2024-06-12 13:04,TBM,,231,N,MT-1002,MT-A,"2호기 재발, 정기점검 실시"
WO-2024-00943,P1-CR1-FAN01,2024-06-12 07:06,2024-06-12 08:16,2024-06-12 15:09,TBM,,0,N,MT-1001,MT-A,수리기간 중 점검
WO-2024-00944,P1-CR1-RCL01,2024-06-12 07:24,2024-06-12 09:49,2024-06-12 13:23,TBM,MAL,0,N,MT-1005,MT-A,설비 트립
WO-2024-00945,P1-SP2-AGT01-MTR,2024-06-12 10:36,2024-06-12 14:19,2024-06-12 15:38,TBM,,79,N,MT-1006,MT-A,순회점검 후속
WO-2024-00946,P1-CR1-PKL01,2024-06-12 14:42,2024-06-12 16:24,2024-06-12 18:34,TBM,SEL,129,N,MT-1004,MT-A,냉각수 누설
WO-2024-00947,P1-CR1-WLD01,2024-06-12 14:00,2024-06-12 15:29,2024-06-12 17:25,TBM,,90,N,MT-1001,MT-A,정기수리 실시
WO-2024-00948,P1-CR1-TCM01,2024-06-12 19:29,2024-06-12 22:25,2024-06-13 00:04,TBM,,0,N,MT-1015,MT-C,SD작업 수행
WO-2024-00949,P1-CR1-SPM01,2024-06-12 20:13,2024-06-13 00:09,2024-06-13 01:22,TBM,,72,N,MT-1015,MT-C,정기수리 부속작업
WO-2024-00950,P1-CR1-SPM01-MTR,2024-06-12 22:20,2024-06-13 01:34,2024-06-13 02:39,TBM,,0,N,MT-1015,MT-C,"1호기 재발, 정기수리 부속작업"
WO-2024-00951,P1-CR1-PMP01,2024-06-12 23:44,2024-06-13 00:32,2024-06-13 03:07,TBM,UNB,154,N,MT-1013,MT-C,
WO-2024-00952,P1-CR1-CAL01,2024-06-12 23:51,2024-06-13 02:51,2024-06-13 05:16,TBM,,144,N,MT-1013,MT-C,  정기수리 부속작업 
WO-2024-00953,P1-CR1-FAN01,2024-06-12 23:52,2024-06-13 00:30,2024-06-13 03:55,TBM,,175,N,MT-1017,MT-C,"1호기 재발, 수리기간 중 점검검"
WO-2024-00954,P1-CR1-FAN02,2024-06-12 23:55,2024-06-13 03:32,2024-06-13 11:21,TBM,,469,N,MT-1017,MT-C,SD작업 수행
WO-2024-00955,P1-CR1-FAN01,2024-06-13 04:13,2024-06-13 08:07,2024-06-13 11:33,TBM,,205,N,MT-1024,MT-D,정기수리 부속작업
WO-2024-00956,P1-CR1-WLD01,2024-06-13 07:42,2024-06-13 08:04,2024-06-13 10:06,TBM,,122,N,MT-1007,MT-B,정기수리 부속작업
WO-2024-00957,P1-CR1-DCF01,2024-06-13 07:50,2024-06-13 10:17,2024-06-13 17:29,TBM,,432,N,MT-1009,MT-B,"1호기 재발, 정기수리 부속작업"
WO-2024-00958,P1-SP2-CLR01,2024-06-13 07:56,2024-06-13 10:48,2024-06-13 15:11,TBM,,262,Y,MT-1010,MT-B,점검 이상없음
WO-2024-00959,P1-CR1-FAN01,2024-06-13 14:10,2024-06-13 14:49,2024-06-13 20:15,TBM,,0,N,MT-1011,MT-B,수리기간 중 점검
WO-2024-00960,P1-CR1-CAL01,2024-06-13 14:22,2024-06-13 18:19,2024-06-13 22:29,TBM,,250,N,MT-1012,MT-B,"1호기 재발, SD작업 수행"
WO-2024-00961,P1-SP1-MIX02,2024-06-13 14:28,2024-06-13 17:04,2024-06-13 18:50,TBM,MAL,0,N,MT-1008,MT-B,설비 트립
WO-2024-00962,P1-CC1-LDT01,2024-06-13 14:39,2024-06-13 17:50,2024-06-14 12:34,BM,,510,N,MT-1007,MT-B,확인 중
WO-2024-00963,P1-CR1-TCM01,2024-06-13 15:07,2024-06-13 17:46,2024-06-13 20:17,TBM,,150,N,MT-1009,MT-B,정기수리 부속작업
WO-2024-00964,P1-SM1-CRN01,2024-06-13 23:10,2024-06-14 02:29,2024-06-14 04:39,TBM,,0,N,MT-1019,MT-D,TBM 점검
WO-2024-00965,P1-CR1-PMP01,2024-06-13 23:32,2024-06-14 01:13,2024-06-14 04:19,TBM,,185,N,MT-1024,MT-D,수리기간 중 점검
WO-2024-00966,P1-CR1-TCM01,2024-06-13 23:57,2024-06-14 00:19,2024-06-14 05:25,TBM,,0,N,MT-1021,MT-D,정기수리 실시
WO-2024-00967,P1-CR1-PMP02,2024-06-13 23:59,2024-06-14 02:45,2024-06-14 06:22,TBM,,0,N,MT-1022,MT-D,수리기간 중 점검
WO-2024-00968,P1-CR1-PMP03,2024-06-14 02:32,2024-06-14 02:55,2024-06-14 06:32,TBM,,165,Y,MT-1004,MT-A,  정기수리 실시 
WO-2024-00969,P1-CR1-INS01,2024-06-14 06:24,2024-06-14 09:57,2024-06-14 13:19,TBM,,0,N,MT-1014,MT-C,"1호기 재발, 정기수리 부속작업"
WO-2024-00970,P1-SM1-BOF01,2024-06-14 07:24,2024-06-14 08:32,2024-06-14 10:41,BM,MAL,90,N,MT-1018,MT-C,설비 트립
WO-2024-00971,P1-CR1-PMP02,2024-06-14 10:36,2024-06-14 12:06,2024-06-14 16:45,TBM,,225,N,MT-1015,MT-C,정기수리 부속작업
WO-2024-00972,P1-CR1-CAL01,2024-06-14 14:09,2024-06-14 15:35,2024-06-14 18:03,TBM,,147,N,MT-1017,MT-C,"1호기 재발, SD작업 수행"
WO-2024-00973,P1-CR1-WLD01,2024-06-14 14:19,2024-06-14 17:20,2024-06-14 20:51,TBM,,0,N,MT-1015,MT-C,수리기간 중 점검
WO-2024-00974,P1-CR1-PKL01,2024-06-14 15:24,2024-06-14 16:48,2024-06-15 00:15,TBM,,0,N,MT-1017,MT-C,
WO-2024-00975,P1-CR1-PMP01,2024-06-14 15:31,2024-06-14 16:45,2024-06-14 19:23,TBM,ELE,157,N,MT-1014,MT-C,
WO-2024-00976,P1-CR1-PKL01,2024-06-14 15:48,2024-06-14 17:00,2024-06-14 19:02,TBM,,0,N,MT-1013,MT-C,
WO-2024-00977,P1-CR1-PKL01,2024-06-14 22:01,2024-06-14 23:10,2024-06-15 01:01,TBM,,80,Y,MT-1003,MT-A,TBM 점검
WO-2024-00978,P1-CR1-PKL01,2024-06-14 22:01,2024-06-15 00:04,2024-06-15 06:53,TBM,,408,N,MT-1004,MT-A,  정기수리 부속작업 
WO-2024-00979,P1-CR1-FAN02,2024-06-14 22:26,2024-06-14 23:21,2024-06-15 06:59,TBM,,170,N,MT-1006,MT-A,정기수리 부속작업
WO-2024-00980,P1-CR1-INS01,2024-06-14 22:28,2024-06-15 00:38,2024-06-15 03:33,TBM,,174,N,MT-1004,MT-A,정기수리 실시
WO-2024-00981,P1-CR1-TCM01,2024-06-14 22:36,2024-06-15 01:41,2024-06-15 07:03,TBM,,0,N,MT-1001,MT-A,정기수리 실시
WO-2024-00982,P1-CR1-SPM01-MTR,2024-06-14 23:00,2024-06-15 00:38,2024-06-15 03:29,TBM,,60,N,MT-1003,MT-A,SD작업 수행
WO-2024-00983,P1-CC2-MLD01,2024-06-14 23:19,2024-06-15 03:07,2024-06-15 07:59,TBM,,135,N,MT-1004,MT-A,"1호기 재발, 정기점검 실시"
WO-2024-00984,P1-CR1-FAN02,2024-06-14 23:47,2024-06-15 02:12,2024-06-15 09:37,TBM,,380,N,MT-1006,MT-A,정기수리 부속작업
WO-2024-00985,P1-SP1-AGT01-MTR,2024-06-15 14:19,2024-06-15 14:57,2024-06-15 18:33,TBM,,105,N,MT-1019,MT-D,"1호기 재발, 계획 점검 수행"
WO-2024-00986,P1-BF1-CAS01,2024-06-15 15:44,2024-06-15 16:53,2024-06-15 19:18,TBM,,135,Y,MT-1023,MT-D,정기점검 - 이상없음
WO-2024-00987,P1-SP2-SNM01,2024-06-15 23:22,2024-06-16 00:06,2024-06-16 02:55,TBM,,0,N,MT-1007,MT-B,월간 점검 완료
WO-2024-00988,P1-CC2-PMP02,2024-06-16 14:20,2024-06-16 19:37,2024-06-16 21:41,BM,ETC,65,N,MT-1005,MT-A,현상 재현 안됨
WO-2024-00989,P1-BF2-CAS01,2024-06-16 22:59,2024-06-17 03:05,2024-06-17 11:12,BM,WER,487,N,MT-1017,MT-C,WEAR 확인
WO-2024-00990,P1-SP2-MIX02,2024-06-17 06:47,2024-06-17 07:24,2024-06-17 12:03,TBM,,279,Y,MT-1011,MT-B,
WO-2024-00991,P1-SP2-IGF01,2024-06-17 06:53,2024-06-17 08:19,2024-06-17 11:37,TBM,,180,N,MT-1008,MT-B,월간 점검 완료
WO-2024-00992,P1-SP1-EXF01,2024-06-17 14:23,2024-06-25 18:56,2024-06-25 23:54,CBM,UNB,110,N,MT-1012,MT-B,VIB 상승
WO-2024-00993,P1-CC1-INS01,2024-06-17 14:42,2024-06-17 18:11,2024-06-17 19:59,TBM,,108,Y,MT-1007,MT-B,TBM 점검
WO-2024-00994,P1-CC2-INS01,2024-06-17 15:37,2024-06-17 18:18,2024-06-17 23:02,TBM,,283,N,MT-1012,MT-B,"1호기 재발, 정기점검 실시"
WO-2024-00995,P1-SP2-DCF02,2024-06-17 22:53,2024-06-17 23:23,2024-06-18 03:57,TBM,,165,N,MT-1022,MT-D,
WO-2024-00996,P1-SP1-SNM01,2024-06-18 04:11,2024-06-18 08:03,2024-06-18 12:43,BM,ETC,260,N,MT-1003,MT-A,현상 재현 안됨
WO-2024-00997,P1-SP2-MIX01,2024-06-18 06:19,2024-06-18 08:02,2024-06-18 12:12,TBM,,225,N,MT-1013,MT-C,정기점검 - 이상없음
WO-2024-00998,P1-CC1-SCC01,2024-06-18 06:39,2024-06-18 07:51,2024-06-18 09:45,TBM,,75,N,MT-1014,MT-C,"1호기 재발, 월간 점검 완료"
WO-2024-00999,P1-CC1-PMP01,2024-06-18 06:45,2024-06-19 22:16,2024-06-20 00:14,CBM,LUB,118,N,MT-1016,MT-C,윤활유 누유
WO-2024-01000,P1-SP1-SNM01,2024-06-18 06:48,2024-06-18 07:21,2024-06-18 09:21,TBM,,119,N,MT-1018,MT-C,월간 점검 완료
WO-2024-01001,P1-CC1-PMP01,2024-06-18 14:03,2024-06-18 15:44,2024-06-18 17:24,TBM,BRG,100,N,MT-1014,MT-C,베어링 이상음
WO-2024-01002,P1-CC2-PMP01,2024-06-18 15:19,2024-06-18 18:36,2024-06-18 22:46,TBM,,145,N,MT-1016,MT-C,
WO-2024-01003,P1-SP2-EXF01,2024-06-18 17:40,2024-06-19 19:32,2024-06-20 04:00,CBM,,508,N,MT-1015,MT-C,원인 미상
WO-2024-01004,P1-SP1-EXF01,2024-06-19 22:22,2024-06-26 06:44,2024-06-26 12:19,CBM,LUB,334,N,MT-1007,MT-B,
WO-2024-01005,P1-SP1-CLR01,2024-06-19 23:24,2024-06-19 23:33,2024-06-20 01:34,TBM,,60,N,MT-1009,MT-B,정기점검 실시
WO-2024-01006,P1-SP1-DCF01,2024-06-20 03:22,2024-06-20 04:24,2024-06-20 06:00,TBM,,0,Y,MT-1014,MT-C,월간 점검 완료
WO-2024-01007,P1-CC2-TUN01,2024-06-20 06:08,2024-06-20 08:16,2024-06-20 11:02,TBM,,0,N,MT-1002,MT-A,정기점검 실시
WO-2024-01008,P1-CC1-SEG04,2024-06-20 09:23,2024-06-20 12:50,2024-06-21 12:16,BM,ETC,920,Y,MT-1005,MT-A,원인 미상
WO-2024-01009,P1-SP2-CRS01,2024-06-20 14:18,2024-06-20 17:10,2024-06-21 00:36,BM,MAL,305,N,MT-1005,MT-A,설비 트립
WO-2024-01010,P1-BF1-HSV01,2024-06-20 15:06,2024-06-20 19:13,2024-06-20 21:35,BM,MAL,142,N,MT-1006,MT-A,제어 이상
WO-2024-01011,P1-CC2-SEG04,2024-06-20 22:11,2024-06-21 03:41,2024-06-21 05:18,BM,SEL,96,N,MT-1013,MT-C,냉각수 누설
WO-2024-01012,P1-CC1-EMS01,2024-06-20 22:42,2024-06-21 02:25,2024-06-21 05:25,TBM,,179,N,MT-1016,MT-C,정기점검검 - 이상없음
WO-2024-01013,P1-SP1-EXF01-MTR,2024-06-20 22:49,2024-06-30 15:53,2024-06-30 23:10,CBM,LUB,260,Y,MT-1015,MT-C,"1호기 재발, 누유 확인"
WO-2024-01014,P1-CC1-PMP02,2024-06-21 02:48,2024-06-21 05:54,2024-06-21 09:59,TBM,,130,N,MT-1021,MT-D,TBM 점검
WO-2024-01015,P1-BF1-BFR01,2024-06-21 14:03,2024-06-21 14:05,2024-06-21 15:31,TBM,,86,N,MT-1010,MT-B,순회점검 후속
WO-2024-01016,P1-CR1-DCF01,2024-06-21 14:53,2024-06-21 17:30,2024-06-21 22:04,BM,,273,N,MT-1010,MT-B,  확인 중 
WO-2024-01017,P1-SM1-RHD01,2024-06-21 15:50,2024-06-21 16:36,2024-06-21 21:25,TBM,,288,N,MT-1010,MT-B,계획 점검검 수행
WO-2024-01018,P1-SP1-EXF01,2024-06-21 15:55,2024-06-21 21:39,2024-06-22 00:43,BM,ELE,183,N,MT-1007,MT-B,"1호기 재발, 절연 저하"
WO-2024-01019,P1-CC1-TUN01,2024-06-21 23:51,2024-06-22 00:11,2024-06-22 04:55,TBM,,135,N,MT-1021,MT-D,"1호기 재발, 점검 이상없음"
WO-2024-01020,P1-CR1-SPM01-MTR,2024-06-22 14:41,2024-06-22 16:52,2024-06-22 19:05,TBM,,133,N,MT-1018,MT-C,정기점검 실시
WO-2024-01021,P1-SM1-BOF02,2024-06-22 15:02,2024-06-22 15:44,2024-06-22 19:10,TBM,,205,Y,MT-1014,MT-C,"2호기 재발, 월간 점검 완료"
WO-2024-01022,P1-SP2-DCF01,2024-06-22 15:42,2024-06-22 16:10,2024-06-22 19:50,BM,WER,220,Y,MT-1014,MT-C,WEAR 확인
WO-2024-01023,P1-BF2-BFR01,2024-06-22 21:11,2024-06-22 22:02,2024-06-22 23:55,TBM,,113,N,MT-1001,MT-A,
WO-2024-01024,P1-CC2-SCC01,2024-06-22 22:35,2024-06-23 01:20,2024-06-23 03:53,TBM,,75,N,MT-1005,MT-A,점검 이상없음
WO-2024-01025,P1-CR1-PKL01,2024-06-23 14:34,2024-06-23 20:07,2024-06-23 20:37,BM,LUB,30,N,MT-1019,MT-D,오일 레벨 저하
WO-2024-01026,P1-SM1-DCF01,2024-06-23 18:59,2024-06-23 20:22,2024-06-23 22:10,TBM,,108,Y,MT-1010,MT-B,계획 점검 수행
WO-2024-01027,P1-CC2-LDT01,2024-06-23 23:56,2024-06-24 01:31,2024-06-24 04:12,TBM,,120,N,MT-1010,MT-B,"1호기 재발, 정기점검 - 이상없음"
WO-2024-01028,P1-CC2-PMP02,2024-06-24 07:23,2024-06-24 08:25,2024-06-24 11:14,TBM,LUB,130,N,MT-1001,MT-A,"2호기 재발, 급유 불량"
WO-2024-01029,P1-CR1-PMP01,2024-06-24 08:25,2024-06-24 10:43,2024-06-24 14:42,TBM,,239,N,MT-1006,MT-A,
WO-2024-01030,P1-SP2-EXF01,2024-06-24 22:32,2024-06-25 02:08,2024-06-25 06:24,TBM,,0,N,MT-1015,MT-C,
WO-2024-01031,P1-CC2-EMS01,2024-06-24 22:37,2024-06-25 01:46,2024-06-25 06:26,TBM,,0,N,MT-1014,MT-C,순회점검 후속
WO-2024-01032,P1-SP2-DCF01,2024-06-24 22:54,2024-06-25 01:53,2024-06-25 04:00,TBM,,85,N,MT-1015,MT-C,정기점검 - 이상없음
WO-2024-01033,P1-CC1-TUN01,2024-06-24 23:48,2024-06-25 01:15,2024-06-25 02:25,BM,BRG,69,N,MT-1013,MT-C,베어링 이상음
WO-2024-01034,P1-SM1-LFR01,2024-06-25 04:26,2024-06-25 05:30,2024-06-25 08:44,TBM,,145,N,MT-1024,MT-D,계획 점검 수행
WO-2024-01035,P1-CR1-INS01,2024-06-25 07:58,2024-06-25 08:21,2024-06-25 10:47,TBM,,145,N,MT-1010,MT-B,정기점검 - 이상없음
WO-2024-01036,P1-CC2-PMP02,2024-06-25 09:59,2024-06-25 15:56,2024-06-25 17:50,BM,BRG,114,N,MT-1011,MT-B,
WO-2024-01037,P1-BF2-BLW01,2024-06-25 14:13,2024-07-01 06:38,2024-07-01 09:27,CBM,,150,N,MT-1008,MT-B,화인 중
WO-2024-01038,P1-CC2-INS01,2024-06-25 20:01,2024-06-26 01:50,2024-06-26 11:17,BM,ELE,566,N,MT-1022,MT-D,  전류 불안정 
WO-2024-01039,P1-SP1-EXF01,2024-06-25 22:18,2024-06-30 06:43,2024-06-30 08:38,CBM,,115,N,MT-1023,MT-D,
WO-2024-01040,P1-BF2-BLW01,2024-06-25 22:31,2024-06-25 23:50,2024-06-26 02:05,TBM,UNB,95,Y,MT-1019,MT-D,진동치 증가
WO-2024-01041,P1-SP1-CLR01,2024-06-25 22:49,2024-06-26 03:39,2024-06-26 12:44,BM,,545,N,MT-1024,MT-D,재점검 필요
WO-2024-01042,P1-BF2-PCI01,2024-06-25 23:11,2024-06-26 04:24,2024-06-26 10:23,BM,,110,N,MT-1022,MT-D,현상 재현 안됨
WO-2024-01043,P1-SM1-BOF01,2024-06-26 06:35,2024-06-26 10:07,2024-06-26 11:25,TBM,,78,N,MT-1018,MT-C,"1호기 재발, 점검 이상없음"
WO-2024-01044,P1-BF1-BLW01,2024-06-26 06:58,2024-06-26 11:58,2024-06-26 20:12,BM,ETC,245,N,MT-1017,MT-C,현상 재현 안됨
WO-2024-01045,P1-CC2-SEG01,2024-06-26 14:36,2024-06-26 15:05,2024-06-26 18:35,TBM,,0,N,MT-1013,MT-C,계획 점검 수행
WO-2024-01046,P1-CR1-CRN01,2024-06-26 21:05,2024-06-27 01:21,2024-06-27 06:30,BM,ETC,309,N,MT-1003,MT-A,
WO-2024-01047,P1-CC2-SEG04,2024-06-27 06:42,2024-06-27 10:00,2024-06-27 19:39,BM,LUB,400,N,MT-1023,MT-D,누유 확인
WO-2024-01048,P1-CC1-TUN01,2024-06-27 07:08,2024-06-27 08:15,2024-06-27 09:03,BM,BRG,40,Y,MT-1024,MT-D,
WO-2024-01049,P1-CC2-SEG04,2024-06-27 07:20,2024-06-27 07:48,2024-06-27 12:08,TBM,,0,N,MT-1020,MT-D,정기점검 실시
WO-2024-01050,P1-BF2-HSV03,2024-06-27 14:34,2024-06-27 15:13,2024-06-27 17:49,TBM,ELE,0,N,MT-1019,MT-D,인버터 알람
WO-2024-01051,P1-CC1-SEG03,2024-06-27 22:39,2024-06-27 23:20,2024-06-28 03:03,TBM,,90,N,MT-1008,MT-B,정기점검 - 이상없음
WO-2024-01052,P1-SP2-AGT01,2024-06-27 23:06,2024-06-28 01:17,2024-06-28 03:13,TBM,,0,N,MT-1010,MT-B,"1호기 재발, 계획 점검 수행"
WO-2024-01053,P1-SP2-SNM01,2024-06-28 07:59,2024-06-28 12:06,2024-06-28 12:44,BM,ELE,37,Y,MT-1004,MT-A,절연 저하
WO-2024-01054,P1-SP2-AGT01,2024-06-29 07:09,2024-07-08 17:05,2024-07-09 00:16,CBM,BRG,431,N,MT-1011,MT-B,BRG 이음
WO-2024-01055,P1-BF2-BLW01,2024-06-29 15:22,2024-07-04 05:18,2024-07-04 11:29,CBM,,370,N,MT-1010,MT-B,"1호기 재발, 현상 재현 안됨"
WO-2024-01056,P1-CC1-MLD01,2024-06-30 05:31,2024-06-30 09:36,2024-06-30 16:34,BM,ETC,418,N,MT-1002,MT-A,재점검 필요
WO-2024-01057,P1-BF1-PCI01,2024-06-30 15:48,2024-06-30 20:58,2024-06-30 22:37,BM,WER,60,N,MT-1018,MT-C,  마모량 초과 
WO-2024-01058,P1-SP1-CRS01,2024-07-01 06:41,2024-07-01 07:48,2024-07-01 08:38,TBM,,0,N,MT-1019,MT-D,계획 점검 수행
WO-2024-01059,P1-SP1-DCF02,2024-07-01 07:00,2024-07-01 12:26,2024-07-01 14:21,BM,LUB,115,Y,MT-1021,MT-D,누유 확인
WO-2024-01060,P1-CR1-SPM01,2024-07-01 15:55,2024-07-01 17:34,2024-07-01 18:32,BM,BRG,57,N,MT-1021,MT-D,BRG 이음
WO-2024-01061,P1-CC1-MLD01,2024-07-01 17:58,2024-07-01 21:16,2024-07-01 22:54,TBM,,0,N,MT-1020,MT-D,계획 점검 수행
WO-2024-01062,P1-CR1-SPM01,2024-07-01 23:07,2024-07-05 22:14,2024-07-06 08:05,CBM,BRG,305,N,MT-1009,MT-B,BRG소음 확인
WO-2024-01063,P1-SP1-SCR01,2024-07-02 03:24,2024-07-02 05:15,2024-07-02 08:26,BM,LUB,191,N,MT-1017,MT-C,급유 불량
WO-2024-01064,P1-CC1-SCC01,2024-07-02 07:10,2024-07-02 10:34,2024-07-02 16:22,BM,,285,Y,MT-1004,MT-A,현상 재현 안됨
WO-2024-01065,P1-CC1-LDT01,2024-07-02 07:38,2024-07-02 11:30,2024-07-02 14:12,TBM,,0,Y,MT-1005,MT-A,정기점검 - 이상없음
WO-2024-01066,P1-CC2-MLD01,2024-07-02 16:15,2024-07-02 21:39,2024-07-02 22:53,BM,,73,N,MT-1006,MT-A,
WO-2024-01067,P1-CR1-WLD01,2024-07-02 19:14,2024-07-02 19:48,2024-07-03 00:09,TBM,,261,N,MT-1018,MT-C,정기점검 실시
WO-2024-01068,P1-CR1-SPM01,2024-07-02 22:37,2024-07-02 23:21,2024-07-03 01:53,TBM,,0,N,MT-1015,MT-C,"1호기 재발, 점검 이상없음"
WO-2024-01069,P1-CC1-SEG04,2024-07-03 06:03,2024-07-03 06:52,2024-07-03 08:41,TBM,,0,N,MT-1011,MT-B,정기점검 실시
WO-2024-01070,P1-SP2-EXF01-MTR,2024-07-03 06:30,2024-07-03 08:35,2024-07-03 09:34,TBM,,0,N,MT-1007,MT-B,TBM 점검
WO-2024-01071,P1-SM1-BOF01,2024-07-03 06:49,2024-07-03 10:47,2024-07-03 12:46,BM,ELE,65,Y,MT-1010,MT-B,
WO-2024-01072,P1-CC1-MLD01,2024-07-03 23:58,2024-07-04 00:33,2024-07-04 03:55,BM,WER,100,N,MT-1021,MT-D,
WO-2024-01073,P1-BF2-CAS01,2024-07-04 07:37,2024-07-04 09:11,2024-07-04 11:36,TBM,,145,N,MT-1018,MT-C,월간 점검 완료
WO-2024-01074,P1-CC1-INS01,2024-07-04 17:16,2024-07-06 11:39,2024-07-06 17:20,CBM,ELE,341,N,MT-1017,MT-C,모터 과열
WO-2024-01075,P1-CC2-SEG03,2024-07-04 22:22,2024-07-05 00:40,2024-07-05 03:35,TBM,,60,N,MT-1002,MT-A,
WO-2024-01076,P1-CR1-TCM01,2024-07-04 22:52,2024-07-05 01:26,2024-07-05 06:13,TBM,,0,N,MT-1001,MT-A,월간 점검 완료
WO-2024-01077,P1-CC2-MLD01,2024-07-04 23:34,2024-07-05 00:11,2024-07-05 16:04,BM,,952,N,MT-1001,MT-A,재점검 필요
WO-2024-01078,P1-CR1-RCL01,2024-07-05 04:10,2024-07-05 05:29,2024-07-05 09:52,TBM,,210,Y,MT-1008,MT-B,정기점검 실시
WO-2024-01079,P1-SP1-IGF01,2024-07-05 07:48,2024-07-05 08:01,2024-07-05 09:33,TBM,,0,Y,MT-1024,MT-D,정기점검검 실시
WO-2024-01080,P1-CC2-PMP02,2024-07-05 15:03,2024-07-05 20:17,2024-07-05 21:32,BM,ETC,75,N,MT-1022,MT-D,  원인 미상 
WO-2024-01081,P1-BF1-HSV01,2024-07-05 15:20,2024-07-05 17:28,2024-07-05 20:15,TBM,,0,N,MT-1020,MT-D,월간 점검 완료
WO-2024-01082,P1-CC1-SEG02,2024-07-05 22:13,2024-07-06 00:36,2024-07-06 05:26,TBM,,290,Y,MT-1008,MT-B,순회점검 후속
WO-2024-01083,P1-CR1-PMP02,2024-07-05 22:16,2024-07-05 23:28,2024-07-06 02:38,TBM,,189,Y,MT-1010,MT-B,점검 이상없음
WO-2024-01084,P1-SP1-EXF01-MTR,2024-07-05 22:25,2024-07-05 23:06,2024-07-06 02:12,TBM,,60,N,MT-1007,MT-B,정기점검 실시
WO-2024-01085,P1-SP1-DCF02,2024-07-05 22:29,2024-07-05 23:56,2024-07-06 03:43,TBM,WER,227,Y,MT-1007,MT-B,표면 마모 확인
WO-2024-01086,P1-CC2-PMP01,2024-07-06 06:48,2024-07-06 12:08,2024-07-06 13:56,BM,,55,N,MT-1004,MT-A,원인 미상
WO-2024-01087,P1-SP1-MIX01,2024-07-06 14:06,2024-07-06 16:44,2024-07-06 21:40,TBM,,215,N,MT-1004,MT-A,월간 점검 완료
WO-2024-01088,P1-SP1-EXF01,2024-07-06 14:08,2024-07-06 16:45,2024-07-06 21:24,TBM,,278,N,MT-1002,MT-A,TBM 점검
WO-2024-01089,P1-SM1-CRN02,2024-07-06 15:17,2024-07-06 19:08,2024-07-06 21:37,TBM,,90,Y,MT-1004,MT-A,
WO-2024-01090,P1-BF1-BLW01,2024-07-06 23:02,2024-07-10 19:46,2024-07-11 04:01,CBM,,494,Y,MT-1018,MT-C,
WO-2024-01091,P1-BF2-HSV01,2024-07-07 14:21,2024-07-07 15:53,2024-07-07 18:36,TBM,,0,N,MT-1009,MT-B,정기점검검 실시
WO-2024-01092,P1-CC2-MLD01,2024-07-07 22:50,2024-07-08 00:48,2024-07-08 03:03,BM,LUB,0,N,MT-1019,MT-D,
WO-2024-01093,P1-SP2-MIX01,2024-07-08 07:50,2024-07-08 13:26,2024-07-08 22:35,BM,BRG,390,N,MT-1016,MT-C,베어링 이상음
WO-2024-01094,P1-CR1-CAL01,2024-07-08 08:49,2024-07-08 11:11,2024-07-08 19:04,BM,ELE,405,Y,MT-1017,MT-C,"1호기 재발, 절연 저하"
WO-2024-01095,P1-SP1-AGT01,2024-07-08 21:22,2024-07-08 21:47,2024-07-09 05:11,BM,BRG,160,Y,MT-1004,MT-A,BRG소음 확인
WO-2024-01096,P1-SP2-EXF01,2024-07-08 19:58,2024-07-16 16:39,2024-07-16 23:03,CBM,ELE,383,N,MT-1002,MT-A,인버터 알람
WO-2024-01097,P1-SP2-CRS01,2024-07-08 22:31,2024-07-08 23:06,2024-07-09 01:36,TBM,,90,N,MT-1005,MT-A,계획 점검 수행
WO-2024-01098,P1-SP1-AGT01,2024-07-09 04:04,2024-07-09 04:05,2024-07-09 04:57,TBM,,30,N,MT-1008,MT-B,
WO-2024-01099,P1-CR1-CRN01,2024-07-09 06:25,2024-07-09 09:56,2024-07-09 18:43,BM,BRG,527,N,MT-1024,MT-D,  이상음 발생 
WO-2024-01100,P1-CC2-SEG02,2024-07-09 07:01,2024-07-09 09:24,2024-07-09 11:11,TBM,,106,N,MT-1021,MT-D,순회점검 후속
WO-2024-01101,P1-BF2-PCI01,2024-07-09 07:22,2024-07-09 10:35,2024-07-09 13:56,TBM,,65,N,MT-1019,MT-D,
WO-2024-01102,P1-SP2-AGT01-MTR,2024-07-09 07:47,2024-07-09 10:51,2024-07-09 13:03,TBM,,70,N,MT-1020,MT-D,
WO-2024-01103,P1-CR1-PKL01,2024-07-09 14:53,2024-07-09 20:00,2024-07-09 20:44,BM,ETC,44,N,MT-1020,MT-D,확인 중
WO-2024-01104,P1-SP1-EXF01,2024-07-09 15:46,2024-07-13 22:56,2024-07-14 03:09,CBM,ETC,253,N,MT-1024,MT-D,확인 중
WO-2024-01105,P1-CR1-SPM01-MTR,2024-07-09 22:53,2024-07-09 23:40,2024-07-10 02:29,BM,BRG,169,N,MT-1010,MT-B,BRG소음 확인
WO-2024-01106,P1-CR1-SPM01,2024-07-10 06:26,2024-07-12 12:08,2024-07-12 14:24,CBM,ETC,136,Y,MT-1005,MT-A,확인 중
WO-2024-01107,P1-CR1-WLD01,2024-07-10 11:47,2024-07-19 02:08,2024-07-19 12:02,CBM,ELE,445,N,MT-1002,MT-A,모터 과열
WO-2024-01108,P1-CC1-LDT01,2024-07-10 15:37,2024-07-10 20:21,2024-07-10 23:20,BM,LUB,178,Y,MT-1002,MT-A,  오일 레벨 저하 
WO-2024-01109,P1-SP1-BCV02,2024-07-10 18:28,2024-07-10 21:27,2024-07-11 11:55,BM,WER,867,N,MT-1015,MT-C,"2호기 재발, WEAR 확인"
WO-2024-01110,P1-BF1-PCI01,2024-07-10 22:02,2024-07-11 01:37,2024-07-11 05:45,TBM,,130,N,MT-1018,MT-C,"1호기 재발, 점검 이상없음"
WO-2024-01111,P1-CR1-CAL01,2024-07-10 22:24,2024-07-10 23:15,2024-07-11 00:05,TBM,,50,N,MT-1017,MT-C,
WO-2024-01112,P1-CC2-LDT01,2024-07-10 22:54,2024-07-11 01:42,2024-07-11 02:56,BM,LUB,25,Y,MT-1018,MT-C,급유 불량
WO-2024-01113,P1-CR1-CRN01,2024-07-11 06:17,2024-07-11 09:12,2024-07-11 12:58,TBM,,225,N,MT-1012,MT-B,정기점검 실시
WO-2024-01114,P1-BF1-HSV02,2024-07-11 06:43,2024-07-11 07:07,2024-07-11 08:57,TBM,,80,N,MT-1010,MT-B,정기점검 실시
WO-2024-01115,P1-BF1-BLW01,2024-07-11 07:08,2024-07-11 10:01,2024-07-11 14:08,TBM,BRG,0,N,MT-1010,MT-B,"1호기 재발, 구동측 베어링 발열"
WO-2024-01116,P1-CR1-PMP03,2024-07-11 14:03,2024-07-11 16:56,2024-07-11 18:51,TBM,,115,Y,MT-1011,MT-B,"3호기 재발, TBM 점검"
WO-2024-01117,P1-BF1-HSV03,2024-07-11 14:46,2024-07-11 15:56,2024-07-11 19:37,TBM,,220,Y,MT-1008,MT-B,
WO-2024-01118,P1-CC2-INS01,2024-07-12 06:24,2024-07-12 06:36,2024-07-12 07:57,TBM,,81,N,MT-1013,MT-C,월간 점검 완료
WO-2024-01119,P1-SP1-MIX02,2024-07-12 07:56,2024-07-12 11:00,2024-07-12 14:25,TBM,,0,Y,MT-1013,MT-C,정기점검 실시
WO-2024-01120,P1-SP2-IGF01,2024-07-12 07:59,2024-07-12 10:21,2024-07-12 13:22,TBM,,181,N,MT-1017,MT-C,"1호기 재발, 계획 점검 수행"
WO-2024-01121,P1-BF2-HSV02,2024-07-12 15:26,2024-07-12 19:11,2024-07-12 21:42,TBM,,0,N,MT-1016,MT-C,월간 점검 완료
WO-2024-01122,P1-SM1-LFR01,2024-07-12 15:50,2024-07-12 21:12,2024-07-13 10:37,BM,WER,295,Y,MT-1016,MT-C,"1호기 재발, WEAR 확인"
WO-2024-01123,P1-SM1-CRN01,2024-07-12 22:17,2024-07-13 00:19,2024-07-13 04:51,TBM,,271,N,MT-1006,MT-A,정기점검 실시
WO-2024-01124,P1-SP2-SNM01,2024-07-13 06:16,2024-07-13 07:23,2024-07-13 10:46,TBM,,135,N,MT-1022,MT-D,정기점검 - 이상없음
WO-2024-01125,P1-SP2-CLR01,2024-07-13 22:19,2024-07-13 23:17,2024-07-14 02:09,TBM,,0,N,MT-1007,MT-B,월간 점검 완료
WO-2024-01126,P1-BF2-BLW01,2024-07-13 23:36,2024-07-14 02:06,2024-07-14 04:13,BM,,80,Y,MT-1012,MT-B,특이사항
WO-2024-01127,P1-CC1-SEG01,2024-07-14 12:08,2024-07-14 13:06,2024-07-14 14:52,TBM,,105,N,MT-1001,MT-A,월간 점검 완료
WO-2024-01128,P1-SP2-BCV02,2024-07-14 14:22,2024-07-14 18:47,2024-07-14 23:03,BM,LUB,255,N,MT-1005,MT-A,급유 불량
WO-2024-01129,P1-CC2-SEG02,2024-07-14 21:10,2024-07-15 01:45,2024-07-15 10:49,BM,LUB,185,N,MT-1016,MT-C,급유 불량
WO-2024-01130,P1-CC2-MLD01,2024-07-14 21:18,2024-07-15 00:41,2024-07-15 02:03,TBM,,30,Y,MT-1018,MT-C,점검검 이상없음
WO-2024-01131,P1-SP1-SNM01,2024-07-14 23:23,2024-07-14 23:46,2024-07-15 00:42,TBM,,56,Y,MT-1015,MT-C,정기점검 - 이상없음
WO-2024-01132,P1-SP2-SNM01,2024-07-14 23:57,2024-07-15 02:11,2024-07-15 03:17,BM,ELE,65,N,MT-1014,MT-C,절연 저하
WO-2024-01133,P1-CC1-PMP01,2024-07-15 14:03,2024-07-15 16:47,2024-07-15 18:28,TBM,,40,N,MT-1012,MT-B,점검 이상없음
WO-2024-01134,P1-SP2-EXF01-MTR,2024-07-15 15:40,2024-07-19 09:17,2024-07-19 11:01,CBM,ELE,104,Y,MT-1010,MT-B,절연 저하
WO-2024-01135,P1-CC1-INS01,2024-07-15 22:41,2024-07-16 01:29,2024-07-16 09:32,BM,ETC,435,N,MT-1019,MT-D,"1호기 재발, 원인 미상"
WO-2024-01136,P1-BF1-CAS01,2024-07-16 01:38,2024-07-16 05:30,2024-07-16 06:50,TBM,,70,N,MT-1006,MT-A,월간 점검 완료
WO-2024-01137,P1-CC1-INS01,2024-07-16 12:26,2024-07-16 16:47,2024-07-16 18:36,BM,,65,N,MT-1017,MT-C,원인 미상
WO-2024-01138,P1-CC1-INS01,2024-07-16 22:14,2024-07-17 00:35,2024-07-17 03:21,TBM,,0,N,MT-1006,MT-A,순회점검 후속
WO-2024-01139,P1-SP1-AGT01-MTR,2024-07-16 22:19,2024-07-16 23:24,2024-07-17 04:24,TBM,,105,N,MT-1004,MT-A,점검 이상없음
WO-2024-01140,P1-SP1-DCF01,2024-07-16 23:28,2024-07-17 00:31,2024-07-17 03:39,TBM,,165,N,MT-1005,MT-A,계획 점검 수행
WO-2024-01141,P1-CC2-PMP01,2024-07-17 14:41,2024-07-17 17:58,2024-07-17 18:46,TBM,,0,N,MT-1024,MT-D,"1호기 재발, TBM 점검"
WO-2024-01142,P1-BF1-BFR01,2024-07-17 15:02,2024-07-17 15:09,2024-07-17 18:57,TBM,,228,Y,MT-1020,MT-D,정기점검 실시
WO-2024-01143,P1-CR1-PMP03,2024-07-17 15:04,2024-07-17 18:07,2024-07-17 22:53,BM,LUB,0,N,MT-1024,MT-D,급유 불량
WO-2024-01144,P1-CR1-RCL01,2024-07-17 23:14,2024-07-18 01:20,2024-07-18 02:10,TBM,,49,Y,MT-1012,MT-B,계획 점검 수행
WO-2024-01145,P1-SP2-DCF02,2024-07-17 23:37,2024-07-18 01:55,2024-07-18 06:03,TBM,,247,Y,MT-1007,MT-B,
WO-2024-01146,P1-CC2-SCC01,2024-07-18 06:13,2024-07-18 08:56,2024-07-18 12:58,TBM,,120,N,MT-1003,MT-A,정기점검 실시
WO-2024-01147,P1-CC1-PMP02,2024-07-18 19:24,2024-07-18 21:29,2024-07-19 01:59,TBM,,0,N,MT-1013,MT-C,  정기점검 - 이상없음 
WO-2024-01148,P1-CR1-PMP01,2024-07-18 22:42,2024-07-23 08:15,2024-07-23 13:16,CBM,ETC,200,N,MT-1013,MT-C,  현상 재현 안됨 
WO-2024-01149,P1-SM1-BOF02,2024-07-19 11:23,2024-07-19 12:57,2024-07-19 16:41,TBM,WER,0,N,MT-1007,MT-B,  마모 진행 
WO-2024-01150,P1-CC1-PMP01,2024-07-19 12:23,2024-07-22 18:59,2024-07-22 21:00,CBM,BRG,121,N,MT-1008,MT-B,구동측 베어링 발열
WO-2024-01151,P1-CC2-SEG03,2024-07-19 22:27,2024-07-19 22:42,2024-07-20 12:29,BM,LUB,827,N,MT-1021,MT-D,윤활유 누유
WO-2024-01152,P1-CC1-EMS01,2024-07-19 15:34,2024-07-19 16:51,2024-07-19 18:35,TBM,,0,N,MT-1010,MT-B,  정기점검 실시 
WO-2024-01153,P1-BF2-BFR01,2024-07-19 23:26,2024-07-20 00:00,2024-07-20 03:34,TBM,,190,N,MT-1024,MT-D,
WO-2024-01154,P1-CC2-SCC01,2024-07-20 07:14,2024-07-20 09:32,2024-07-20 13:32,BM,ETC,239,N,MT-1018,MT-C,
WO-2024-01155,P1-SP2-MIX01,2024-07-20 07:53,2024-07-20 10:59,2024-07-20 15:21,TBM,,170,N,MT-1017,MT-C,"1호기 재발, TBM 점검"
WO-2024-01156,P1-SP1-CLR01,2024-07-20 10:11,2024-07-20 11:38,2024-07-20 14:56,TBM,WER,198,N,MT-1015,MT-C,표면 마모 확인
WO-2024-01157,P1-CR1-PKL01,2024-07-20 19:48,2024-07-20 22:00,2024-07-21 01:38,TBM,,180,N,MT-1003,MT-A,정기점검 실시
WO-2024-01158,P1-SM1-DCF01,2024-07-20 21:18,2024-07-21 02:46,2024-07-21 17:31,BM,SEL,0,N,MT-1004,MT-A,냉각수 누설
WO-2024-01159,P1-SP1-SNM01,2024-07-21 05:23,2024-07-21 08:37,2024-07-21 12:25,BM,MAL,95,N,MT-1011,MT-B,
WO-2024-01160,P1-BF1-HSV02,2024-07-21 06:26,2024-07-21 10:25,2024-07-21 12:42,BM,WER,136,Y,MT-1019,MT-D,"2호기 재발, 마모량 초과"
WO-2024-01161,P1-BF1-BFR01,2024-07-21 06:38,2024-07-21 07:19,2024-07-21 13:19,BM,,145,N,MT-1022,MT-D,"1호기 재발, 확인 중"
WO-2024-01162,P1-CR1-WLD01,2024-07-21 15:13,2024-07-29 19:48,2024-07-29 21:55,CBM,ELE,126,N,MT-1023,MT-D,ELE 이상
WO-2024-01163,P1-CR1-SPM01-MTR,2024-07-21 19:27,2024-07-21 20:05,2024-07-22 01:04,TBM,,190,Y,MT-1012,MT-B,월간 점검 완료
WO-2024-01164,P1-CC1-TUN01,2024-07-21 15:49,2024-07-21 17:28,2024-07-21 19:41,TBM,,45,N,MT-1023,MT-D,순회점검 후속
WO-2024-01165,P1-SP2-EXF01,2024-07-21 23:07,2024-07-21 23:54,2024-07-22 03:54,TBM,,135,N,MT-1010,MT-B,월간 점검 완료
WO-2024-01166,P1-SP2-DCF02,2024-07-22 07:58,2024-07-22 11:34,2024-07-22 17:42,BM,WER,368,N,MT-1001,MT-A,마모량 초과
WO-2024-01167,P1-SP2-MIX02,2024-07-22 11:06,2024-07-22 13:09,2024-07-22 16:52,TBM,,180,N,MT-1004,MT-A,월간 점검 완료
WO-2024-01168,P1-CC2-TUN01,2024-07-22 15:11,2024-07-22 16:18,2024-07-22 17:14,TBM,,56,N,MT-1005,MT-A,월간 점검 완료
WO-2024-01169,P1-CC1-SCC01,2024-07-22 22:03,2024-07-23 01:04,2024-07-23 04:22,TBM,,198,Y,MT-1018,MT-C,
WO-2024-01170,P1-CC1-SEG03,2024-07-23 01:33,2024-07-23 04:19,2024-07-23 07:08,TBM,,65,N,MT-1022,MT-D,
WO-2024-01171,P1-CC2-PMP02,2024-07-23 14:41,2024-07-23 15:28,2024-07-23 18:54,TBM,,0,N,MT-1007,MT-B,월간 점검 완료
WO-2024-01172,P1-SP1-MIX01,2024-07-23 14:42,2024-07-23 14:57,2024-07-23 17:49,BM,ETC,171,N,MT-1012,MT-B,원인 미상
WO-2024-01173,P1-SP1-SNM01,2024-07-23 22:04,2024-07-24 00:42,2024-07-24 01:55,BM,WER,73,N,MT-1019,MT-D,WEAR 확인
WO-2024-01174,P1-CR1-INS01,2024-07-23 23:27,2024-07-24 01:11,2024-07-24 03:21,TBM,,0,N,MT-1024,MT-D,정기점검 - 이상없음
WO-2024-01175,P1-BF2-BLW01,2024-07-23 23:39,2024-07-24 02:51,2024-07-24 06:42,TBM,,185,N,MT-1021,MT-D,월간 점검 완료
WO-2024-01176,P1-BF1-HSV03,2024-07-24 14:40,2024-07-24 17:47,2024-07-24 22:10,BM,MAL,0,N,MT-1014,MT-C,제어 이상
WO-2024-01177,P1-BF1-HSV01,2024-07-24 15:54,2024-07-24 20:31,2024-07-24 22:21,BM,MAL,109,Y,MT-1017,MT-C,오작동 발생
WO-2024-01178,P1-CR1-CAL01,2024-07-24 23:33,2024-07-25 01:19,2024-07-25 10:55,BM,ELE,495,Y,MT-1002,MT-A,
WO-2024-01179,P1-CC2-SEG04,2024-07-24 23:34,2024-07-25 03:20,2024-07-25 08:00,TBM,,0,N,MT-1006,MT-A,TBM 점검
WO-2024-01180,P1-CC2-INS01,2024-07-25 03:30,2024-07-31 19:01,2024-07-31 23:48,CBM,ELE,0,N,MT-1011,MT-B,ELE 이상
WO-2024-01181,P1-SM1-BOF01,2024-07-25 13:58,2024-07-25 15:07,2024-07-25 17:20,TBM,,0,Y,MT-1022,MT-D,점검 이상없음
WO-2024-01182,P1-CR1-PMP01,2024-07-25 14:09,2024-07-25 15:44,2024-07-25 20:14,TBM,,110,N,MT-1020,MT-D,순회점검 후속
WO-2024-01183,P1-SM1-DCF01,2024-07-25 14:29,2024-07-25 16:59,2024-07-25 19:43,TBM,,0,N,MT-1022,MT-D,"1호기 재발, 정기점검 - 이상없음"
WO-2024-01184,P1-SP2-SNM01,2024-07-25 14:46,2024-07-25 20:09,2024-07-25 20:45,BM,,36,Y,MT-1022,MT-D,"1호기 재발, 원인 미상"
WO-2024-01185,P1-CC1-SCC01,2024-07-25 15:27,2024-07-25 16:48,2024-07-25 17:34,BM,ETC,35,N,MT-1021,MT-D,  원인 미상 
WO-2024-01186,P1-CC1-PMP01,2024-07-25 15:35,2024-07-30 23:55,2024-07-31 09:30,CBM,ELE,230,N,MT-1021,MT-D,모터 과열
WO-2024-01187,P1-BF2-HSV03,2024-07-25 15:51,2024-07-25 19:23,2024-07-25 20:51,TBM,,0,Y,MT-1019,MT-D,계획 점검 수행
WO-2024-01188,P1-BF1-PCI01,2024-07-25 22:51,2024-07-26 00:41,2024-07-26 02:29,TBM,,0,Y,MT-1008,MT-B,  계획 점검 수행 
WO-2024-01189,P1-CC2-SEG01,2024-07-25 22:54,2024-07-26 01:41,2024-07-26 03:49,TBM,LUB,0,N,MT-1012,MT-B,오일 레벨 저하
WO-2024-01190,P1-CC2-LDT01,2024-07-26 01:32,2024-07-26 03:18,2024-07-26 06:37,TBM,,199,N,MT-1015,MT-C,"1호기 재발, TBM 점검"
WO-2024-01191,P1-CR1-TCM01,2024-07-26 07:01,2024-07-27 01:58,2024-07-27 05:26,CBM,LUB,207,N,MT-1001,MT-A,누유 확인
WO-2024-01192,P1-CC2-PMP02,2024-07-26 07:02,2024-07-26 10:23,2024-07-26 11:14,BM,LUB,25,N,MT-1005,MT-A,윤활유 누유
WO-2024-01193,P1-SP2-DCF01,2024-07-26 09:14,2024-07-26 11:37,2024-07-26 15:09,TBM,,190,Y,MT-1001,MT-A,"1호기 재발, 월간 점검 완료"
WO-2024-01194,P1-SP2-AGT01,2024-07-26 14:48,2024-07-26 15:35,2024-07-26 19:23,TBM,,227,N,MT-1002,MT-A,정기점검 - 이상없음
WO-2024-01195,P1-SM1-RHD01,2024-07-26 15:39,2024-07-26 18:56,2024-07-26 20:51,TBM,,50,N,MT-1004,MT-A,정기점검 - 이상없음
WO-2024-01196,P1-CR1-PMP03,2024-07-26 22:08,2024-07-27 03:10,2024-07-27 20:34,BM,BRG,1043,N,MT-1013,MT-C,베어링 이상음
WO-2024-01197,P1-SM1-RHD01,2024-07-26 22:30,2024-07-26 23:26,2024-07-27 02:58,BM,LUB,120,N,MT-1013,MT-C,"1호기 재발, 오일 레벨 저하"
WO-2024-01198,P1-SP1-SCR02,2024-07-26 23:09,2024-07-27 02:59,2024-07-27 05:44,BM,LUB,135,Y,MT-1015,MT-C,그리스 부족
WO-2024-01199,P1-SM1-LFR01,2024-07-27 05:32,2024-07-27 09:10,2024-07-27 18:27,BM,WER,557,N,MT-1022,MT-D,"1호기 재발, WEAR 확인"
WO-2024-01200,P1-CC1-LDT01,2024-07-27 06:19,2024-07-27 07:27,2024-07-27 08:22,BM,LUB,55,N,MT-1008,MT-B,"1호기 재발, 누유 확인"
WO-2024-01201,P1-SM1-LFR01,2024-07-27 14:31,2024-07-27 15:16,2024-07-27 19:21,TBM,,0,N,MT-1012,MT-B,TBM 점검
WO-2024-01202,P1-BF2-BFR01,2024-07-27 15:46,2024-07-27 17:28,2024-07-27 18:57,BM,ELE,30,Y,MT-1012,MT-B,인버터 알람
WO-2024-01203,P1-CC2-EMS01,2024-07-27 15:53,2024-07-27 16:32,2024-07-27 17:58,TBM,MAL,0,N,MT-1007,MT-B,
WO-2024-01204,P1-BF2-BLW01,2024-07-28 07:14,2024-08-01 02:30,2024-08-01 08:13,CBM,ELE,290,N,MT-1013,MT-C,절연 저하
WO-2024-01205,P1-SP2-BCV01,2024-07-28 23:07,2024-07-29 01:07,2024-07-29 09:46,BM,LUB,185,Y,MT-1005,MT-A,오일 레벨 저하
WO-2024-01206,P1-BF2-BLW01,2024-07-29 04:09,2024-07-29 08:14,2024-07-29 11:19,BM,ETC,184,N,MT-1010,MT-B,특이사항
WO-2024-01207,P1-CC2-MLD01,2024-07-30 15:35,2024-07-30 18:55,2024-07-30 21:07,BM,ETC,80,N,MT-1005,MT-A,원인 미상
WO-2024-01208,P1-CC1-SEG02,2024-07-30 22:16,2024-07-31 01:07,2024-07-31 02:54,BM,UNB,70,N,MT-1017,MT-C,불평형 의심
WO-2024-01209,P1-SP2-AGT01,2024-07-31 15:52,2024-08-06 06:50,2024-08-06 13:24,CBM,BRG,393,N,MT-1008,MT-B,
WO-2024-01210,P1-SP1-EXF01,2024-07-31 22:49,2024-08-05 19:44,2024-08-06 02:44,CBM,BRG,0,N,MT-1024,MT-D,베어링 이상음
WO-2024-01211,P1-CR1-SPM01,2024-08-01 15:12,2024-08-01 16:45,2024-08-01 20:13,TBM,,0,N,MT-1014,MT-C,순회점검 후속
WO-2024-01212,P1-CR1-TCM01,2024-08-01 22:30,2024-08-02 00:03,2024-08-02 03:30,TBM,,145,N,MT-1003,MT-A,월간 점검 완료
WO-2024-01213,P1-SP1-MIX01,2024-08-01 22:58,2024-08-02 00:13,2024-08-02 05:01,TBM,,287,N,MT-1006,MT-A,
WO-2024-01214,P1-BF1-HSV01,2024-08-01 23:06,2024-08-02 01:46,2024-08-02 05:30,TBM,WER,224,Y,MT-1002,MT-A,WEAR 확인
WO-2024-01215,P1-CC2-SEG01,2024-08-01 22:58,2024-08-02 04:08,2024-08-02 05:44,BM,BRG,70,N,MT-1002,MT-A,BRG소음 확인
WO-2024-01216,P1-SP1-DCF02,2024-08-02 05:18,2024-08-02 08:19,2024-08-02 09:59,TBM,,99,N,MT-1011,MT-B,정기점검 실시
WO-2024-01217,P1-BF2-HSV02,2024-08-02 06:46,2024-08-02 08:20,2024-08-02 12:26,BM,ELE,245,N,MT-1019,MT-D,
WO-2024-01218,P1-BF1-BLW01,2024-08-02 07:25,2024-08-11 10:21,2024-08-11 12:54,CBM,LUB,95,N,MT-1022,MT-D,오일 레벨 저하
WO-2024-01219,P1-CR1-RCL01,2024-08-02 14:07,2024-08-02 14:30,2024-08-02 16:32,TBM,,122,N,MT-1019,MT-D,TBM 점검
WO-2024-01220,P1-SP1-EXF01,2024-08-02 14:50,2024-08-02 14:51,2024-08-02 18:42,TBM,,231,N,MT-1024,MT-D,계획 점검 수행
WO-2024-01221,P1-SP1-BCV02,2024-08-02 15:26,2024-08-02 16:57,2024-08-02 20:35,BM,ETC,217,N,MT-1019,MT-D,
WO-2024-01222,P1-CR1-PKL01,2024-08-02 20:54,2024-08-03 02:11,2024-08-03 05:22,BM,WER,190,N,MT-1010,MT-B,WEAR 확인
WO-2024-01223,P1-CR1-RCL01,2024-08-02 23:27,2024-08-03 00:59,2024-08-03 02:36,BM,,0,N,MT-1007,MT-B,"1호기 재발, 특이사항"
WO-2024-01224,P1-BF2-BLW01,2024-08-02 23:44,2024-08-03 21:09,2024-08-04 04:05,CBM,UNB,350,N,MT-1008,MT-B,진동치 증가
WO-2024-01225,P1-BF2-CAS01,2024-08-03 01:54,2024-08-03 02:11,2024-08-03 03:13,TBM,,30,N,MT-1016,MT-C,  월간 점검 완료 
WO-2024-01226,P1-CC1-INS01,2024-08-03 04:58,2024-08-03 09:22,2024-08-03 23:27,BM,ELE,455,N,MT-1013,MT-C,"1호기 재발, 절연 저하"
WO-2024-01227,P1-SP1-IGF01,2024-08-04 06:34,2024-08-04 07:48,2024-08-04 11:43,TBM,,185,N,MT-1011,MT-B,월간 점검 완료
WO-2024-01228,P1-CR1-SPM01,2024-08-04 06:36,2024-08-04 08:54,2024-08-05 06:56,BM,MAL,555,N,MT-1007,MT-B,인터록 작동
WO-2024-01229,P1-SP2-EXF01-MTR,2024-08-04 11:39,2024-08-04 13:57,2024-08-04 16:09,TBM,,132,N,MT-1009,MT-B,계획 점검 수행
WO-2024-01230,P1-BF2-BLW01,2024-08-04 13:53,2024-08-04 14:25,2024-08-04 17:03,BM,LUB,157,N,MT-1009,MT-B,오일 레벨 저하
WO-2024-01231,P1-CC2-SEG03,2024-08-04 15:17,2024-08-04 17:57,2024-08-04 20:04,TBM,,126,N,MT-1008,MT-B,월간 점검 완료
WO-2024-01232,P1-BF2-PCI01,2024-08-04 22:42,2024-08-05 00:40,2024-08-05 04:27,TBM,,226,N,MT-1020,MT-D,"1호기 재발, TBM 점검"
WO-2024-01233,P1-CC1-MLD01,2024-08-05 06:04,2024-08-05 08:02,2024-08-05 11:50,TBM,,0,N,MT-1014,MT-C,순회점검 후속
WO-2024-01234,P1-CC1-LDT01,2024-08-05 07:28,2024-08-05 09:57,2024-08-05 12:16,TBM,,75,N,MT-1017,MT-C,정기점검 - 이상없음
WO-2024-01235,P1-SM1-CRN02,2024-08-05 14:53,2024-08-05 16:48,2024-08-05 21:42,TBM,WER,294,N,MT-1014,MT-C,"2호기 재발, 마모 진행"
WO-2024-01236,P1-SP1-CRS01,2024-08-05 22:08,2024-08-05 23:09,2024-08-06 03:09,TBM,,240,N,MT-1003,MT-A,정기점검 실시
WO-2024-01237,P1-BF1-PCI01,2024-08-05 23:36,2024-08-06 03:00,2024-08-06 05:21,TBM,,141,Y,MT-1003,MT-A,계획 점검 수행
WO-2024-01238,P1-BF2-HSV01,2024-08-06 06:23,2024-08-06 06:38,2024-08-06 10:51,TBM,,252,Y,MT-1024,MT-D,점검 이상없음
WO-2024-01239,P1-CR1-PMP02,2024-08-06 06:58,2024-08-06 10:13,2024-08-06 13:57,TBM,,224,N,MT-1022,MT-D,
WO-2024-01240,P1-SP2-CRS01,2024-08-06 07:24,2024-08-11 09:42,2024-08-11 12:10,CBM,LUB,55,N,MT-1021,MT-D,
WO-2024-01241,P1-SP1-AGT01,2024-08-06 14:49,2024-08-12 01:54,2024-08-12 10:43,CBM,,528,N,MT-1022,MT-D,특이사항
WO-2024-01242,P1-CR1-SPM01,2024-08-06 15:07,2024-08-06 19:17,2024-08-06 21:05,BM,MAL,95,N,MT-1021,MT-D,설비 트립
WO-2024-01243,P1-CR1-WLD01,2024-08-06 16:53,2024-08-06 16:54,2024-08-06 20:50,TBM,,0,N,MT-1019,MT-D,점검 이상없음
WO-2024-01244,P1-SP2-EXF01,2024-08-06 22:38,2024-08-07 02:56,2024-08-07 06:47,BM,UNB,231,Y,MT-1010,MT-B,
WO-2024-01245,P1-SM1-LFR01,2024-08-07 03:49,2024-08-07 04:38,2024-08-07 06:53,BM,MAL,0,Y,MT-1015,MT-C,제어 이상
WO-2024-01246,P1-CR1-CRN01,2024-08-07 07:08,2024-08-07 10:52,2024-08-07 14:38,TBM,,226,N,MT-1001,MT-A,순회점검 후속
WO-2024-01247,P1-SP1-EXF01,2024-08-07 14:44,2024-08-07 15:27,2024-08-07 19:33,BM,BRG,125,N,MT-1004,MT-A,
WO-2024-01248,P1-BF2-HSV02,2024-08-08 05:55,2024-08-08 06:52,2024-08-08 08:57,TBM,,35,N,MT-1021,MT-D,  순회점검 후속 
WO-2024-01249,P1-SP2-CRS01,2024-08-08 07:05,2024-08-08 08:36,2024-08-08 11:02,TBM,,146,N,MT-1010,MT-B,
WO-2024-01250,P1-CR1-PMP03,2024-08-08 07:38,2024-08-08 09:15,2024-08-08 13:19,TBM,,243,N,MT-1009,MT-B,순회점검 후속
WO-2024-01251,P1-SM1-CRN01,2024-08-08 14:27,2024-08-08 17:13,2024-08-08 21:29,TBM,,256,N,MT-1010,MT-B,월간 점검 완료
WO-2024-01252,P1-CC1-SEG04,2024-08-08 15:41,2024-08-08 16:10,2024-08-08 16:57,TBM,SEL,40,N,MT-1010,MT-B,
WO-2024-01253,P1-CC1-SEG02,2024-08-08 22:35,2024-08-08 22:54,2024-08-09 03:06,TBM,SEL,170,N,MT-1022,MT-D,누수 발생
WO-2024-01254,P1-SP1-EXF01-MTR,2024-08-08 22:08,2024-08-09 01:06,2024-08-09 01:57,TBM,,50,N,MT-1020,MT-D,계획 점검 수행
WO-2024-01255,P1-SP2-CRS01,2024-08-08 23:20,2024-08-16 12:17,2024-08-16 15:07,CBM,MAL,170,N,MT-1023,MT-D,오작동 발생
WO-2024-01256,P1-BF1-BLW01,2024-08-09 01:12,2024-08-09 03:00,2024-08-09 10:01,BM,ELE,210,N,MT-1004,MT-A,"1호기 재발, 인버터 알람"
WO-2024-01257,P1-BF1-BLW01,2024-08-09 06:05,2024-08-09 07:31,2024-08-09 09:41,TBM,,129,N,MT-1015,MT-C,정기점검 실시
WO-2024-01258,P1-BF1-HSV02,2024-08-09 07:08,2024-08-09 10:13,2024-08-09 12:02,TBM,,0,Y,MT-1014,MT-C,월간 점검 완료
WO-2024-01259,P1-CR1-CAL01,2024-08-09 22:35,2024-08-10 01:48,2024-08-10 06:20,TBM,,0,N,MT-1001,MT-A,점검 이상없음
WO-2024-01260,P1-CR1-PMP01,2024-08-09 23:22,2024-08-13 08:47,2024-08-13 18:28,CBM,ELE,580,N,MT-1002,MT-A,ELE 이상
WO-2024-01261,P1-CR1-WLD01,2024-08-10 05:07,2024-08-18 21:42,2024-08-19 02:49,CBM,SEL,155,N,MT-1012,MT-B,SEAL 손상
WO-2024-01262,P1-BF2-BFR01,2024-08-10 06:49,2024-08-10 11:06,2024-08-10 20:01,BM,ELE,230,N,MT-1024,MT-D,ELE 이상
WO-2024-01263,P1-SP1-AGT01,2024-08-10 14:20,2024-08-10 17:54,2024-08-10 22:32,TBM,,278,N,MT-1024,MT-D,정기점검 실시
WO-2024-01264,P1-CR1-INS01,2024-08-10 14:50,2024-08-10 18:31,2024-08-11 03:12,BM,ELE,520,N,MT-1021,MT-D,"1호기 재발, ELE 이상"
WO-2024-01265,P1-CC2-INS01,2024-08-10 23:12,2024-08-12 00:59,2024-08-12 05:31,CBM,SEL,271,N,MT-1009,MT-B,
WO-2024-01266,P1-CR1-CAL01,2024-08-11 09:57,2024-08-11 14:06,2024-08-11 17:07,BM,MAL,60,N,MT-1006,MT-A,오작동 발생
WO-2024-01267,P1-CC1-SEG03,2024-08-11 14:26,2024-08-11 18:28,2024-08-12 02:54,BM,SEL,180,N,MT-1001,MT-A,  냉각수 누설 
WO-2024-01268,P1-CC2-INS01,2024-08-11 22:38,2024-08-12 14:52,2024-08-12 21:38,CBM,ETC,406,N,MT-1017,MT-C,특이사항
WO-2024-01269,P1-CR1-PMP03,2024-08-11 22:50,2024-08-12 04:49,2024-08-12 06:15,BM,LUB,85,N,MT-1016,MT-C,"3호기 재발, 급유 불량"
WO-2024-01270,P1-SP1-MIX02,2024-08-12 00:56,2024-08-12 03:39,2024-08-12 08:31,TBM,WER,292,N,MT-1020,MT-D,"2호기 재발, 마모 진행"
WO-2024-01271,P1-CR1-TCM01,2024-08-12 07:09,2024-08-12 09:21,2024-08-12 16:14,BM,WER,235,N,MT-1011,MT-B,라이너 마모
WO-2024-01272,P1-CC2-INS01,2024-08-12 13:21,2024-08-12 16:26,2024-08-12 18:59,TBM,,153,N,MT-1009,MT-B,월간 점검 완료
WO-2024-01273,P1-SP2-IGF01,2024-08-12 14:08,2024-08-12 14:23,2024-08-12 15:40,TBM,,77,N,MT-1010,MT-B,TBM 점검
WO-2024-01274,P1-CC2-SEG02,2024-08-12 17:43,2024-08-12 18:21,2024-08-12 22:47,TBM,,0,N,MT-1007,MT-B,
WO-2024-01275,P1-BF2-PCI01,2024-08-12 20:40,2024-08-12 21:13,2024-08-13 01:06,BM,SEL,232,N,MT-1024,MT-D,누수 발생
WO-2024-01276,P1-BF1-HSV03,2024-08-12 23:01,2024-08-13 01:23,2024-08-13 06:20,TBM,,296,Y,MT-1022,MT-D,정기점검 - 이상없음
WO-2024-01277,P1-CC2-SEG03,2024-08-13 06:17,2024-08-13 11:50,2024-08-13 12:44,BM,SEL,53,Y,MT-1018,MT-C,냉각수 누설
WO-2024-01278,P1-SP1-CRS01,2024-08-13 15:41,2024-08-13 17:36,2024-08-13 18:57,BM,BRG,80,N,MT-1015,MT-C,"1호기 재발, 베어링링 이상음"
WO-2024-01279,P1-SP2-SNM01,2024-08-13 23:51,2024-08-14 00:38,2024-08-14 02:22,TBM,,35,Y,MT-1002,MT-A,"1호기 재발, 순회점검 후속"
WO-2024-01280,P1-CC2-PMP01,2024-08-14 06:01,2024-08-14 07:39,2024-08-14 11:16,TBM,,216,N,MT-1021,MT-D,정기점검 - 이상없음
WO-2024-01281,P1-CR1-CAL01,2024-08-14 06:43,2024-08-14 09:00,2024-08-14 12:27,BM,WER,207,N,MT-1023,MT-D,마모량 초과
WO-2024-01282,P1-SP2-AGT01-MTR,2024-08-14 06:47,2024-08-14 08:08,2024-08-14 09:24,TBM,,75,N,MT-1020,MT-D,
WO-2024-01283,P1-CR1-TCM01,2024-08-14 06:53,2024-08-14 19:28,2024-08-15 03:18,CBM,,265,N,MT-1021,MT-D,원인 미상
WO-2024-01284,P1-CC1-SEG01,2024-08-14 14:48,2024-08-14 16:42,2024-08-14 21:01,TBM,,95,Y,MT-1024,MT-D,
WO-2024-01285,P1-CR1-RCL01,2024-08-14 14:57,2024-08-14 20:36,2024-08-15 05:19,BM,ETC,175,N,MT-1020,MT-D,재점검 필요
WO-2024-01286,P1-CC1-INS01,2024-08-14 15:51,2024-08-14 16:44,2024-08-14 18:59,TBM,,134,N,MT-1024,MT-D,계획 점검 수행
WO-2024-01287,P1-SP2-CRS01,2024-08-14 23:30,2024-08-15 02:36,2024-08-15 05:32,BM,,175,N,MT-1011,MT-B,원인 미상
WO-2024-01288,P1-CC2-PMP01,2024-08-15 02:53,2024-08-15 06:08,2024-08-15 13:06,BM,UNB,417,N,MT-1017,MT-C,불평형 의심
WO-2024-01289,P1-CR1-SPM01,2024-08-15 06:38,2024-08-18 08:39,2024-08-18 18:05,CBM,UNB,565,Y,MT-1003,MT-A,"1호기 재발, VIB 상승"
WO-2024-01290,P1-CC1-MLD01,2024-08-15 06:50,2024-08-15 12:01,2024-08-15 14:08,BM,SEL,0,Y,MT-1006,MT-A,패킹 누설
WO-2024-01291,P1-SP2-EXF01-MTR,2024-08-15 07:22,2024-08-15 08:44,2024-08-15 10:03,BM,ELE,35,Y,MT-1005,MT-A,
WO-2024-01292,P1-SP2-CLR01,2024-08-15 23:36,2024-08-16 00:09,2024-08-16 03:37,TBM,,208,N,MT-1015,MT-C,순회점검 후속
WO-2024-01293,P1-CC1-TUN01,2024-08-16 07:00,2024-08-16 07:24,2024-08-16 16:23,BM,ETC,538,N,MT-1007,MT-B,현상 재현 안됨
WO-2024-01294,P1-CC2-MLD01,2024-08-16 14:14,2024-08-16 17:56,2024-08-16 20:57,TBM,,181,N,MT-1011,MT-B,"1호기 재발, 점검 이상없음"
WO-2024-01295,P1-SP2-DCF01,2024-08-16 15:07,2024-08-16 17:51,2024-08-16 18:30,BM,WER,35,N,MT-1012,MT-B,
WO-2024-01296,P1-SP1-DCF01,2024-08-16 22:02,2024-08-16 22:20,2024-08-17 02:50,TBM,WER,175,N,MT-1022,MT-D,표면 마모 확인
WO-2024-01297,P1-CR1-PKL01,2024-08-16 22:02,2024-08-17 01:54,2024-08-17 04:49,TBM,,174,N,MT-1019,MT-D,
WO-2024-01298,P1-CC2-INS01,2024-08-17 01:04,2024-08-17 02:06,2024-08-17 06:10,BM,MAL,215,N,MT-1002,MT-A,제어 이상
WO-2024-01299,P1-CC1-PMP02,2024-08-17 06:27,2024-08-17 06:53,2024-08-17 07:45,TBM,,51,Y,MT-1014,MT-C,
WO-2024-01300,P1-SP1-EXF01,2024-08-17 06:51,2024-08-27 02:14,2024-08-27 07:33,CBM,ETC,318,N,MT-1016,MT-C,
WO-2024-01301,P1-SM1-BOF02,2024-08-17 14:43,2024-08-17 18:26,2024-08-17 19:40,TBM,,74,Y,MT-1013,MT-C,월간 점검 완료
WO-2024-01302,P1-BF1-BLW01,2024-08-17 07:29,2024-08-17 07:43,2024-08-17 10:49,BM,BRG,186,N,MT-1014,MT-C,
WO-2024-01303,P1-CR1-SPM01-MTR,2024-08-17 14:52,2024-08-17 14:58,2024-08-17 15:53,TBM,,0,Y,MT-1016,MT-C,월간 점검 완료
WO-2024-01304,P1-BF1-CAS01,2024-08-17 14:58,2024-08-17 16:23,2024-08-17 20:50,TBM,,0,N,MT-1015,MT-C,
WO-2024-01305,P1-SP2-DCF02,2024-08-17 19:07,2024-08-17 19:26,2024-08-17 22:43,TBM,,196,N,MT-1004,MT-A,점검 이상없음
WO-2024-01306,P1-SP2-MIX01,2024-08-18 06:15,2024-08-18 07:46,2024-08-18 11:55,TBM,,248,N,MT-1024,MT-D,정기점검 - 이상없음
WO-2024-01307,P1-SM1-BOF01,2024-08-18 22:20,2024-08-19 00:53,2024-08-19 10:03,BM,MAL,549,N,MT-1008,MT-B,인터록 작동
WO-2024-01308,P1-SP1-CLR01,2024-08-18 14:38,2024-08-18 15:03,2024-08-18 16:35,TBM,,35,N,MT-1021,MT-D,월간 점검검 완료
WO-2024-01309,P1-CC1-PMP01,2024-08-18 23:18,2024-08-19 02:17,2024-08-19 05:39,TBM,UNB,0,N,MT-1011,MT-B,
WO-2024-01310,P1-BF1-BFR01,2024-08-18 23:30,2024-08-19 00:17,2024-08-19 05:15,TBM,,255,N,MT-1009,MT-B,정기점검 - 이상없음
WO-2024-01311,P1-SP1-SNM01,2024-08-19 03:11,2024-08-19 06:59,2024-08-19 07:54,TBM,MAL,40,N,MT-1018,MT-C,"1호기 재발, 제어 이상"
WO-2024-01312,P1-CC1-EMS01,2024-08-19 07:24,2024-08-19 07:34,2024-08-19 08:31,TBM,,56,N,MT-1004,MT-A,월간 점검 완료
WO-2024-01313,P1-SP2-MIX02,2024-08-19 15:06,2024-08-19 15:50,2024-08-19 19:35,TBM,,165,N,MT-1006,MT-A,
WO-2024-01314,P1-BF2-HSV03,2024-08-19 22:24,2024-08-19 23:40,2024-08-20 00:45,BM,MAL,20,N,MT-1016,MT-C,"3호기 재발, 인터록 작동"
WO-2024-01315,P1-BF2-BFR01,2024-08-20 07:11,2024-08-20 07:57,2024-08-20 10:34,TBM,,157,N,MT-1012,MT-B,순회점검 후속
WO-2024-01316,P1-CC2-SCC01,2024-08-20 14:28,2024-08-20 15:15,2024-08-20 18:40,TBM,,95,N,MT-1010,MT-B,"1호기 재발, 정기점검 실시"
WO-2024-01317,P1-SP1-EXF01,2024-08-20 22:15,2024-08-21 02:39,2024-08-21 04:01,BM,UNB,82,N,MT-1022,MT-D,진동 상승
WO-2024-01318,P1-SP1-AGT01-MTR,2024-08-20 22:21,2024-08-21 00:55,2024-08-21 05:16,TBM,,261,N,MT-1024,MT-D,"1호기 재발, 정기점검 실시"
WO-2024-01319,P1-CC2-SEG01,2024-08-21 08:21,2024-08-21 10:42,2024-08-21 15:27,TBM,,285,N,MT-1017,MT-C,"1호기 재발, 정기점검 실시"
WO-2024-01320,P1-CC2-INS01,2024-08-21 10:31,2024-08-28 17:46,2024-08-29 03:39,CBM,ELE,593,N,MT-1013,MT-C,
WO-2024-01321,P1-SP1-AGT01,2024-08-21 11:16,2024-08-21 14:00,2024-08-21 14:46,BM,,45,N,MT-1018,MT-C,특이사항
WO-2024-01322,P1-CC1-TUN01,2024-08-21 15:47,2024-08-21 18:52,2024-08-21 22:57,TBM,BRG,245,N,MT-1013,MT-C,"1호기 재발, 베어링 이상음"
WO-2024-01323,P1-SP2-EXF01,2024-08-21 14:02,2024-08-21 19:45,2024-08-22 01:01,BM,ETC,315,Y,MT-1017,MT-C,현상 재현 안됨
WO-2024-01324,P1-CC2-PMP01,2024-08-21 15:53,2024-08-24 04:59,2024-08-24 08:18,CBM,UNB,198,N,MT-1016,MT-C,"1호기 재발, 불평형 의심"
WO-2024-01325,P1-CC1-SCC01,2024-08-21 22:35,2024-08-21 22:40,2024-08-22 00:55,TBM,,70,N,MT-1002,MT-A,TBM 점검
WO-2024-01326,P1-BF2-HSV03,2024-08-22 06:37,2024-08-22 07:28,2024-08-22 08:59,TBM,,91,N,MT-1019,MT-D,"3호기 재발, 정기점검 - 이상없음"
WO-2024-01327,P1-SP2-EXF01,2024-08-22 11:37,2024-08-22 11:50,2024-08-22 12:43,TBM,,0,N,MT-1019,MT-D,TBM 점검
WO-2024-01328,P1-BF2-PCI01,2024-08-22 07:21,2024-08-22 13:11,2024-08-22 21:21,BM,WER,490,N,MT-1019,MT-D,
WO-2024-01329,P1-CC2-TUN01,2024-08-22 23:16,2024-08-23 02:46,2024-08-23 05:21,TBM,,155,Y,MT-1009,MT-B,월간 점검 완료
WO-2024-01330,P1-CC1-PMP01,2024-08-23 08:11,2024-08-23 12:45,2024-08-23 15:21,BM,UNB,155,N,MT-1005,MT-A,  진동치 증가 
WO-2024-01331,P1-CC1-SEG03,2024-08-24 06:13,2024-08-24 08:45,2024-08-24 10:04,TBM,,78,N,MT-1012,MT-B,
WO-2024-01332,P1-SM1-RHD01,2024-08-24 14:52,2024-08-24 17:45,2024-08-24 20:12,TBM,,147,N,MT-1008,MT-B,"1호기 재발, 월간 점검 완료"
WO-2024-01333,P1-CC2-SEG04,2024-08-24 15:37,2024-08-24 19:22,2024-08-24 23:25,TBM,,242,N,MT-1009,MT-B,정기점검 - 이상없음
WO-2024-01334,P1-CR1-PMP01,2024-08-24 22:07,2024-08-25 01:36,2024-08-25 05:35,TBM,,0,N,MT-1019,MT-D,"1호기 재발, 월간 점검 완료"
WO-2024-01335,P1-CR1-INS01,2024-08-24 22:30,2024-08-25 00:15,2024-08-25 01:58,TBM,,103,N,MT-1024,MT-D,"1호기 재발, 정기점검 - 이상없음"
WO-2024-01336,P1-SP2-AGT01,2024-08-24 23:06,2024-08-25 01:53,2024-08-25 05:07,TBM,,0,N,MT-1023,MT-D,
WO-2024-01337,P1-CC2-TUN01,2024-08-25 06:02,2024-08-25 10:55,2024-08-25 13:15,BM,LUB,139,N,MT-1015,MT-C,그리스 부족
WO-2024-01338,P1-BF1-BLW01,2024-08-25 07:07,2024-08-25 08:11,2024-08-26 05:40,BM,ELE,710,N,MT-1016,MT-C,절연 저하
WO-2024-01339,P1-CC2-SCC01,2024-08-25 14:55,2024-08-25 16:54,2024-08-25 18:05,BM,BRG,71,N,MT-1013,MT-C,"1호기 재발, 베어링 이상음"
WO-2024-01340,P1-CC2-INS01,2024-08-25 15:36,2024-08-31 08:27,2024-08-31 16:07,CBM,ELE,459,N,MT-1016,MT-C,인버터 알람
WO-2024-01341,P1-SM1-CRN01,2024-08-25 15:37,2024-08-25 18:04,2024-08-25 20:45,BM,LUB,160,N,MT-1013,MT-C,"1호기 재발, 그리스 부족"
WO-2024-01342,P1-SM1-DCF01,2024-08-25 22:00,2024-08-25 23:26,2024-08-26 00:18,TBM,,52,N,MT-1004,MT-A,
WO-2024-01343,P1-SP2-DCF01,2024-08-26 07:42,2024-08-26 11:39,2024-08-26 14:47,TBM,,120,N,MT-1022,MT-D,월간 점검 완료
WO-2024-01344,P1-SP1-SNM01,2024-08-26 18:14,2024-08-26 21:40,2024-08-27 01:09,BM,ELE,209,N,MT-1011,MT-B,
WO-2024-01345,P1-CR1-TCM01,2024-08-26 22:49,2024-09-01 00:16,2024-09-01 04:54,CBM,MAL,278,N,MT-1010,MT-B,  인터록 작동 
WO-2024-01346,P1-CR1-CAL01,2024-08-27 07:37,2024-08-27 11:03,2024-08-28 04:27,BM,ELE,610,Y,MT-1003,MT-A,"1호기 재발, 모터 과열"
WO-2024-01347,P1-CR1-PKL01,2024-08-27 14:10,2024-09-01 14:52,2024-09-01 20:19,CBM,WER,260,Y,MT-1002,MT-A,
WO-2024-01348,P1-SM1-LFR01,2024-08-27 14:24,2024-08-27 16:57,2024-08-27 19:19,TBM,,0,N,MT-1002,MT-A,  월간 점검 완료 
WO-2024-01349,P1-CC2-EMS01,2024-08-27 15:05,2024-08-27 16:44,2024-08-27 20:18,TBM,,213,N,MT-1004,MT-A,계획 점검 수행
WO-2024-01350,P1-CC2-LDT01,2024-08-27 15:08,2024-08-27 17:56,2024-08-27 22:12,TBM,,105,N,MT-1005,MT-A,계획 점검 수행
WO-2024-01351,P1-CC2-PMP02,2024-08-27 15:27,2024-08-27 17:12,2024-08-27 18:17,TBM,,0,Y,MT-1002,MT-A,계획 점검 수행
WO-2024-01352,P1-BF2-BLW01,2024-08-27 15:43,2024-08-27 18:10,2024-08-27 20:02,TBM,,112,Y,MT-1006,MT-A,계획 점검 수행
WO-2024-01353,P1-SM1-BOF01,2024-08-27 22:02,2024-08-27 22:13,2024-08-28 02:17,TBM,,0,N,MT-1014,MT-C,"1호기 재발, 월간 점검 완료"
WO-2024-01354,P1-SP1-DCF01,2024-08-28 14:24,2024-09-03 08:00,2024-09-03 17:27,CBM,,566,Y,MT-1008,MT-B,확인 중
WO-2024-01355,P1-SM1-BOF02,2024-08-29 15:28,2024-08-29 17:22,2024-08-29 19:11,BM,,109,N,MT-1017,MT-C,재점검 필요
WO-2024-01356,P1-SP2-EXF01,2024-08-31 06:38,2024-09-03 19:24,2024-09-04 04:31,CBM,ELE,280,N,MT-1003,MT-A,  전류 불안정 
WO-2024-01357,P1-CR1-WLD01,2024-08-31 14:14,2024-08-31 16:38,2024-09-01 02:12,BM,MAL,573,Y,MT-1004,MT-A,"1호기 재발, 인터록 작동"
WO-2024-01358,P1-CR1-SPM01,2024-09-01 06:38,2024-09-01 08:54,2024-09-01 13:38,TBM,,283,N,MT-1011,MT-B,정기점검 - 이상없음
WO-2024-01359,P1-SP2-EXF01-MTR,2024-09-01 07:31,2024-09-01 07:32,2024-09-01 11:15,TBM,,0,N,MT-1012,MT-B,점검 이상없음
WO-2024-01360,P1-CC1-MLD01,2024-09-01 10:53,2024-09-01 14:23,2024-09-01 16:04,TBM,,101,N,MT-1008,MT-B,TBM 점검
WO-2024-01361,P1-BF1-CAS01,2024-09-01 14:03,2024-09-01 14:21,2024-09-01 18:56,BM,LUB,105,N,MT-1011,MT-B,급유 불량
WO-2024-01362,P1-CR1-WLD01,2024-09-01 14:48,2024-09-01 15:13,2024-09-01 18:32,TBM,,0,N,MT-1012,MT-B,월간 점검 완료
WO-2024-01363,P1-BF2-HSV02,2024-09-01 14:58,2024-09-01 17:37,2024-09-02 03:15,BM,WER,578,N,MT-1010,MT-B,표면 마모 확인
WO-2024-01364,P1-CC1-SEG01,2024-09-01 15:50,2024-09-01 17:12,2024-09-01 21:02,BM,WER,229,Y,MT-1009,MT-B,WEAR 확인
WO-2024-01365,P1-SP2-BCV03,2024-09-01 19:28,2024-09-01 23:19,2024-09-02 02:55,TBM,,0,N,MT-1023,MT-D,TBM 점검
WO-2024-01366,P1-CC1-PMP01,2024-09-01 20:37,2024-09-02 01:22,2024-09-02 17:43,BM,BRG,981,N,MT-1020,MT-D,"1호기 재발, BRG 이음"
WO-2024-01367,P1-CR1-PMP01,2024-09-01 22:21,2024-09-08 20:43,2024-09-09 03:52,CBM,UNB,428,N,MT-1021,MT-D,진동치 증가
WO-2024-01368,P1-SP1-CRS01,2024-09-01 22:32,2024-09-01 23:18,2024-09-02 01:46,TBM,,147,N,MT-1023,MT-D,"1호기 재발, 계획 점검 수행"
WO-2024-01369,P1-CC2-SEG03,2024-09-01 23:08,2024-09-02 02:00,2024-09-02 06:52,TBM,,291,N,MT-1021,MT-D,정기점검 실시
WO-2024-01370,P1-CR1-SPM01,2024-09-02 00:07,2024-09-02 04:43,2024-09-02 05:46,BM,LUB,50,N,MT-1006,MT-A,누유 확인
WO-2024-01371,P1-SP1-DCF02,2024-09-02 06:51,2024-09-02 09:23,2024-09-02 13:44,TBM,LUB,0,N,MT-1018,MT-C,"  2호기 재발, 오일 레벨 저하 "
WO-2024-01372,P1-CR1-RCL01,2024-09-02 07:46,2024-09-02 11:08,2024-09-02 12:12,TBM,,20,N,MT-1017,MT-C,"1호기 재발, 점검 이상없음"
WO-2024-01373,P1-SP2-SCR01,2024-09-02 15:13,2024-09-02 18:48,2024-09-02 22:56,TBM,,0,N,MT-1016,MT-C,"1호기 재발, 정기점검 - 이상없음"
WO-2024-01374,P1-CR1-WLD01,2024-09-02 17:57,2024-09-02 23:22,2024-09-03 19:52,BM,SEL,680,N,MT-1015,MT-C,
WO-2024-01375,P1-BF2-HSV01,2024-09-03 02:24,2024-09-03 05:06,2024-09-03 05:57,TBM,MAL,20,N,MT-1009,MT-B,인터록 작동
WO-2024-01376,P1-SP2-BCV02,2024-09-03 06:27,2024-09-03 08:46,2024-09-03 11:57,TBM,,0,N,MT-1024,MT-D,순회점검 후속
WO-2024-01377,P1-SP2-AGT01,2024-09-03 09:53,2024-09-03 13:10,2024-09-03 17:54,BM,LUB,283,N,MT-1021,MT-D,"1호기 재발, 오일 레벨 저하"
WO-2024-01378,P1-SP1-MIX01,2024-09-03 12:15,2024-09-03 14:00,2024-09-03 18:29,TBM,,0,N,MT-1020,MT-D,
WO-2024-01379,P1-SP1-EXF01-MTR,2024-09-03 14:43,2024-09-03 16:48,2024-09-03 18:04,TBM,,0,N,MT-1021,MT-D,순회점검 후속
WO-2024-01380,P1-SM1-CRN02,2024-09-03 18:54,2024-09-03 20:50,2024-09-03 21:57,TBM,,66,N,MT-1008,MT-B,TBM 점검
WO-2024-01381,P1-BF2-CAS01,2024-09-03 22:32,2024-09-03 22:36,2024-09-04 00:43,TBM,,126,N,MT-1012,MT-B,월간 점검 완료
WO-2024-01382,P1-SP1-CLR01,2024-09-03 23:33,2024-09-10 09:39,2024-09-10 12:08,CBM,MAL,148,Y,MT-1009,MT-B,제어 이상
WO-2024-01383,P1-SP1-BCV04,2024-09-04 06:51,2024-09-04 10:05,2024-09-04 10:54,TBM,,49,N,MT-1003,MT-A,계획 점검 수행
WO-2024-01384,P1-CC1-EMS01,2024-09-04 14:02,2024-09-04 15:45,2024-09-04 17:58,BM,ETC,80,N,MT-1005,MT-A,"1호기 재발, 원인 미상"
WO-2024-01385,P1-CC1-SEG02,2024-09-04 14:40,2024-09-04 18:35,2024-09-04 21:08,TBM,WER,0,N,MT-1006,MT-A,"2호기 재발, 라이너 마모"
WO-2024-01386,P1-BF1-HSV01,2024-09-04 22:07,2024-09-05 00:33,2024-09-05 04:32,TBM,ELE,239,N,MT-1014,MT-C,"  1호기 재발, ELE 이상 "
WO-2024-01387,P1-CC2-TUN01,2024-09-04 23:25,2024-09-05 04:08,2024-09-05 07:10,BM,WER,60,N,MT-1015,MT-C,"1호기 재발, 마모량 초과"
WO-2024-01388,P1-SP1-EXF01,2024-09-05 06:12,2024-09-05 09:16,2024-09-05 13:48,TBM,,271,N,MT-1009,MT-B,정기점검 - 이상없음
WO-2024-01389,P1-SP1-BCV01,2024-09-04 23:29,2024-09-05 00:56,2024-09-05 05:23,TBM,,0,N,MT-1017,MT-C,정기점검 실시
WO-2024-01390,P1-SP2-CRS01,2024-09-05 14:19,2024-09-05 17:54,2024-09-05 20:38,TBM,,150,N,MT-1010,MT-B,정기점검 실시
WO-2024-01391,P1-SP2-AGT01-MTR,2024-09-05 15:50,2024-09-12 07:54,2024-09-12 11:19,CBM,ETC,140,N,MT-1011,MT-B,재점검 필요
WO-2024-01392,P1-CR1-WLD01,2024-09-05 17:41,2024-09-09 02:45,2024-09-09 12:10,CBM,SEL,0,N,MT-1011,MT-B,
WO-2024-01393,P1-CR1-TCM01,2024-09-06 07:17,2024-09-06 10:43,2024-09-06 11:44,TBM,,35,Y,MT-1016,MT-C,계획 점검 수행
WO-2024-01394,P1-CR1-PMP02,2024-09-06 14:55,2024-09-06 15:04,2024-09-06 18:38,TBM,,160,N,MT-1014,MT-C,월간 점검 완료
WO-2024-01395,P1-SP1-IGF01,2024-09-06 15:53,2024-09-06 16:52,2024-09-06 20:19,TBM,,70,Y,MT-1014,MT-C,
WO-2024-01396,P1-SP1-SCR02,2024-09-06 19:20,2024-09-06 22:04,2024-09-06 23:35,TBM,,91,N,MT-1001,MT-A,정기점검 실시
WO-2024-01397,P1-BF1-BFR01,2024-09-06 22:24,2024-09-06 23:38,2024-09-07 07:48,BM,WER,490,Y,MT-1005,MT-A,표면 마모 확인
WO-2024-01398,P1-CC2-MLD01,2024-09-07 04:25,2024-09-07 08:26,2024-09-07 10:08,BM,,95,N,MT-1008,MT-B,특이사항
WO-2024-01399,P1-CC1-SEG04,2024-09-07 07:15,2024-09-07 09:56,2024-09-07 11:04,TBM,,55,N,MT-1021,MT-D,정기점검 실시
WO-2024-01400,P1-SP1-DCF02,2024-09-08 07:37,2024-09-08 13:25,2024-09-08 14:37,BM,LUB,45,N,MT-1005,MT-A,급유 불량
WO-2024-01401,P1-CC1-LDT01,2024-09-07 07:41,2024-09-07 08:12,2024-09-07 09:42,TBM,,0,N,MT-1019,MT-D,TBM 점검
WO-2024-01402,P1-BF1-BLW01,2024-09-08 07:54,2024-09-08 10:48,2024-09-08 14:43,TBM,,0,N,MT-1005,MT-A,정기점검검 실시
WO-2024-01403,P1-SP1-SCR01,2024-09-08 22:11,2024-09-09 01:24,2024-09-09 04:33,TBM,,135,N,MT-1017,MT-C,
WO-2024-01404,P1-CC2-PMP02,2024-09-08 23:40,2024-09-09 00:29,2024-09-09 02:29,BM,ETC,95,Y,MT-1015,MT-C,재점검 필요
WO-2024-01405,P1-BF1-HSV02,2024-09-09 07:26,2024-09-09 10:51,2024-09-09 12:47,TBM,,0,N,MT-1007,MT-B,  정기점검 실시 
WO-2024-01406,P1-BF2-PCI01,2024-09-09 14:46,2024-09-09 16:59,2024-09-09 18:44,TBM,,105,N,MT-1012,MT-B,
WO-2024-01407,P1-SM1-BOF02,2024-09-09 15:28,2024-09-09 17:51,2024-09-09 20:42,BM,MAL,145,Y,MT-1008,MT-B,
WO-2024-01408,P1-SP1-BCV03,2024-09-10 01:27,2024-09-10 01:36,2024-09-10 04:24,TBM,,168,N,MT-1002,MT-A,TBM 점검
WO-2024-01409,P1-CC1-SEG01,2024-09-10 02:22,2024-09-10 02:28,2024-09-10 05:45,TBM,,125,N,MT-1004,MT-A,계획 점검 수행
WO-2024-01410,P1-CR1-CRN01,2024-09-10 05:54,2024-09-10 09:53,2024-09-10 13:48,TBM,,235,N,MT-1004,MT-A,월간 점검 완료
WO-2024-01411,P1-BF1-PCI01,2024-09-10 07:39,2024-09-10 11:17,2024-09-10 15:03,TBM,,90,N,MT-1014,MT-C,"1호기 재발, 계획 점검 수행"
WO-2024-01412,P1-SP1-BCV03,2024-09-10 16:16,2024-09-10 20:05,2024-09-10 20:41,BM,ETC,30,N,MT-1015,MT-C,"3호기 재발, 재점검 필요"
WO-2024-01413,P1-SP1-BCV02,2024-09-10 22:55,2024-09-10 23:43,2024-09-11 04:02,TBM,,0,N,MT-1001,MT-A,순회점검검 후속
WO-2024-01414,P1-CR1-INS01,2024-09-10 23:38,2024-09-11 00:49,2024-09-11 03:58,BM,ELE,175,N,MT-1006,MT-A,ELE 이상
WO-2024-01415,P1-SP2-CLR01,2024-09-11 00:15,2024-09-11 03:30,2024-09-11 08:18,TBM,,288,N,MT-1009,MT-B,정기점검 - 이상없음
WO-2024-01416,P1-SM1-CRN01,2024-09-11 06:11,2024-09-11 09:29,2024-09-11 10:27,TBM,,55,N,MT-1021,MT-D,"1호기 재발, 점검 이상없음"
WO-2024-01417,P1-SP2-SNM01,2024-09-11 06:39,2024-09-11 10:04,2024-09-11 14:25,TBM,,0,Y,MT-1021,MT-D,계획 점검 수행
WO-2024-01418,P1-SM1-BOF02,2024-09-11 07:04,2024-09-11 07:23,2024-09-11 16:31,BM,WER,547,N,MT-1020,MT-D,마모 진행
WO-2024-01419,P1-CR1-CAL01,2024-09-11 12:55,2024-09-11 17:01,2024-09-11 20:05,BM,ELE,184,N,MT-1023,MT-D,  절연 저하 
WO-2024-01420,P1-BF2-HSV02,2024-09-11 19:47,2024-09-11 22:27,2024-09-12 00:34,TBM,,126,N,MT-1012,MT-B,순회점검 후속
WO-2024-01421,P1-CR1-CAL01,2024-09-11 23:31,2024-09-12 01:37,2024-09-12 06:12,TBM,,274,N,MT-1008,MT-B,정기점검 - 이상없음
WO-2024-01422,P1-SP2-MIX01,2024-09-12 18:07,2024-09-12 20:45,2024-09-12 23:26,BM,MAL,130,N,MT-1013,MT-C,동작 불량
WO-2024-01423,P1-CC1-LDT01,2024-09-11 23:34,2024-09-12 01:14,2024-09-12 07:04,BM,WER,120,N,MT-1008,MT-B,"1호기 재발, 마모 진행"
WO-2024-01424,P1-BF1-HSV03,2024-09-12 22:19,2024-09-12 23:02,2024-09-13 03:57,TBM,,0,N,MT-1018,MT-C,계획 점검 수행
WO-2024-01425,P1-SP2-DCF02,2024-09-13 00:46,2024-09-13 01:49,2024-09-13 04:39,TBM,,110,Y,MT-1023,MT-D,점검 이상없음
WO-2024-01426,P1-BF2-BLW01,2024-09-13 04:09,2024-09-13 04:21,2024-09-14 01:37,BM,BRG,1276,N,MT-1019,MT-D,"1호기 재발, BRG 이음"
WO-2024-01427,P1-SP2-AGT01-MTR,2024-09-13 06:27,2024-09-13 07:53,2024-09-13 09:01,TBM,BRG,35,N,MT-1010,MT-B,  구동측 베어링 발열 
WO-2024-01428,P1-CR1-PMP03,2024-09-13 09:37,2024-09-13 12:33,2024-09-13 16:49,TBM,,256,Y,MT-1008,MT-B,월간 점검 완료
WO-2024-01429,P1-CC2-PMP01,2024-09-13 22:47,2024-09-22 10:20,2024-09-22 17:13,CBM,BRG,413,N,MT-1024,MT-D,BRG소음 확인
WO-2024-01430,P1-CC2-SCC01,2024-09-13 23:17,2024-09-14 02:17,2024-09-14 03:47,BM,ETC,60,N,MT-1024,MT-D,"1호기 재발, 특이사항"
WO-2024-01431,P1-SP2-EXF01,2024-09-13 23:55,2024-09-18 17:25,2024-09-18 22:57,CBM,ELE,332,N,MT-1020,MT-D,전류 불안정
WO-2024-01432,P1-SP1-AGT01,2024-09-14 03:26,2024-09-14 03:27,2024-09-14 07:25,TBM,,237,N,MT-1003,MT-A,
WO-2024-01433,P1-SP1-MIX02,2024-09-14 06:32,2024-09-14 07:18,2024-09-14 09:31,TBM,,0,N,MT-1017,MT-C,
WO-2024-01434,P1-CC2-SEG04,2024-09-14 07:20,2024-09-14 10:04,2024-09-15 06:37,BM,ETC,1232,N,MT-1018,MT-C,재점검 필요
WO-2024-01435,P1-BF1-CAS01,2024-09-14 07:32,2024-09-14 09:08,2024-09-14 13:41,TBM,,0,Y,MT-1013,MT-C,"1호기 재발, 순회점검 후속"
WO-2024-01436,P1-CC2-INS01,2024-09-14 11:13,2024-09-14 12:52,2024-09-14 15:40,TBM,,0,N,MT-1018,MT-C,점검 이상없음
WO-2024-01437,P1-CC2-SEG02,2024-09-14 23:27,2024-09-15 00:29,2024-09-15 04:04,TBM,,215,N,MT-1004,MT-A,
WO-2024-01438,P1-SP1-SNM01,2024-09-14 23:48,2024-09-15 03:45,2024-09-15 07:16,TBM,,110,N,MT-1001,MT-A,TBM 점검
WO-2024-01439,P1-SP2-EXF01-MTR,2024-09-15 06:01,2024-09-15 07:06,2024-09-15 08:56,TBM,,110,N,MT-1021,MT-D,
WO-2024-01440,P1-SP2-BCV03,2024-09-15 07:23,2024-09-15 10:23,2024-09-15 12:40,TBM,,136,N,MT-1020,MT-D,정기수리 부속작업
WO-2024-01441,P1-BF2-BFR01,2024-09-15 14:30,2024-09-15 20:00,2024-09-16 00:35,BM,ELE,110,Y,MT-1023,MT-D,  인버터 알람 
WO-2024-01442,P1-SP2-SNM01,2024-09-15 14:59,2024-09-15 16:58,2024-09-15 21:33,TBM,,115,N,MT-1021,MT-D,SD작업 수행
WO-2024-01443,P1-SP2-SNM01,2024-09-15 15:06,2024-09-15 16:41,2024-09-15 23:45,TBM,,0,N,MT-1022,MT-D,  정기수리 실시 
WO-2024-01444,P1-SP2-BCV04,2024-09-15 17:37,2024-09-15 21:32,2024-09-16 03:09,TBM,,260,N,MT-1020,MT-D,정기수리 실시
WO-2024-01445,P1-CC1-EMS01,2024-09-15 22:16,2024-09-15 23:01,2024-09-16 05:14,BM,,372,N,MT-1012,MT-B,확인 중
WO-2024-01446,P1-SP2-SCR02,2024-09-15 22:23,2024-09-15 23:31,2024-09-16 04:02,TBM,,271,N,MT-1011,MT-B,월간 점검 완료
WO-2024-01447,P1-SP2-DCF02,2024-09-15 23:10,2024-09-16 02:45,2024-09-16 08:54,TBM,,0,N,MT-1010,MT-B,정기수리 부속작업
WO-2024-01448,P1-SP2-SCR02,2024-09-15 23:26,2024-09-16 02:01,2024-09-16 03:48,TBM,,50,N,MT-1007,MT-B,정기수리 부속작업
WO-2024-01449,P1-SP2-IGF01,2024-09-16 01:36,2024-09-16 04:31,2024-09-16 12:27,TBM,,0,N,MT-1018,MT-C,"1호기 재발, 정기수리 부속작업"
WO-2024-01450,P1-SP2-MIX01,2024-09-16 06:36,2024-09-16 07:05,2024-09-16 09:26,TBM,WER,55,N,MT-1002,MT-A,마모량 초과
WO-2024-01451,P1-SP2-AGT01,2024-09-16 07:02,2024-09-16 08:27,2024-09-16 15:24,TBM,,417,N,MT-1002,MT-A,  SD작업 수행 
WO-2024-01452,P1-SP2-IGF01,2024-09-16 07:16,2024-09-16 09:49,2024-09-16 11:52,TBM,,65,N,MT-1004,MT-A,정기수리 부속작업
WO-2024-01453,P1-SP2-CLR01,2024-09-16 07:17,2024-09-16 10:44,2024-09-16 11:53,TBM,,35,N,MT-1002,MT-A,정기수리 부속작업
WO-2024-01454,P1-SP2-CLR01,2024-09-16 13:32,2024-09-16 17:25,2024-09-16 20:12,TBM,,90,N,MT-1001,MT-A,정기수리 부속작업
WO-2024-01455,P1-SP2-MIX01,2024-09-16 14:00,2024-09-16 14:42,2024-09-16 20:21,TBM,,0,N,MT-1006,MT-A,정기수리 부속작업
WO-2024-01456,P1-SP2-AGT01,2024-09-16 14:22,2024-09-16 16:10,2024-09-16 23:55,TBM,,340,N,MT-1002,MT-A,  정기수리 실시 
WO-2024-01457,P1-SP2-AGT01,2024-09-16 16:47,2024-09-16 18:31,2024-09-16 23:11,TBM,,280,N,MT-1003,MT-A,
WO-2024-01458,P1-SP1-IGF01,2024-09-16 18:14,2024-09-16 21:34,2024-09-16 23:16,BM,ETC,102,N,MT-1014,MT-C,확인 중
WO-2024-01459,P1-CC2-PMP01,2024-09-16 22:19,2024-09-17 00:47,2024-09-17 04:51,TBM,,205,N,MT-1018,MT-C,순회점검 후속
WO-2024-01460,P1-SP2-AGT01,2024-09-16 22:51,2024-09-17 00:17,2024-09-17 03:09,TBM,,171,N,MT-1016,MT-C,"1호기 재발, 정기수리 실시"
WO-2024-01461,P1-SP2-AGT01-MTR,2024-09-16 23:50,2024-09-17 00:36,2024-09-17 04:09,TBM,,212,N,MT-1018,MT-C,SD작업 수행
WO-2024-01462,P1-SP1-CLR01,2024-09-16 23:54,2024-09-17 00:20,2024-09-17 01:47,TBM,,0,N,MT-1016,MT-C,TBM 점검
WO-2024-01463,P1-SP2-SCR01,2024-09-17 06:25,2024-09-17 06:54,2024-09-17 11:35,TBM,LUB,280,N,MT-1012,MT-B,그리스 부족
WO-2024-01464,P1-SP2-IGF01,2024-09-17 06:32,2024-09-17 08:53,2024-09-17 13:17,TBM,,263,N,MT-1009,MT-B,순회점검 후속
WO-2024-01465,P1-SP2-CRS01,2024-09-17 06:47,2024-09-17 08:43,2024-09-17 11:17,TBM,,153,N,MT-1011,MT-B,정기수리 부속작업
WO-2024-01466,P1-SP2-CLR01,2024-09-17 06:50,2024-09-17 09:07,2024-09-17 11:49,TBM,,65,N,MT-1009,MT-B,SD작업 수행
WO-2024-01467,P1-CR1-CAL01,2024-09-17 07:21,2024-09-23 21:35,2024-09-24 05:26,CBM,,0,N,MT-1007,MT-B,  재점검 필요 
WO-2024-01468,P1-SP2-BCV03,2024-09-17 07:24,2024-09-17 11:06,2024-09-17 18:43,TBM,,457,N,MT-1008,MT-B,정기수리 부속작업
WO-2024-01469,P1-SP2-DCF02,2024-09-17 07:33,2024-09-17 08:18,2024-09-17 09:34,TBM,,70,N,MT-1012,MT-B,"2호기 재발, SD작업 수행"
WO-2024-01470,P1-SP2-SNM01,2024-09-17 10:18,2024-09-17 12:27,2024-09-17 13:59,TBM,MAL,0,N,MT-1007,MT-B,제어 이상
WO-2024-01471,P1-SP2-CRS01,2024-09-17 13:21,2024-09-17 16:16,2024-09-17 22:06,TBM,,350,N,MT-1008,MT-B,
WO-2024-01472,P1-SP2-MIX02,2024-09-17 14:46,2024-09-17 18:13,2024-09-17 20:12,TBM,,119,N,MT-1012,MT-B,
WO-2024-01473,P1-CC1-INS01,2024-09-17 14:47,2024-09-17 18:23,2024-09-17 19:11,TBM,,47,N,MT-1009,MT-B,TBM 점검
WO-2024-01474,P1-SP2-EXF01,2024-09-17 15:28,2024-09-17 18:17,2024-09-18 01:13,TBM,,365,N,MT-1007,MT-B,정기수리 실시
WO-2024-01475,P1-CC2-MLD01,2024-09-17 15:33,2024-09-17 19:08,2024-09-17 21:51,TBM,,163,N,MT-1009,MT-B,TBM 점검
WO-2024-01476,P1-SP2-EXF01-MTR,2024-09-17 15:45,2024-09-17 19:39,2024-09-17 20:53,TBM,,55,N,MT-1012,MT-B,SD작업 수행
WO-2024-01477,P1-SP1-AGT01-MTR,2024-09-17 17:24,2024-09-17 19:09,2024-09-17 21:26,TBM,,136,N,MT-1010,MT-B,순회점검 후속
WO-2024-01478,P1-SP2-DCF01,2024-09-17 17:54,2024-09-17 20:34,2024-09-18 00:09,TBM,,110,N,MT-1010,MT-B,수리기간 중 점검
WO-2024-01479,P1-SP2-MIX02,2024-09-17 20:15,2024-09-17 21:22,2024-09-18 02:34,TBM,LUB,140,N,MT-1023,MT-D,급유 불량
WO-2024-01480,P1-SP2-BCV01,2024-09-17 21:10,2024-09-18 00:11,2024-09-18 05:40,TBM,,329,N,MT-1020,MT-D,SD작업 수행
WO-2024-01481,P1-BF2-HSV01,2024-09-17 22:06,2024-09-17 23:31,2024-09-18 03:19,BM,ETC,228,N,MT-1020,MT-D,  원인 미상 
WO-2024-01482,P1-CR1-PKL01,2024-09-17 23:10,2024-09-18 00:38,2024-09-18 05:24,TBM,,0,N,MT-1021,MT-D,TBM 점검
WO-2024-01483,P1-SP2-CRS01,2024-09-17 22:16,2024-09-17 22:28,2024-09-18 03:40,TBM,,150,N,MT-1024,MT-D,정기수리 부속작업
WO-2024-01484,P1-SP2-MIX02,2024-09-17 23:24,2024-09-18 02:56,2024-09-18 06:13,TBM,,0,N,MT-1024,MT-D,정기수리 실시
WO-2024-01485,P1-SP2-DCF02,2024-09-17 23:29,2024-09-18 01:52,2024-09-18 08:56,TBM,,160,N,MT-1021,MT-D,수리기간 중 점검
WO-2024-01486,P1-SP2-CRS01,2024-09-17 23:39,2024-09-18 00:04,2024-09-18 01:53,TBM,,109,N,MT-1019,MT-D,정기수리 부속작업
WO-2024-01487,P1-SP2-MIX02,2024-09-18 01:33,2024-09-18 05:18,2024-09-18 09:10,TBM,,231,N,MT-1001,MT-A,정기수리 부속작업
WO-2024-01488,P1-BF2-BFR01,2024-09-18 06:17,2024-09-18 08:11,2024-09-18 12:55,TBM,,283,N,MT-1017,MT-C,TBM 점검
WO-2024-01489,P1-SP2-BCV01,2024-09-18 07:03,2024-09-18 09:38,2024-09-18 15:11,TBM,,333,N,MT-1018,MT-C,
WO-2024-01490,P1-CC1-SEG02,2024-09-18 14:42,2024-09-18 18:06,2024-09-18 22:15,TBM,,190,Y,MT-1017,MT-C,순회점검 후속
WO-2024-01491,P1-SP2-BCV02,2024-09-18 15:43,2024-09-18 19:06,2024-09-18 21:09,TBM,,0,N,MT-1016,MT-C,"2호기 재발, 정기수리 부속작업"
WO-2024-01492,P1-SP2-SCR01,2024-09-18 18:57,2024-09-18 22:51,2024-09-19 03:40,TBM,LUB,0,N,MT-1005,MT-A,누유 확인
WO-2024-01493,P1-SP2-IGF01,2024-09-18 22:41,2024-09-19 02:17,2024-09-19 07:46,TBM,,329,N,MT-1002,MT-A,"1호기 재발, 정기수리 실시"
WO-2024-01494,P1-CC1-PMP01,2024-09-18 23:00,2024-09-19 00:42,2024-09-19 01:36,TBM,,35,Y,MT-1005,MT-A,계획 점검 수행
WO-2024-01495,P1-CR1-DCF01,2024-09-19 06:21,2024-09-19 07:16,2024-09-19 20:31,BM,LUB,490,N,MT-1022,MT-D,급유 불량
WO-2024-01496,P1-SP2-BCV02,2024-09-19 06:46,2024-09-19 10:16,2024-09-19 15:01,TBM,LUB,0,N,MT-1022,MT-D,"  2호기 재발, 오일 레벨 저하 "
WO-2024-01497,P1-SP2-AGT01-MTR,2024-09-19 07:21,2024-09-19 08:12,2024-09-19 14:50,TBM,,235,N,MT-1021,MT-D,  수리기간 중 점검 
WO-2024-01498,P1-SP2-IGF01,2024-09-19 07:25,2024-09-19 09:43,2024-09-19 11:40,TBM,WER,0,N,MT-1021,MT-D,WEAR 확인
WO-2024-01499,P1-CR1-DCF01,2024-09-19 13:08,2024-09-19 13:40,2024-09-19 15:50,TBM,,85,N,MT-1024,MT-D,계획 점검 수행
WO-2024-01500,P1-CC2-INS01,2024-09-19 08:04,2024-09-19 08:56,2024-09-19 13:43,BM,LUB,287,N,MT-1020,MT-D,
WO-2024-01501,P1-SM1-BOF01,2024-09-19 13:43,2024-09-19 14:44,2024-09-20 06:29,BM,WER,770,Y,MT-1023,MT-D,마모량 초과
WO-2024-01502,P1-SP2-BCV02,2024-09-19 14:03,2024-09-19 16:42,2024-09-19 22:49,TBM,,367,N,MT-1019,MT-D,"2호기 재발, SD작업 수행"
WO-2024-01503,P1-SP2-CRS01,2024-09-19 14:27,2024-09-19 16:39,2024-09-19 22:21,TBM,,341,N,MT-1022,MT-D,
WO-2024-01504,P1-SP2-BCV01,2024-09-19 14:44,2024-09-19 17:48,2024-09-19 19:06,TBM,,77,N,MT-1024,MT-D,수리기간 중 점검
WO-2024-01505,P1-SP2-SCR02,2024-09-19 15:04,2024-09-19 15:27,2024-09-19 19:00,TBM,MAL,90,N,MT-1019,MT-D,"2호기 재발, 설비 트립"
WO-2024-01506,P1-SP2-AGT01,2024-09-19 19:23,2024-09-19 23:02,2024-09-20 00:31,TBM,,88,N,MT-1007,MT-B,
WO-2024-01507,P1-SP2-EXF01-MTR,2024-09-19 22:00,2024-09-20 01:46,2024-09-20 07:59,TBM,,0,N,MT-1011,MT-B,수리기간 중 점검
WO-2024-01508,P1-CR1-RCL01,2024-09-19 22:36,2024-09-19 23:04,2024-09-19 23:56,BM,BRG,50,N,MT-1009,MT-B,BRG소음 확인
WO-2024-01509,P1-SP2-MIX01,2024-09-19 23:04,2024-09-20 02:16,2024-09-20 09:26,TBM,,390,N,MT-1011,MT-B,
WO-2024-01510,P1-BF1-HSV03,2024-09-19 23:11,2024-09-19 23:45,2024-09-20 02:49,BM,MAL,183,N,MT-1011,MT-B,제어 이상
WO-2024-01511,P1-SM1-BOF02,2024-09-20 00:35,2024-09-20 00:39,2024-09-20 03:21,TBM,,161,N,MT-1018,MT-C,
WO-2024-01512,P1-SP2-MIX01,2024-09-20 06:21,2024-09-20 08:48,2024-09-20 12:21,TBM,,213,N,MT-1004,MT-A,정기점검 - 이상없음
WO-2024-01513,P1-SP1-DCF01,2024-09-20 07:57,2024-09-20 11:54,2024-09-20 15:03,TBM,LUB,70,N,MT-1001,MT-A,윤활유 누유
WO-2024-01514,P1-CR1-INS01,2024-09-20 07:21,2024-09-20 08:00,2024-09-20 12:18,TBM,,0,N,MT-1001,MT-A,월간 점검 완료
WO-2024-01515,P1-CC1-EMS01,2024-09-20 15:43,2024-09-20 19:37,2024-09-21 00:10,TBM,,165,N,MT-1005,MT-A,월간 점검 완료
WO-2024-01516,P1-CR1-SPM01-MTR,2024-09-20 15:05,2024-09-20 15:45,2024-09-20 19:03,TBM,,197,N,MT-1001,MT-A,정기점검검 - 이상없음
WO-2024-01517,P1-SP2-EXF01,2024-09-20 16:21,2024-09-20 18:29,2024-09-20 20:58,TBM,LUB,80,N,MT-1004,MT-A,오일 레벨 저하
WO-2024-01518,P1-SP2-MIX02,2024-09-20 17:31,2024-09-20 21:21,2024-09-21 04:34,TBM,,0,N,MT-1002,MT-A,"2호기 재발, 수리기간 중 점검"
WO-2024-01519,P1-SP2-CLR01,2024-09-20 23:42,2024-09-21 02:33,2024-09-21 04:03,TBM,,45,N,MT-1015,MT-C,수리기간 중 점검
WO-2024-01520,P1-SP2-SCR02,2024-09-21 07:34,2024-09-21 08:54,2024-09-21 13:25,TBM,,271,N,MT-1010,MT-B,수리기간 중 점검
WO-2024-01521,P1-SP2-BCV02,2024-09-21 08:13,2024-09-21 08:46,2024-09-21 11:02,TBM,,135,N,MT-1010,MT-B,
WO-2024-01522,P1-SP2-EXF01,2024-09-21 15:48,2024-09-21 18:03,2024-09-21 20:50,TBM,,140,N,MT-1011,MT-B,"1호기 재발, 정기수리 부속작업"
WO-2024-01523,P1-SP2-BCV01,2024-09-21 15:56,2024-09-21 18:39,2024-09-22 01:32,TBM,,0,N,MT-1012,MT-B,"1호기 재발, SD작업 수행"
WO-2024-01524,P1-SP2-DCF02,2024-09-21 16:06,2024-09-21 18:11,2024-09-21 23:55,TBM,,0,N,MT-1012,MT-B,  정기수리 부속작업 
WO-2024-01525,P1-SP2-MIX01,2024-09-21 22:11,2024-09-21 23:58,2024-09-22 03:19,TBM,,201,N,MT-1024,MT-D,정기수리 실시
WO-2024-01526,P1-SM1-RHD01,2024-09-21 22:40,2024-09-22 00:48,2024-09-22 04:18,TBM,,0,N,MT-1020,MT-D,계획 점검 수행
WO-2024-01527,P1-BF1-BFR01,2024-09-21 23:49,2024-09-22 02:36,2024-09-22 03:52,TBM,,0,N,MT-1019,MT-D,
WO-2024-01528,P1-SP2-SCR02,2024-09-22 04:38,2024-09-22 05:04,2024-09-22 06:14,TBM,,0,N,MT-1002,MT-A,"2호기 재발, 수리기간 중 점검"
WO-2024-01529,P1-BF1-BLW01,2024-09-22 07:34,2024-09-22 11:45,2024-09-22 12:15,BM,UNB,10,N,MT-1017,MT-C,진동치 증가
WO-2024-01530,P1-CC1-INS01,2024-09-22 09:23,2024-09-22 15:18,2024-09-23 02:44,BM,ETC,686,N,MT-1014,MT-C,
WO-2024-01531,P1-SP2-BCV04,2024-09-22 09:25,2024-09-22 11:19,2024-09-22 13:26,TBM,,0,N,MT-1015,MT-C,SD작업 수행
WO-2024-01532,P1-CC2-SCC01,2024-09-22 14:27,2024-09-22 16:42,2024-09-22 20:00,TBM,MAL,197,N,MT-1016,MT-C,동작 불량
WO-2024-01533,P1-CC1-PMP02,2024-09-22 14:41,2024-09-22 18:18,2024-09-22 21:41,TBM,,130,N,MT-1014,MT-C,점검 이상없음
WO-2024-01534,P1-CC2-TUN01,2024-09-22 14:56,2024-09-22 16:07,2024-09-22 20:07,TBM,,240,N,MT-1014,MT-C,계획 점검 수행
WO-2024-01535,P1-SP2-CLR01,2024-09-22 15:05,2024-09-22 16:35,2024-09-22 22:36,TBM,,0,N,MT-1017,MT-C,정기수리 실시
WO-2024-01536,P1-CR1-CAL01,2024-09-22 15:25,2024-09-22 19:36,2024-09-22 20:42,BM,ETC,55,N,MT-1015,MT-C,"1호기 재발, 확인 중"
WO-2024-01537,P1-CC1-SCC01,2024-09-22 15:36,2024-09-22 17:55,2024-09-22 22:16,TBM,WER,260,N,MT-1014,MT-C,WEAR 확인
WO-2024-01538,P1-SP2-MIX02,2024-09-22 15:51,2024-09-22 19:05,2024-09-23 01:10,TBM,,364,N,MT-1014,MT-C,SD작업 수행
WO-2024-01539,P1-SP2-SNM01,2024-09-22 16:25,2024-09-22 17:15,2024-09-22 23:24,TBM,,0,N,MT-1017,MT-C,  정기수리 부속작업 
WO-2024-01540,P1-SP2-DCF01,2024-09-22 16:33,2024-09-22 18:06,2024-09-22 21:15,TBM,,165,N,MT-1018,MT-C,
WO-2024-01541,P1-CC2-SEG04,2024-09-22 22:01,2024-09-22 22:22,2024-09-22 23:29,TBM,,0,N,MT-1006,MT-A,순회점검 후속
WO-2024-01542,P1-CC1-INS01,2024-09-22 23:36,2024-09-24 09:51,2024-09-24 13:35,CBM,ETC,120,N,MT-1002,MT-A,확인 중
WO-2024-01543,P1-SM1-DCF01,2024-09-23 06:30,2024-09-23 09:02,2024-09-23 09:58,TBM,,50,N,MT-1020,MT-D,"1호기 재발, 계획 점검 수행"
WO-2024-01544,P1-SP1-BCV03,2024-09-23 06:01,2024-09-23 08:56,2024-09-23 17:00,BM,,0,Y,MT-1024,MT-D,확인 중
WO-2024-01545,P1-CC2-LDT01,2024-09-23 07:45,2024-09-23 12:46,2024-09-23 21:06,BM,SEL,185,Y,MT-1021,MT-D,냉각수 누설
WO-2024-01546,P1-SP1-AGT01,2024-09-23 14:40,2024-09-27 03:44,2024-09-27 06:39,CBM,UNB,174,N,MT-1023,MT-D,불평형 의심
WO-2024-01547,P1-BF1-BLW01,2024-09-23 22:17,2024-10-02 23:02,2024-10-03 04:53,CBM,ETC,125,Y,MT-1007,MT-B,원인 미상
WO-2024-01548,P1-SP2-AGT01,2024-09-23 22:32,2024-09-23 23:32,2024-09-24 01:50,TBM,,137,Y,MT-1011,MT-B,계획 점검 수행
WO-2024-01549,P1-CR1-FAN02,2024-09-24 06:33,2024-09-24 09:43,2024-09-24 10:35,TBM,,20,N,MT-1006,MT-A,"2호기 재발, 순회점검 후속"
WO-2024-01550,P1-SM1-LFR01,2024-09-24 06:37,2024-09-24 07:29,2024-09-24 10:23,TBM,,90,N,MT-1004,MT-A,TBM 점검
WO-2024-01551,P1-SM1-CRN01,2024-09-24 08:43,2024-09-24 10:56,2024-09-24 12:27,BM,LUB,90,Y,MT-1003,MT-A,윤활유 누유
WO-2024-01552,P1-SP2-EXF01,2024-09-24 08:30,2024-09-24 09:27,2024-09-24 11:44,TBM,,50,Y,MT-1006,MT-A,"1호기 재발, 점검 이상없음"
WO-2024-01553,P1-SP2-DCF01,2024-09-24 22:15,2024-09-25 00:07,2024-09-25 04:53,TBM,,210,Y,MT-1015,MT-C,정기점검 실시
WO-2024-01554,P1-SP2-BCV01,2024-09-24 22:50,2024-09-24 23:43,2024-09-25 04:16,TBM,,105,N,MT-1017,MT-C,  TBM 점검 
WO-2024-01555,P1-CR1-TCM01,2024-09-24 23:35,2024-09-25 00:43,2024-09-25 10:43,BM,ETC,599,Y,MT-1018,MT-C,
WO-2024-01556,P1-SP2-CRS01,2024-09-25 01:11,2024-10-02 09:05,2024-10-02 13:09,CBM,LUB,115,N,MT-1024,MT-D,  급유 불량 
WO-2024-01557,P1-CR1-PMP01,2024-09-25 06:04,2024-09-25 08:11,2024-09-25 10:35,TBM,,144,N,MT-1012,MT-B,순회점검 후속
WO-2024-01558,P1-CC2-PMP02,2024-09-25 06:57,2024-09-25 08:20,2024-09-25 09:11,TBM,,50,N,MT-1011,MT-B,"2호기 재발, 순회점검 후속"
WO-2024-01559,P1-BF2-HSV03,2024-09-25 07:03,2024-09-25 09:20,2024-09-25 12:15,TBM,ELE,70,N,MT-1010,MT-B,
WO-2024-01560,P1-CR1-FAN01,2024-09-25 14:03,2024-09-25 17:09,2024-09-25 20:13,TBM,,0,N,MT-1008,MT-B,
WO-2024-01561,P1-CC1-TUN01,2024-09-25 14:07,2024-09-25 16:23,2024-09-25 17:22,TBM,,20,N,MT-1010,MT-B,정기점검 - 이상없음
WO-2024-01562,P1-CC2-SEG01,2024-09-25 14:48,2024-09-25 15:31,2024-09-25 18:50,TBM,,0,N,MT-1011,MT-B,TBM 점검
WO-2024-01563,P1-BF2-BLW01,2024-09-25 22:14,2024-09-25 22:44,2024-09-26 03:30,TBM,ELE,165,N,MT-1024,MT-D,
WO-2024-01564,P1-CR1-PKL01,2024-09-25 23:18,2024-09-26 02:18,2024-09-26 04:42,BM,LUB,143,N,MT-1023,MT-D,급유 불량
WO-2024-01565,P1-BF1-PCI01,2024-09-26 06:42,2024-09-26 07:53,2024-09-26 16:26,BM,SEL,0,N,MT-1018,MT-C,패킹 누설
WO-2024-01566,P1-SP2-BCV04,2024-09-26 14:39,2024-09-26 16:13,2024-09-26 18:34,TBM,,65,N,MT-1014,MT-C,계획 점검 수행
WO-2024-01567,P1-SM1-BOF01,2024-09-27 07:37,2024-09-27 09:00,2024-09-27 11:17,TBM,,136,N,MT-1024,MT-D,순회점검 후속
WO-2024-01568,P1-SP1-CRS01,2024-09-27 08:45,2024-09-27 12:53,2024-09-27 20:57,BM,BRG,483,N,MT-1022,MT-D,이상음 발생
WO-2024-01569,P1-SP1-EXF01-MTR,2024-09-27 19:36,2024-09-29 07:45,2024-09-29 13:10,CBM,,324,N,MT-1012,MT-B,특이사항
WO-2024-01570,P1-CC2-EMS01,2024-09-27 20:51,2024-09-27 22:04,2024-09-28 01:55,TBM,,85,N,MT-1010,MT-B,월간 점검 완료
WO-2024-01571,P1-CC1-SEG03,2024-09-27 22:51,2024-09-27 23:34,2024-09-28 01:17,TBM,,0,Y,MT-1009,MT-B,정기점검 - 이상없음
WO-2024-01572,P1-CC2-LDT01,2024-09-27 23:28,2024-09-28 02:48,2024-09-28 04:31,TBM,SEL,35,N,MT-1011,MT-B,"1호기 재발, 씰 누수"
WO-2024-01573,P1-CC1-SEG03,2024-09-27 23:55,2024-09-28 02:18,2024-09-28 04:02,BM,ETC,103,N,MT-1012,MT-B,재점검 필요
WO-2024-01574,P1-CC1-PMP02,2024-09-28 06:19,2024-09-28 11:17,2024-09-28 12:46,BM,BRG,65,N,MT-1001,MT-A,  이상음 발생 
WO-2024-01575,P1-CC2-LDT01,2024-09-28 06:34,2024-09-28 11:50,2024-09-28 14:27,BM,,156,N,MT-1004,MT-A,"1호기 재발, 특이사항"
WO-2024-01576,P1-CC1-SEG04,2024-09-28 19:09,2024-09-29 00:43,2024-09-29 06:55,BM,LUB,372,N,MT-1013,MT-C,  그리스 부족 
WO-2024-01577,P1-CC1-SEG01,2024-09-29 07:34,2024-09-29 11:33,2024-09-29 15:44,BM,ETC,251,N,MT-1007,MT-B,"1호기 재발, 특이사항"
WO-2024-01578,P1-CC1-INS01,2024-09-29 23:46,2024-09-30 01:06,2024-09-30 04:24,BM,,198,N,MT-1020,MT-D,재점검 필요
WO-2024-01579,P1-CC2-PMP01,2024-09-30 00:12,2024-10-06 09:36,2024-10-06 16:12,CBM,UNB,320,N,MT-1003,MT-A,  VIB 상승 
WO-2024-01580,P1-SP1-MIX01,2024-09-30 01:03,2024-09-30 06:32,2024-09-30 12:09,BM,WER,130,N,MT-1006,MT-A,
WO-2024-01581,P1-SM1-BOF01,2024-09-30 14:34,2024-09-30 17:04,2024-09-30 23:06,BM,MAL,225,Y,MT-1013,MT-C,제어 이상
WO-2024-01582,P1-CC1-MLD01,2024-10-01 07:02,2024-10-01 08:55,2024-10-01 13:44,TBM,,288,N,MT-1024,MT-D,
WO-2024-01583,P1-SP2-AGT01-MTR,2024-10-01 03:12,2024-10-01 05:29,2024-10-01 13:02,BM,LUB,453,Y,MT-1008,MT-B,"1호기 재발, 오일 레벨 저하"
WO-2024-01584,P1-CC2-SEG03,2024-10-01 07:06,2024-10-01 10:56,2024-10-01 12:58,TBM,,0,N,MT-1022,MT-D,계획 점검 수행
WO-2024-01585,P1-SM1-CRN02,2024-10-01 07:33,2024-10-01 11:09,2024-10-01 15:34,TBM,,264,Y,MT-1019,MT-D,  TBM 점검검 
WO-2024-01586,P1-SP2-AGT01,2024-10-01 14:02,2024-10-01 17:33,2024-10-01 18:27,BM,LUB,20,N,MT-1023,MT-D,"1호기 재발, 누유 확인"
WO-2024-01587,P1-CR1-WLD01,2024-10-01 15:24,2024-10-01 16:42,2024-10-01 21:03,TBM,,220,N,MT-1019,MT-D,
WO-2024-01588,P1-CC1-PMP01,2024-10-01 23:42,2024-10-02 05:41,2024-10-02 09:12,BM,BRG,211,N,MT-1010,MT-B,BRG소음 확인
WO-2024-01589,P1-SP2-EXF01-MTR,2024-10-01 23:58,2024-10-02 03:57,2024-10-02 08:22,TBM,,0,N,MT-1008,MT-B,순회점검 후속
WO-2024-01590,P1-SP1-BCV02,2024-10-02 06:05,2024-10-02 10:08,2024-10-02 11:34,BM,MAL,0,N,MT-1006,MT-A,
WO-2024-01591,P1-CC1-INS01,2024-10-02 08:24,2024-10-02 13:50,2024-10-02 16:34,BM,SEL,105,N,MT-1003,MT-A,씰 누수
WO-2024-01592,P1-CR1-TCM01,2024-10-02 07:26,2024-10-02 10:42,2024-10-02 15:36,TBM,,0,N,MT-1004,MT-A,순회점검 후속
WO-2024-01593,P1-SP2-BCV02,2024-10-02 14:31,2024-10-02 15:59,2024-10-02 19:31,TBM,,0,Y,MT-1005,MT-A,
WO-2024-01594,P1-SP1-EXF01,2024-10-02 16:40,2024-10-02 18:42,2024-10-02 20:04,TBM,,81,N,MT-1001,MT-A,
WO-2024-01595,P1-BF1-HSV01,2024-10-02 23:57,2024-10-03 02:08,2024-10-03 05:03,TBM,,175,N,MT-1015,MT-C,"1호기 재발, 월간 점검 완료"
WO-2024-01596,P1-SP1-CRS01,2024-10-03 15:23,2024-10-03 18:59,2024-10-03 21:46,TBM,,166,N,MT-1009,MT-B,점검 이상없음
WO-2024-01597,P1-SP1-DCF02,2024-10-03 15:36,2024-10-03 18:08,2024-10-03 22:08,TBM,,239,N,MT-1008,MT-B,월간 점검 완료
WO-2024-01598,P1-SP2-MIX01,2024-10-03 23:57,2024-10-04 01:39,2024-10-04 03:23,BM,LUB,95,N,MT-1023,MT-D,오일 레벨 저하
WO-2024-01599,P1-CR1-RCL01,2024-10-04 06:11,2024-10-04 09:39,2024-10-04 12:41,TBM,,181,N,MT-1018,MT-C,  TBM 점검 
WO-2024-01600,P1-SP2-CRS01,2024-10-04 07:23,2024-10-10 03:25,2024-10-10 12:06,CBM,LUB,195,N,MT-1015,MT-C,"1호기 재발, 그리스 부족"
WO-2024-01601,P1-SP2-CRS01,2024-10-04 07:54,2024-10-04 08:49,2024-10-04 13:20,TBM,BRG,0,N,MT-1016,MT-C,"1호기 재발, 구동측 베어링 발열"
WO-2024-01602,P1-SP1-IGF01,2024-10-04 15:45,2024-10-04 19:31,2024-10-04 20:57,TBM,,75,Y,MT-1016,MT-C,순회점검 후속
WO-2024-01603,P1-CC1-INS01,2024-10-04 22:52,2024-10-05 02:55,2024-10-05 05:16,BM,ELE,140,Y,MT-1001,MT-A,절연 저하
WO-2024-01604,P1-CC1-LDT01,2024-10-04 23:51,2024-10-05 01:26,2024-10-05 05:20,TBM,,234,N,MT-1002,MT-A,정기점검 실시
WO-2024-01605,P1-SP2-SCR01,2024-10-05 05:19,2024-10-05 06:23,2024-10-05 10:03,BM,BRG,135,N,MT-1009,MT-B,"1호기 재발, 구동측 베어링 발열"
WO-2024-01606,P1-BF2-CAS01,2024-10-05 06:02,2024-10-05 08:27,2024-10-05 09:53,TBM,,45,N,MT-1020,MT-D,정기점검 - 이상없음
WO-2024-01607,P1-BF2-PCI01,2024-10-05 14:42,2024-10-05 18:32,2024-10-05 20:49,TBM,,0,N,MT-1024,MT-D,TBM 점검
WO-2024-01608,P1-SP1-SNM01,2024-10-05 15:42,2024-10-05 21:38,2024-10-06 04:05,BM,WER,150,N,MT-1022,MT-D,표면 마모 확인
WO-2024-01609,P1-CC2-EMS01,2024-10-05 16:48,2024-10-05 18:57,2024-10-05 22:35,BM,ELE,105,N,MT-1024,MT-D,모터 과열
WO-2024-01610,P1-CR1-SPM01,2024-10-05 23:20,2024-10-06 01:25,2024-10-06 03:17,TBM,,0,N,MT-1008,MT-B,
WO-2024-01611,P1-BF2-HSV01,2024-10-06 03:20,2024-10-06 05:59,2024-10-06 06:47,BM,ELE,47,N,MT-1016,MT-C,절연 저하
WO-2024-01612,P1-SP1-CRS01,2024-10-06 15:30,2024-10-06 20:13,2024-10-07 02:25,BM,MAL,372,N,MT-1002,MT-A,동작 불량
WO-2024-01613,P1-CC1-SEG04,2024-10-06 17:27,2024-10-06 21:13,2024-10-07 07:05,BM,WER,591,N,MT-1006,MT-A,표면 마모 확인
WO-2024-01614,P1-CR1-TCM01,2024-10-06 23:46,2024-10-09 05:13,2024-10-09 10:03,CBM,,165,N,MT-1015,MT-C,
WO-2024-01615,P1-SP2-BCV04,2024-10-07 04:12,2024-10-07 07:33,2024-10-07 15:02,BM,WER,448,N,MT-1020,MT-D,
WO-2024-01616,P1-CR1-CRN01,2024-10-07 06:27,2024-10-07 07:57,2024-10-07 12:38,TBM,,0,N,MT-1009,MT-B,점검 이상없음
WO-2024-01617,P1-SP2-AGT01,2024-10-07 07:23,2024-10-12 05:38,2024-10-12 14:14,CBM,ELE,515,N,MT-1011,MT-B,  전류 불안정 
WO-2024-01618,P1-SP1-MIX01,2024-10-07 14:41,2024-10-07 17:56,2024-10-07 22:06,TBM,,0,N,MT-1008,MT-B,월간 점검 완료
WO-2024-01619,P1-CC2-LDT01,2024-10-07 14:46,2024-10-07 18:10,2024-10-08 02:11,BM,SEL,480,N,MT-1011,MT-B,씰 누수
WO-2024-01620,P1-CC1-SEG03,2024-10-07 15:35,2024-10-07 16:31,2024-10-08 01:34,BM,LUB,480,N,MT-1008,MT-B,
WO-2024-01621,P1-CC2-SEG03,2024-10-07 18:06,2024-10-07 22:58,2024-10-07 23:41,BM,,43,N,MT-1024,MT-D,"3호기 재발, 원인 미상"
WO-2024-01622,P1-BF2-HSV01,2024-10-07 23:48,2024-10-08 00:35,2024-10-08 05:20,TBM,,284,N,MT-1024,MT-D,계획 점검 수행
WO-2024-01623,P1-SP2-EXF01-MTR,2024-10-08 07:06,2024-10-09 00:04,2024-10-09 09:21,CBM,BRG,557,N,MT-1016,MT-C,BRG 이음
WO-2024-01624,P1-CC1-SEG02,2024-10-09 06:17,2024-10-09 07:02,2024-10-09 10:50,TBM,,228,N,MT-1024,MT-D,순회점검 후속
WO-2024-01625,P1-BF1-BLW01,2024-10-09 06:28,2024-10-09 08:48,2024-10-09 12:59,TBM,,251,N,MT-1019,MT-D,월간 점검 완료
WO-2024-01626,P1-SP2-DCF02,2024-10-09 07:10,2024-10-09 12:14,2024-10-09 12:51,BM,SEL,37,N,MT-1020,MT-D,누수 발생
WO-2024-01627,P1-CC1-SEG04,2024-10-09 14:00,2024-10-09 15:09,2024-10-09 18:13,TBM,,0,N,MT-1020,MT-D,
WO-2024-01628,P1-SP2-IGF01,2024-10-09 14:04,2024-10-09 15:59,2024-10-09 17:09,BM,WER,69,N,MT-1019,MT-D,WEAR 확인
WO-2024-01629,P1-CC2-SEG01,2024-10-09 14:35,2024-10-09 15:23,2024-10-09 16:20,TBM,,35,Y,MT-1022,MT-D,순회점검 후속
WO-2024-01630,P1-BF1-PCI01,2024-10-09 15:04,2024-10-09 16:21,2024-10-09 19:33,TBM,,192,N,MT-1021,MT-D,정기점검 - 이상없음
WO-2024-01631,P1-SP1-EXF01-MTR,2024-10-09 15:30,2024-10-09 17:32,2024-10-09 19:34,TBM,,0,Y,MT-1022,MT-D,"1호기 재발, 계획 점검 수행"
WO-2024-01632,P1-SP2-AGT01,2024-10-09 22:16,2024-10-16 04:33,2024-10-16 14:26,CBM,ELE,593,N,MT-1011,MT-B,인버터 알람
WO-2024-01633,P1-CR1-PMP02,2024-10-09 22:48,2024-10-10 00:17,2024-10-10 04:50,TBM,,200,N,MT-1011,MT-B,TBM 점검
WO-2024-01634,P1-CR1-CAL01,2024-10-10 14:37,2024-10-10 16:59,2024-10-10 18:18,TBM,,0,N,MT-1001,MT-A,점검 이상없음
WO-2024-01635,P1-CC1-INS01,2024-10-10 17:06,2024-10-10 20:31,2024-10-11 04:00,BM,MAL,449,N,MT-1004,MT-A,오작동 발생
WO-2024-01636,P1-SP2-CLR01,2024-10-10 22:54,2024-10-11 01:56,2024-10-11 06:46,TBM,,290,N,MT-1016,MT-C,계획 점검 수행
WO-2024-01637,P1-SP1-AGT01,2024-10-10 23:05,2024-10-11 02:44,2024-10-11 04:53,TBM,LUB,128,N,MT-1015,MT-C,오일 레벨 저하
WO-2024-01638,P1-BF2-HSV02,2024-10-11 07:35,2024-10-11 09:03,2024-10-11 12:13,TBM,,0,Y,MT-1008,MT-B,점검 이상없음
WO-2024-01639,P1-CC2-SEG02,2024-10-11 15:54,2024-10-11 17:42,2024-10-11 21:22,TBM,,219,N,MT-1010,MT-B,월간 점검 완료
WO-2024-01640,P1-SP2-DCF02,2024-10-11 14:03,2024-10-11 15:27,2024-10-11 17:40,TBM,,0,N,MT-1012,MT-B,"2호기 재발, 순회점검 후속"
WO-2024-01641,P1-BF1-HSV02,2024-10-11 23:12,2024-10-12 00:48,2024-10-12 02:58,TBM,,50,N,MT-1023,MT-D,TBM 점검
WO-2024-01642,P1-SM1-CRN01,2024-10-11 23:35,2024-10-12 00:54,2024-10-12 05:20,TBM,,0,N,MT-1024,MT-D,정기점검 실시
WO-2024-01643,P1-SP1-SNM01,2024-10-12 02:07,2024-10-12 07:20,2024-10-12 09:09,BM,WER,75,N,MT-1005,MT-A,"1호기 재발, 마모 진행"
WO-2024-01644,P1-CR1-PMP03,2024-10-12 07:03,2024-10-12 07:11,2024-10-12 08:38,TBM,,86,N,MT-1015,MT-C,정기점검 실시
WO-2024-01645,P1-SP2-EXF01,2024-10-12 14:54,2024-10-12 17:19,2024-10-12 18:20,BM,BRG,60,N,MT-1015,MT-C,이상음 발생
WO-2024-01646,P1-CR1-CAL01,2024-10-12 15:06,2024-10-12 16:25,2024-10-12 18:44,BM,,85,N,MT-1018,MT-C,현상 재현 안됨
WO-2024-01647,P1-CR1-SPM01,2024-10-12 20:36,2024-10-13 02:01,2024-10-13 07:55,BM,,354,N,MT-1004,MT-A,"1호기 재발, 원인 미상"
WO-2024-01648,P1-CC2-PMP01,2024-10-12 22:36,2024-10-12 23:30,2024-10-13 02:57,TBM,,206,N,MT-1006,MT-A,정기점검 실시
WO-2024-01649,P1-CC1-SEG01,2024-10-13 06:24,2024-10-13 08:16,2024-10-13 09:09,TBM,,0,N,MT-1021,MT-D,정기점검 - 이상없음
WO-2024-01650,P1-CC2-MLD01,2024-10-13 07:16,2024-10-13 08:25,2024-10-13 10:03,TBM,,65,N,MT-1020,MT-D,월간 점검 완료
WO-2024-01651,P1-SP2-IGF01,2024-10-13 09:44,2024-10-13 10:04,2024-10-13 10:57,TBM,,52,N,MT-1021,MT-D,월간 점검 완료
WO-2024-01652,P1-CR1-DCF01,2024-10-13 22:21,2024-10-14 03:01,2024-10-14 11:27,BM,SEL,305,N,MT-1012,MT-B,씰 누수
WO-2024-01653,P1-BF1-CAS01,2024-10-13 15:30,2024-10-13 18:43,2024-10-13 23:02,TBM,,0,N,MT-1023,MT-D,  정기점검 - 이상없음 
WO-2024-01654,P1-SP2-AGT01-MTR,2024-10-13 22:51,2024-10-14 01:33,2024-10-14 03:29,TBM,,80,N,MT-1010,MT-B,  점검 이상없음 
WO-2024-01655,P1-SM1-LFR01,2024-10-14 02:19,2024-10-14 06:36,2024-10-14 21:02,BM,ETC,866,N,MT-1013,MT-C,
WO-2024-01656,P1-BF1-HSV03,2024-10-14 06:40,2024-10-14 10:14,2024-10-14 11:38,TBM,,84,Y,MT-1003,MT-A,
WO-2024-01657,P1-SM1-BOF02,2024-10-14 07:11,2024-10-14 07:52,2024-10-14 10:02,BM,WER,129,N,MT-1005,MT-A,
WO-2024-01658,P1-CC1-SEG04,2024-10-14 07:22,2024-10-14 11:50,2024-10-14 14:07,BM,SEL,125,N,MT-1006,MT-A,냉각수 누설
WO-2024-01659,P1-SP1-SNM01,2024-10-14 22:19,2024-10-15 01:20,2024-10-15 06:14,TBM,,293,N,MT-1015,MT-C,순회점검 후속
WO-2024-01660,P1-SP2-EXF01-MTR,2024-10-14 23:04,2024-10-21 08:19,2024-10-21 11:16,CBM,ELE,176,N,MT-1017,MT-C,ELE 이상
WO-2024-01661,P1-BF2-BLW01,2024-10-15 07:40,2024-10-15 11:44,2024-10-15 22:37,BM,BRG,260,N,MT-1010,MT-B,BRG 이음
WO-2024-01662,P1-CC1-INS01,2024-10-15 14:13,2024-10-15 14:25,2024-10-15 16:40,TBM,,0,N,MT-1011,MT-B,정기점검 실시
WO-2024-01663,P1-SP1-MIX02,2024-10-15 22:01,2024-10-15 23:48,2024-10-16 01:01,TBM,MAL,72,Y,MT-1020,MT-D,동작 불량
WO-2024-01664,P1-CC2-PMP01,2024-10-15 22:41,2024-10-24 12:34,2024-10-24 16:15,CBM,UNB,221,Y,MT-1021,MT-D,진동치 증가
WO-2024-01665,P1-SP1-MIX01,2024-10-16 02:04,2024-10-16 02:25,2024-10-16 10:25,BM,WER,480,N,MT-1001,MT-A,WEAR 확인
WO-2024-01666,P1-SP2-SNM01,2024-10-15 22:48,2024-10-15 23:04,2024-10-16 02:10,TBM,,0,N,MT-1020,MT-D,계획 점검 수행
WO-2024-01667,P1-SP1-DCF01,2024-10-16 07:24,2024-10-16 11:06,2024-10-16 14:14,TBM,,90,N,MT-1018,MT-C,"1호기 재발, TBM 점검"
WO-2024-01668,P1-BF1-BFR01,2024-10-16 14:07,2024-10-16 16:24,2024-10-16 18:29,TBM,,124,Y,MT-1016,MT-C,점검 이상없음
WO-2024-01669,P1-CR1-SPM01,2024-10-16 16:09,2024-10-20 23:14,2024-10-21 06:42,CBM,MAL,448,N,MT-1016,MT-C,설비 트립
WO-2024-01670,P1-CC1-SCC01,2024-10-16 23:48,2024-10-17 02:35,2024-10-17 06:18,TBM,,0,N,MT-1006,MT-A,"1호기 재발, TBM 점검"
WO-2024-01671,P1-BF1-BLW01,2024-10-17 00:00,2024-10-22 04:21,2024-10-22 09:09,CBM,UNB,165,N,MT-1009,MT-B,"1호기 재발, VIB 상승"
WO-2024-01672,P1-BF1-HSV01,2024-10-17 06:31,2024-10-17 08:22,2024-10-17 09:35,BM,ELE,73,Y,MT-1024,MT-D,전류 불안정
WO-2024-01673,P1-CC1-PMP01,2024-10-17 07:30,2024-10-17 09:15,2024-10-17 13:43,TBM,,268,N,MT-1023,MT-D,순회점검 후속
WO-2024-01674,P1-SM1-BOF02,2024-10-17 15:15,2024-10-17 16:59,2024-10-17 18:38,BM,ELE,90,N,MT-1022,MT-D,전류 불안정
WO-2024-01675,P1-SP2-CLR01,2024-10-17 15:37,2024-10-17 19:17,2024-10-17 22:01,BM,ETC,163,Y,MT-1022,MT-D,현상 재현 안됨
WO-2024-01676,P1-CC2-INS01,2024-10-17 23:51,2024-10-18 00:26,2024-10-18 02:32,TBM,,50,Y,MT-1012,MT-B,계획 점검 수행
WO-2024-01677,P1-CR1-PKL01,2024-10-18 14:20,2024-10-18 16:38,2024-10-18 18:24,TBM,WER,106,N,MT-1006,MT-A,WEAR 확인
WO-2024-01678,P1-CR1-CAL01,2024-10-18 15:50,2024-10-26 23:53,2024-10-27 02:42,CBM,ETC,0,N,MT-1006,MT-A,원인 미상
WO-2024-01679,P1-CR1-SPM01-MTR,2024-10-18 15:58,2024-10-18 17:22,2024-10-18 22:02,TBM,,0,N,MT-1005,MT-A,
WO-2024-01680,P1-BF1-BFR01,2024-10-18 18:55,2024-10-18 23:16,2024-10-19 00:14,BM,ETC,58,N,MT-1016,MT-C,확인 중
WO-2024-01681,P1-CR1-SPM01,2024-10-18 23:51,2024-10-26 08:53,2024-10-26 11:56,CBM,MAL,150,N,MT-1018,MT-C,동작 불량
WO-2024-01682,P1-SM1-BOF02,2024-10-19 11:00,2024-10-19 14:49,2024-10-19 17:40,TBM,,171,Y,MT-1011,MT-B,  월간 점검 완료 
WO-2024-01683,P1-SP2-MIX02,2024-10-19 14:48,2024-10-19 15:53,2024-10-19 18:39,TBM,,80,N,MT-1011,MT-B,순회점검 후속
WO-2024-01684,P1-CC2-LDT01,2024-10-19 16:34,2024-10-19 21:13,2024-10-20 19:24,BM,ETC,1331,N,MT-1009,MT-B,
WO-2024-01685,P1-CC1-EMS01,2024-10-19 23:55,2024-10-20 02:46,2024-10-20 10:12,BM,MAL,235,N,MT-1019,MT-D,동작 불량
WO-2024-01686,P1-SP2-MIX01,2024-10-20 07:20,2024-10-20 10:58,2024-10-20 13:57,TBM,,178,N,MT-1016,MT-C,점검검 이상없음
WO-2024-01687,P1-SP1-AGT01,2024-10-20 07:54,2024-10-22 09:26,2024-10-22 13:33,CBM,BRG,247,N,MT-1015,MT-C,  이상음 발생 
WO-2024-01688,P1-SP2-BCV04,2024-10-20 16:08,2024-10-24 18:06,2024-10-24 22:50,CBM,LUB,284,Y,MT-1013,MT-C,그리스 부족
WO-2024-01689,P1-SP1-AGT01-MTR,2024-10-20 22:06,2024-10-21 01:15,2024-10-21 02:49,TBM,LUB,0,N,MT-1003,MT-A,오일 레벨 저하
WO-2024-01690,P1-CC1-LDT01,2024-10-20 23:19,2024-10-21 01:51,2024-10-21 14:49,BM,ETC,310,Y,MT-1001,MT-A,"1호기 재발, 확인 중"
WO-2024-01691,P1-SM1-DCF01,2024-10-20 23:50,2024-10-21 02:18,2024-10-21 03:56,TBM,,97,Y,MT-1004,MT-A,  계획 점검 수행 
WO-2024-01692,P1-CC1-TUN01,2024-10-21 04:13,2024-10-21 05:30,2024-10-21 10:12,TBM,,165,N,MT-1008,MT-B,정기점검 실시
WO-2024-01693,P1-SP1-SNM01,2024-10-21 03:57,2024-10-21 08:03,2024-10-21 09:17,BM,WER,74,N,MT-1012,MT-B,"1호기 재발, 라이너 마모"
WO-2024-01694,P1-CC2-LDT01,2024-10-21 05:19,2024-10-21 09:09,2024-10-21 11:11,BM,SEL,122,N,MT-1012,MT-B,씰 누수
WO-2024-01695,P1-CC1-INS01,2024-10-21 05:44,2024-10-21 07:15,2024-10-21 11:12,BM,,236,N,MT-1007,MT-B,재점검 필요
WO-2024-01696,P1-CC1-EMS01,2024-10-21 06:37,2024-10-21 08:06,2024-10-21 13:03,TBM,ELE,190,N,MT-1020,MT-D,절연 저하
WO-2024-01697,P1-CC1-PMP02,2024-10-21 11:23,2024-10-21 11:50,2024-10-21 16:19,TBM,,205,N,MT-1019,MT-D,계획 점검 수행
WO-2024-01698,P1-SP1-CLR01,2024-10-21 19:59,2024-10-21 22:36,2024-10-22 00:24,TBM,,70,N,MT-1009,MT-B,"1호기 재발, 계획 점검 수행"
WO-2024-01699,P1-BF2-BFR01,2024-10-22 06:33,2024-10-22 08:01,2024-10-22 12:24,TBM,ELE,262,N,MT-1001,MT-A,ELE 이상
WO-2024-01700,P1-SP2-EXF01,2024-10-21 23:20,2024-10-22 02:23,2024-10-22 05:24,TBM,,0,N,MT-1008,MT-B,순회점검 후속
WO-2024-01701,P1-SP2-EXF01,2024-10-22 07:49,2024-10-22 09:37,2024-10-22 13:38,BM,UNB,240,N,MT-1002,MT-A,진동 상승
WO-2024-01702,P1-SP1-AGT01,2024-10-22 14:14,2024-10-27 07:59,2024-10-27 11:20,CBM,LUB,201,N,MT-1003,MT-A,급유 불량
WO-2024-01703,P1-SM1-LFR01,2024-10-22 22:23,2024-10-23 03:23,2024-10-23 06:28,BM,,155,N,MT-1014,MT-C,
WO-2024-01704,P1-CR1-WLD01,2024-10-22 23:17,2024-10-22 23:49,2024-10-23 04:48,BM,SEL,205,Y,MT-1018,MT-C,
WO-2024-01705,P1-CC2-SCC01,2024-10-23 06:45,2024-10-23 10:21,2024-10-23 14:10,TBM,,228,N,MT-1012,MT-B,  순회점검 후속 
WO-2024-01706,P1-CC2-SEG02,2024-10-23 07:48,2024-10-23 09:54,2024-10-23 11:08,BM,WER,73,N,MT-1007,MT-B,"2호기 재발, 표면 마모 확인"
WO-2024-01707,P1-SP2-AGT01,2024-10-23 10:48,2024-10-23 11:07,2024-10-23 16:50,BM,ETC,230,N,MT-1012,MT-B,특이사항
WO-2024-01708,P1-CC1-PMP01,2024-10-23 11:26,2024-10-27 04:45,2024-10-27 12:17,CBM,LUB,155,Y,MT-1010,MT-B,오일 레벨 저하
WO-2024-01709,P1-CC2-TUN01,2024-10-23 14:07,2024-10-23 15:59,2024-10-23 17:55,TBM,,0,N,MT-1012,MT-B,정기점검 실시
WO-2024-01710,P1-SM1-BOF01,2024-10-23 14:58,2024-10-23 19:47,2024-10-23 21:04,BM,MAL,50,N,MT-1007,MT-B,동작 불량
WO-2024-01711,P1-SP2-SNM01,2024-10-23 15:02,2024-10-23 18:47,2024-10-24 03:31,BM,ELE,523,N,MT-1011,MT-B,인버터 알람
WO-2024-01712,P1-CC2-SEG01,2024-10-23 15:28,2024-10-23 18:33,2024-10-23 19:36,TBM,,62,N,MT-1011,MT-B,"1호기 재발, 점검 이상없음"
WO-2024-01713,P1-CC2-PMP02,2024-10-23 21:04,2024-10-23 21:59,2024-10-23 23:10,TBM,,71,N,MT-1022,MT-D,TBM 점검
WO-2024-01714,P1-SM1-RHD01,2024-10-23 22:05,2024-10-24 00:58,2024-10-24 03:19,TBM,,141,N,MT-1022,MT-D,순회점검 후속
WO-2024-01715,P1-CR1-INS01,2024-10-24 02:28,2024-10-24 05:37,2024-10-24 07:38,TBM,,55,N,MT-1001,MT-A,
WO-2024-01716,P1-BF2-HSV03,2024-10-24 06:00,2024-10-24 09:55,2024-10-24 12:57,TBM,,85,N,MT-1018,MT-C,정기점검 - 이상없음
WO-2024-01717,P1-SP1-AGT01-MTR,2024-10-24 23:17,2024-10-29 01:57,2024-10-29 07:15,CBM,LUB,317,N,MT-1002,MT-A,누유 확인
WO-2024-01718,P1-CC2-SEG04,2024-10-25 07:02,2024-10-25 07:22,2024-10-25 10:07,TBM,,0,N,MT-1023,MT-D,
WO-2024-01719,P1-SM1-BOF01,2024-10-25 22:35,2024-10-25 23:13,2024-10-26 04:03,TBM,,290,N,MT-1007,MT-B,
WO-2024-01720,P1-SP2-AGT01,2024-10-26 06:07,2024-10-26 06:43,2024-10-26 08:26,TBM,,103,N,MT-1004,MT-A,순회점검 후속
WO-2024-01721,P1-SP1-SNM01,2024-10-26 06:21,2024-10-26 07:05,2024-10-26 16:58,BM,,592,N,MT-1003,MT-A,현상 재현 안됨
WO-2024-01722,P1-CC1-SEG03,2024-10-26 06:30,2024-10-26 08:44,2024-10-26 12:21,TBM,,155,N,MT-1003,MT-A,정기점검 - 이상없음
WO-2024-01723,P1-CR1-TCM01,2024-10-26 15:59,2024-11-03 18:10,2024-11-03 21:49,CBM,,219,Y,MT-1004,MT-A,현상 재현 안됨
WO-2024-01724,P1-BF2-BLW01,2024-10-26 22:54,2024-10-26 22:55,2024-10-26 23:51,TBM,,56,N,MT-1014,MT-C,계획 점검 수행
WO-2024-01725,P1-SP2-DCF01,2024-10-26 23:24,2024-10-27 01:49,2024-10-27 06:00,TBM,,0,N,MT-1013,MT-C,정기점검 - 이상없음
WO-2024-01726,P1-SP2-BCV03,2024-10-26 23:17,2024-10-27 04:34,2024-10-27 08:07,BM,ETC,212,N,MT-1015,MT-C,현상 재현 안됨
WO-2024-01727,P1-CC2-LDT01,2024-10-27 07:25,2024-10-27 08:49,2024-10-27 13:43,TBM,,294,N,MT-1007,MT-B,  순회점검 후속 
WO-2024-01728,P1-CC1-SEG04,2024-10-27 06:10,2024-10-27 10:16,2024-10-27 18:36,BM,ETC,500,Y,MT-1008,MT-B,  확인 중 
WO-2024-01729,P1-CR1-PMP01,2024-10-27 14:19,2024-10-27 17:56,2024-10-27 18:49,TBM,,53,N,MT-1009,MT-B,
WO-2024-01730,P1-CC2-EMS01,2024-10-27 14:52,2024-10-27 15:47,2024-10-27 19:37,TBM,,0,N,MT-1011,MT-B,점검 이상없음
WO-2024-01731,P1-CR1-TCM01,2024-10-27 15:12,2024-10-27 18:33,2024-10-27 20:29,BM,WER,115,N,MT-1012,MT-B,"  1호기 재발, 마모량 초과 "
WO-2024-01732,P1-SM1-LFR01,2024-10-27 23:42,2024-10-28 00:56,2024-10-28 04:10,TBM,,194,N,MT-1024,MT-D,정기점검 실시
WO-2024-01733,P1-BF2-BLW01,2024-10-28 06:10,2024-10-28 06:34,2024-10-28 10:45,BM,ELE,250,N,MT-1014,MT-C,"1호기 재발, 인버터 알람"
WO-2024-01734,P1-SP2-IGF01,2024-10-29 07:36,2024-10-29 10:22,2024-10-29 12:25,BM,WER,122,N,MT-1019,MT-D,
WO-2024-01735,P1-CR1-RCL01,2024-10-29 10:00,2024-10-29 14:11,2024-10-29 18:54,BM,BRG,282,N,MT-1023,MT-D,BRG 이음
WO-2024-01736,P1-BF1-HSV03,2024-10-29 15:03,2024-10-29 18:45,2024-10-30 16:56,BM,ETC,470,Y,MT-1023,MT-D,확인 중
WO-2024-01737,P1-BF1-PCI01,2024-10-30 05:20,2024-10-30 09:14,2024-10-30 16:35,BM,WER,441,N,MT-1016,MT-C,"  1호기 재발, 라이너 마모 "
WO-2024-01738,P1-SP2-EXF01,2024-10-30 07:41,2024-11-06 06:43,2024-11-06 15:16,CBM,UNB,512,Y,MT-1001,MT-A,회전체 밸런스 불량
WO-2024-01739,P1-SP2-BCV03,2024-10-30 15:58,2024-10-30 18:53,2024-10-30 20:46,BM,,70,N,MT-1005,MT-A,확인 중
WO-2024-01740,P1-SM1-BOF01,2024-11-01 14:28,2024-11-01 17:27,2024-11-01 22:12,BM,ETC,0,N,MT-1018,MT-C,원인 미상
WO-2024-01741,P1-SP1-AGT01,2024-11-01 15:01,2024-11-10 15:46,2024-11-10 18:56,CBM,BRG,75,N,MT-1013,MT-C,구동측 베어링 발열
WO-2024-01742,P1-CR1-CRN01,2024-11-01 21:42,2024-11-02 01:58,2024-11-02 22:15,BM,,1216,N,MT-1006,MT-A,"1호기 재발, 현상 재현 안됨"
WO-2024-01743,P1-BF2-CAS01,2024-11-01 23:39,2024-11-02 00:53,2024-11-02 03:59,TBM,,185,N,MT-1002,MT-A,점검 이상없음
WO-2024-01744,P1-CR1-SPM01,2024-11-02 06:46,2024-11-02 08:10,2024-11-02 12:36,TBM,,235,N,MT-1020,MT-D,월간 점검 완료
WO-2024-01745,P1-BF1-HSV01,2024-11-02 14:49,2024-11-02 15:55,2024-11-02 17:27,TBM,,92,Y,MT-1023,MT-D,정기점검 - 이상없음
WO-2024-01746,P1-CR1-RCL01,2024-11-02 22:12,2024-11-03 00:02,2024-11-03 03:07,TBM,,0,N,MT-1007,MT-B,월간 점검 완료
WO-2024-01747,P1-CR1-WLD01,2024-11-02 22:49,2024-11-03 01:21,2024-11-03 05:24,TBM,,242,N,MT-1007,MT-B,정기점검 실시
WO-2024-01748,P1-SP1-IGF01,2024-11-03 07:46,2024-11-03 08:55,2024-11-03 12:01,TBM,,0,N,MT-1005,MT-A,"1호기 재발, 정기점검 실시"
WO-2024-01749,P1-SP2-CLR01,2024-11-03 07:58,2024-11-03 11:32,2024-11-03 17:33,BM,MAL,360,N,MT-1003,MT-A,"1호기 재발, 오작동 발생"
WO-2024-01750,P1-BF2-HSV01,2024-11-03 15:18,2024-11-03 17:24,2024-11-03 22:03,TBM,,0,N,MT-1001,MT-A,"1호기 재발, 순회점검 후속"
WO-2024-01751,P1-SP2-CRS01,2024-11-03 20:12,2024-11-03 20:26,2024-11-03 21:48,TBM,,0,N,MT-1017,MT-C,월간 점검 완료
WO-2024-01752,P1-SP2-AGT01-MTR,2024-11-03 21:03,2024-11-13 04:07,2024-11-13 13:34,CBM,ELE,567,N,MT-1016,MT-C,ELE 이상
WO-2024-01753,P1-SM1-BOF01,2024-11-04 02:03,2024-11-04 05:03,2024-11-04 09:03,BM,ELE,170,N,MT-1019,MT-D,"1호기 재발, 절연 저하"
WO-2024-01754,P1-SP1-EXF01,2024-11-03 22:52,2024-11-13 13:51,2024-11-13 17:18,CBM,,207,N,MT-1013,MT-C,확인 중
WO-2024-01755,P1-SP2-EXF01-MTR,2024-11-04 07:14,2024-11-04 08:09,2024-11-04 12:08,TBM,,238,N,MT-1008,MT-B,"1호기 재발, 정기점검 - 이상없음"
WO-2024-01756,P1-SP1-DCF02,2024-11-04 12:21,2024-11-04 14:47,2024-11-04 15:32,TBM,,30,N,MT-1009,MT-B,  점검 이상없음 
WO-2024-01757,P1-CC2-SEG01,2024-11-04 14:23,2024-11-04 15:43,2024-11-04 17:28,TBM,WER,104,Y,MT-1007,MT-B,표면 마모 확인
WO-2024-01758,P1-SP1-CRS01,2024-11-04 14:31,2024-11-04 18:30,2024-11-04 23:18,TBM,,195,Y,MT-1007,MT-B,  정기점검검 실시 
WO-2024-01759,P1-SM1-DCF01,2024-11-04 22:11,2024-11-13 18:53,2024-11-14 01:54,CBM,SEL,421,Y,MT-1021,MT-D,냉각수 누설
WO-2024-01760,P1-CR1-PMP03,2024-11-05 06:24,2024-11-05 06:54,2024-11-05 13:47,TBM,,0,N,MT-1018,MT-C,  수리기간 중 점검 
WO-2024-01761,P1-CR1-PMP01,2024-11-05 07:24,2024-11-05 08:38,2024-11-05 12:04,TBM,,206,N,MT-1017,MT-C,"1호기 재발, 정기수리 실시"
WO-2024-01762,P1-CR1-DCF01,2024-11-05 12:03,2024-11-05 13:43,2024-11-05 17:28,TBM,,225,N,MT-1016,MT-C,정기수리 부속작업
WO-2024-01763,P1-CR1-WLD01,2024-11-05 12:52,2024-11-05 13:57,2024-11-05 19:17,TBM,,225,N,MT-1014,MT-C,수리기간 중 점검
WO-2024-01764,P1-CR1-INS01,2024-11-05 12:54,2024-11-05 16:26,2024-11-05 20:46,TBM,,210,N,MT-1014,MT-C,
WO-2024-01765,P1-SP1-EXF01,2024-11-05 17:17,2024-11-05 22:09,2024-11-05 23:19,BM,UNB,25,N,MT-1013,MT-C,VIB 상승
WO-2024-01766,P1-SP1-MIX01,2024-11-05 22:14,2024-11-06 01:27,2024-11-06 02:35,TBM,MAL,0,N,MT-1003,MT-A,동작 불량
WO-2024-01767,P1-CC1-MLD01,2024-11-05 23:24,2024-11-06 01:43,2024-11-06 03:42,TBM,,119,N,MT-1003,MT-A,점검 이상없음
WO-2024-01768,P1-CR1-SPM01,2024-11-06 00:14,2024-11-06 01:12,2024-11-06 04:56,TBM,,223,N,MT-1012,MT-B,SD작업 수행
WO-2024-01769,P1-SP2-EXF01,2024-11-06 06:17,2024-11-06 10:33,2024-11-06 11:11,BM,ELE,37,N,MT-1019,MT-D,절연 저하
WO-2024-01770,P1-BF1-PCI01,2024-11-06 06:33,2024-11-06 08:38,2024-11-06 09:45,TBM,,66,N,MT-1021,MT-D,
WO-2024-01771,P1-CC1-LDT01,2024-11-06 07:05,2024-11-06 10:43,2024-11-06 12:33,TBM,,50,N,MT-1021,MT-D,계획 점검 수행
WO-2024-01772,P1-CR1-WLD01,2024-11-06 07:08,2024-11-06 07:53,2024-11-06 11:18,TBM,,204,N,MT-1024,MT-D,수리기간 중 점검
WO-2024-01773,P1-CR1-SPM01,2024-11-06 07:09,2024-11-06 10:22,2024-11-06 14:56,TBM,,274,N,MT-1022,MT-D,정기수리 실시
WO-2024-01774,P1-CR1-PMP02,2024-11-06 07:12,2024-11-06 07:47,2024-11-06 13:47,TBM,,0,N,MT-1019,MT-D,정기수리 부속작업
WO-2024-01775,P1-CR1-CAL01,2024-11-06 07:49,2024-11-06 10:40,2024-11-06 12:23,TBM,,85,N,MT-1020,MT-D,정기수리 실시
WO-2024-01776,P1-CC1-SEG03,2024-11-06 08:04,2024-11-06 10:14,2024-11-06 13:38,BM,LUB,204,N,MT-1024,MT-D,급유 불량
WO-2024-01777,P1-SM1-RHD01,2024-11-06 09:02,2024-11-06 13:44,2024-11-07 08:09,BM,LUB,1105,N,MT-1021,MT-D,윤활유 누유
WO-2024-01778,P1-SP2-IGF01,2024-11-06 09:56,2024-11-06 12:02,2024-11-06 15:52,BM,ETC,230,N,MT-1019,MT-D,"1호기 재발, 재점검 필요"
WO-2024-01779,P1-CR1-TCM01,2024-11-06 14:48,2024-11-06 18:25,2024-11-06 20:06,TBM,,101,N,MT-1021,MT-D,SD작업 수행
WO-2024-01780,P1-CR1-RCL01,2024-11-06 22:05,2024-11-07 01:01,2024-11-07 06:34,TBM,,332,N,MT-1010,MT-B,SD작업 수행
WO-2024-01781,P1-CR1-RCL01,2024-11-06 22:49,2024-11-06 23:45,2024-11-07 01:37,TBM,,112,N,MT-1010,MT-B,
WO-2024-01782,P1-SM1-CRN02,2024-11-06 22:56,2024-11-07 01:04,2024-11-07 03:28,TBM,,0,N,MT-1011,MT-B,순회점검 후속
WO-2024-01783,P1-SP1-EXF01,2024-11-06 23:00,2024-11-07 02:09,2024-11-07 05:24,TBM,,0,N,MT-1010,MT-B,정기점검 실시
WO-2024-01784,P1-CR1-DCF01,2024-11-06 23:24,2024-11-07 01:20,2024-11-07 04:10,TBM,,0,N,MT-1009,MT-B,"1호기 재발, 정기수리 부속작업"
WO-2024-01785,P1-BF2-PCI01,2024-11-06 23:34,2024-11-07 02:08,2024-11-07 05:51,TBM,,130,N,MT-1011,MT-B,TBM 점검
WO-2024-01786,P1-CR1-TCM01,2024-11-06 23:35,2024-11-07 02:17,2024-11-07 07:03,TBM,,0,N,MT-1007,MT-B,"1호기 재발, 계획 점검 수행"
WO-2024-01787,P1-CR1-DCF01,2024-11-06 23:36,2024-11-07 02:10,2024-11-07 06:41,TBM,,271,N,MT-1009,MT-B,
WO-2024-01788,P1-CC2-SEG03,2024-11-06 23:51,2024-11-07 02:39,2024-11-07 07:15,TBM,,275,N,MT-1012,MT-B,
WO-2024-01789,P1-CR1-SPM01-MTR,2024-11-07 00:52,2024-11-07 01:53,2024-11-07 06:07,TBM,,110,N,MT-1017,MT-C,SD작업 수행
WO-2024-01790,P1-CR1-SPM01,2024-11-07 04:24,2024-11-07 08:13,2024-11-07 10:35,TBM,,0,N,MT-1014,MT-C,"1호기 재발, 정기수리 부속작업"
WO-2024-01791,P1-CR1-PMP03,2024-11-07 07:09,2024-11-07 09:24,2024-11-07 13:37,TBM,,0,N,MT-1003,MT-A,SD작업 수행
WO-2024-01792,P1-BF1-BLW01,2024-11-07 07:48,2024-11-07 09:30,2024-11-07 10:36,TBM,,55,N,MT-1004,MT-A,월간 점검 완료
WO-2024-01793,P1-SP1-AGT01-MTR,2024-11-07 07:53,2024-11-07 13:01,2024-11-07 16:53,BM,LUB,231,Y,MT-1005,MT-A,윤활유 누유
WO-2024-01794,P1-CR1-CAL01,2024-11-07 09:20,2024-11-07 12:53,2024-11-07 14:14,TBM,,45,N,MT-1006,MT-A,정기수리 부속작업
WO-2024-01795,P1-CR1-DCF01,2024-11-07 14:18,2024-11-07 15:33,2024-11-07 22:48,TBM,,260,N,MT-1004,MT-A,수리기간 중 점검
WO-2024-01796,P1-SP2-MIX02,2024-11-07 14:51,2024-11-07 20:07,2024-11-08 05:03,BM,BRG,410,N,MT-1001,MT-A,구동측 베어링 발열
WO-2024-01797,P1-CR1-CRN01,2024-11-07 14:54,2024-11-07 17:44,2024-11-07 21:48,TBM,,244,N,MT-1006,MT-A,
WO-2024-01798,P1-BF1-BFR01,2024-11-07 22:37,2024-11-08 04:04,2024-11-08 05:31,BM,ELE,87,N,MT-1016,MT-C,
WO-2024-01799,P1-CR1-TCM01,2024-11-08 03:40,2024-11-08 07:20,2024-11-08 14:45,TBM,,444,N,MT-1024,MT-D,SD작업 수행
WO-2024-01800,P1-CR1-PMP02,2024-11-08 03:45,2024-11-08 06:29,2024-11-08 11:04,TBM,,120,N,MT-1021,MT-D,
WO-2024-01801,P1-BF2-CAS01,2024-11-08 06:05,2024-11-08 10:38,2024-11-08 23:51,BM,ETC,640,N,MT-1011,MT-B,"1호기 재발, 원인 미상"
WO-2024-01802,P1-CR1-SPM01-MTR,2024-11-08 06:19,2024-11-08 09:42,2024-11-08 12:58,TBM,,195,N,MT-1012,MT-B,SD작업 수행
WO-2024-01803,P1-CC1-TUN01,2024-11-08 06:19,2024-11-08 10:56,2024-11-08 13:41,BM,WER,164,Y,MT-1009,MT-B,
WO-2024-01804,P1-CR1-CRN01,2024-11-08 07:01,2024-11-08 09:39,2024-11-08 14:29,TBM,,290,N,MT-1012,MT-B,
WO-2024-01805,P1-CR1-DCF01,2024-11-08 07:25,2024-11-08 09:21,2024-11-08 12:51,TBM,,0,N,MT-1009,MT-B,수리기간 중 점검
WO-2024-01806,P1-CR1-FAN02,2024-11-08 07:42,2024-11-08 09:00,2024-11-08 14:28,TBM,,0,N,MT-1007,MT-B,수리기간 중 점검
WO-2024-01807,P1-CR1-PMP02,2024-11-08 12:47,2024-11-08 14:08,2024-11-08 19:29,TBM,,215,N,MT-1007,MT-B,정기수리 실시
WO-2024-01808,P1-BF2-HSV02,2024-11-08 14:47,2024-11-08 17:28,2024-11-08 19:34,TBM,,126,N,MT-1011,MT-B,점검 이상없음
WO-2024-01809,P1-CC2-SEG02,2024-11-08 14:24,2024-11-08 16:56,2024-11-08 19:46,TBM,,0,N,MT-1008,MT-B,
WO-2024-01810,P1-CC1-SEG04,2024-11-08 14:56,2024-11-08 17:36,2024-11-08 21:04,TBM,,208,N,MT-1009,MT-B,정기점검 실시
WO-2024-01811,P1-CR1-FAN01,2024-11-08 15:19,2024-11-08 16:41,2024-11-09 00:41,TBM,,0,N,MT-1008,MT-B,"1호기 재발, 정기수리 부속작업"
WO-2024-01812,P1-CC2-SEG04,2024-11-08 15:36,2024-11-08 15:57,2024-11-08 21:45,BM,WER,347,N,MT-1012,MT-B,  마모량 초과 
WO-2024-01813,P1-CR1-WLD01,2024-11-08 21:50,2024-11-08 23:05,2024-11-09 06:00,TBM,,350,N,MT-1022,MT-D,
WO-2024-01814,P1-CR1-FAN01,2024-11-08 22:25,2024-11-09 01:14,2024-11-09 06:57,TBM,,0,N,MT-1020,MT-D,정기수리 부속작업
WO-2024-01815,P1-CR1-FAN02,2024-11-08 23:17,2024-11-08 23:50,2024-11-09 01:37,TBM,,107,N,MT-1023,MT-D,정기수리 부속작업
WO-2024-01816,P1-CR1-PMP03,2024-11-08 23:32,2024-11-09 03:02,2024-11-09 09:08,TBM,,365,N,MT-1022,MT-D,수리기간 중 점검
WO-2024-01817,P1-CR1-PKL01,2024-11-08 23:33,2024-11-09 02:10,2024-11-09 05:27,TBM,,130,N,MT-1023,MT-D,정기수리 부속작업
WO-2024-01818,P1-CR1-PMP03,2024-11-08 23:46,2024-11-09 03:40,2024-11-09 05:42,TBM,,122,N,MT-1022,MT-D,정기수리 실시
WO-2024-01819,P1-CR1-SPM01,2024-11-09 00:39,2024-11-09 01:53,2024-11-09 07:04,TBM,,230,N,MT-1001,MT-A,정기수리 부속작업
WO-2024-01820,P1-BF1-HSV02,2024-11-09 03:01,2024-11-09 06:12,2024-11-10 01:06,BM,WER,1133,N,MT-1006,MT-A,"2호기 재발, WEAR 확인"
WO-2024-01821,P1-SP1-EXF01-MTR,2024-11-09 02:02,2024-11-09 05:08,2024-11-09 09:29,TBM,,175,N,MT-1001,MT-A,TBM 점검
WO-2024-01822,P1-CR1-PKL01,2024-11-09 03:02,2024-11-09 03:23,2024-11-09 07:15,TBM,,232,N,MT-1002,MT-A,
WO-2024-01823,P1-CR1-CAL01,2024-11-09 06:05,2024-11-09 09:58,2024-11-09 13:02,TBM,,70,N,MT-1014,MT-C,"1호기 재발, 정기수리 실시"
WO-2024-01824,P1-CC2-INS01,2024-11-09 06:30,2024-11-09 08:55,2024-11-09 15:05,BM,SEL,370,N,MT-1016,MT-C,"1호기 재발, 냉각수 누설"
WO-2024-01825,P1-CC1-SEG02,2024-11-09 07:22,2024-11-09 09:21,2024-11-09 12:45,TBM,SEL,203,N,MT-1017,MT-C,
WO-2024-01826,P1-CR1-CAL01,2024-11-09 07:39,2024-11-09 11:15,2024-11-09 18:20,TBM,,425,N,MT-1017,MT-C,수리기간 중 점검
WO-2024-01827,P1-SP2-IGF01,2024-11-09 15:58,2024-11-09 18:01,2024-11-10 01:06,BM,ELE,424,N,MT-1018,MT-C,전류 불안정
WO-2024-01828,P1-CR1-INS01,2024-11-09 19:37,2024-11-09 19:43,2024-11-10 01:07,TBM,,0,N,MT-1005,MT-A,  SD작업 수행 
WO-2024-01829,P1-CR1-FAN01,2024-11-09 21:21,2024-11-10 01:10,2024-11-10 06:12,TBM,,215,N,MT-1002,MT-A,정기수리 부속작업
WO-2024-01830,P1-CR1-PMP02,2024-11-10 02:24,2024-11-10 03:27,2024-11-10 10:45,TBM,,145,N,MT-1012,MT-B,"2호기 재발, 정기수리 실시"
WO-2024-01831,P1-BF1-HSV02,2024-11-10 02:33,2024-11-10 02:35,2024-11-10 04:47,TBM,,0,Y,MT-1012,MT-B,"2호기 재발, 정기점검 - 이상없음"
WO-2024-01832,P1-CR1-WLD01,2024-11-10 03:53,2024-11-10 06:58,2024-11-10 10:31,TBM,,70,N,MT-1008,MT-B,SD작업 수행
WO-2024-01833,P1-CR1-WLD01,2024-11-10 06:25,2024-11-10 07:06,2024-11-10 08:12,TBM,,60,N,MT-1022,MT-D,SD작업 수행
WO-2024-01834,P1-CR1-CAL01,2024-11-10 07:00,2024-11-10 10:40,2024-11-10 12:52,TBM,,131,N,MT-1023,MT-D,정기수리 부속작업
WO-2024-01835,P1-SP2-AGT01-MTR,2024-11-10 07:29,2024-11-10 10:30,2024-11-10 15:00,TBM,,220,N,MT-1020,MT-D,순회점검 후속
WO-2024-01836,P1-CR1-SPM01,2024-11-10 07:39,2024-11-10 11:09,2024-11-10 13:00,TBM,,110,N,MT-1019,MT-D,SD작업 수행
WO-2024-01837,P1-CR1-CRN01,2024-11-10 07:51,2024-11-10 08:28,2024-11-10 14:42,TBM,,0,N,MT-1024,MT-D,수리기간 중 점검
WO-2024-01838,P1-CR1-FAN02,2024-11-10 14:20,2024-11-10 17:41,2024-11-10 19:50,TBM,BRG,80,N,MT-1024,MT-D,이상음 발생
WO-2024-01839,P1-CR1-PMP01,2024-11-10 15:50,2024-11-10 18:21,2024-11-10 22:50,TBM,LUB,0,N,MT-1024,MT-D,"  1호기 재발, 급유 불량 "
WO-2024-01840,P1-SP2-EXF01,2024-11-10 16:46,2024-11-19 08:51,2024-11-19 17:24,CBM,MAL,513,N,MT-1021,MT-D,
WO-2024-01841,P1-CR1-CRN01,2024-11-10 21:34,2024-11-11 00:17,2024-11-11 03:17,TBM,,180,N,MT-1009,MT-B,SD작업 수행
WO-2024-01842,P1-SM1-CRN01,2024-11-10 22:33,2024-11-10 23:11,2024-11-11 06:44,BM,LUB,0,Y,MT-1007,MT-B,누유 확인
WO-2024-01843,P1-CR1-FAN01,2024-11-10 23:31,2024-11-11 00:41,2024-11-11 06:08,TBM,,327,N,MT-1010,MT-B,"1호기 재발, SD작업 수행"
WO-2024-01844,P1-CC1-MLD01,2024-11-11 03:12,2024-11-11 04:54,2024-11-11 10:58,BM,WER,364,N,MT-1015,MT-C,
WO-2024-01845,P1-CR1-PMP02,2024-11-11 06:00,2024-11-11 08:31,2024-11-11 09:25,TBM,,54,N,MT-1004,MT-A,계획 점검 수행
WO-2024-01846,P1-BF1-HSV01,2024-11-11 06:51,2024-11-11 12:03,2024-11-11 17:29,BM,WER,326,N,MT-1001,MT-A,"1호기 재발, WEAR 확인"
WO-2024-01847,P1-SP2-CLR01,2024-11-11 15:38,2024-11-11 19:15,2024-11-11 21:12,TBM,,50,N,MT-1004,MT-A,정기점검 실시
WO-2024-01848,P1-CC1-MLD01,2024-11-11 23:22,2024-11-12 04:22,2024-11-12 15:00,BM,SEL,638,N,MT-1014,MT-C,씰 누수
WO-2024-01849,P1-SP1-AGT01,2024-11-12 04:24,2024-11-12 05:34,2024-11-12 10:04,TBM,,269,Y,MT-1022,MT-D,점검 이상없음
WO-2024-01850,P1-SP2-IGF01,2024-11-12 05:35,2024-11-12 07:24,2024-11-12 10:43,TBM,,0,Y,MT-1021,MT-D,정기점검 - 이상없음
WO-2024-01851,P1-SM1-CRN01,2024-11-12 06:44,2024-11-12 10:01,2024-11-12 13:04,TBM,,183,N,MT-1009,MT-B,"1호기 재발, 월간 점검 완료"
WO-2024-01852,P1-CR1-PMP03,2024-11-12 13:45,2024-11-12 16:10,2024-11-12 20:11,TBM,,0,N,MT-1010,MT-B,TBM 점검
WO-2024-01853,P1-SP2-SNM01,2024-11-12 14:25,2024-11-12 16:12,2024-11-12 19:35,TBM,,0,Y,MT-1010,MT-B,정기점검검 실시
WO-2024-01854,P1-CR1-CAL01,2024-11-12 15:00,2024-11-13 08:54,2024-11-13 12:44,CBM,WER,190,N,MT-1007,MT-B,마모량 초과
WO-2024-01855,P1-CC2-INS01,2024-11-12 15:44,2024-11-12 17:52,2024-11-12 23:33,BM,SEL,0,N,MT-1007,MT-B,누수 발생
WO-2024-01856,P1-CC1-PMP01,2024-11-12 23:08,2024-11-13 02:08,2024-11-13 04:37,BM,ETC,149,N,MT-1019,MT-D,"1호기 재발, 원인 미상"
WO-2024-01857,P1-CC2-MLD01,2024-11-13 06:10,2024-11-13 08:54,2024-11-13 12:49,TBM,,0,N,MT-1015,MT-C,월간 점검 완료
WO-2024-01858,P1-SP1-SNM01,2024-11-13 06:47,2024-11-13 07:53,2024-11-13 11:14,TBM,,200,N,MT-1013,MT-C,계획 점검 수행
WO-2024-01859,P1-CR1-CAL01,2024-11-13 07:13,2024-11-13 07:40,2024-11-13 09:35,TBM,,115,N,MT-1014,MT-C,계획 점검 수행
WO-2024-01860,P1-BF1-HSV03,2024-11-13 07:56,2024-11-13 11:34,2024-11-13 14:27,TBM,,172,N,MT-1015,MT-C,월간 점검 완료
WO-2024-01861,P1-CC2-INS01,2024-11-13 10:26,2024-11-13 12:56,2024-11-13 15:28,TBM,,0,N,MT-1015,MT-C,월간 점검 완료
WO-2024-01862,P1-BF2-BLW01,2024-11-13 15:46,2024-11-15 02:23,2024-11-15 10:24,CBM,ELE,335,N,MT-1018,MT-C,"1호기 재발, ELE 이상"
WO-2024-01863,P1-BF2-BLW01,2024-11-13 23:01,2024-11-14 01:30,2024-11-14 15:20,BM,UNB,355,N,MT-1004,MT-A,불평형 의심
WO-2024-01864,P1-BF2-BFR01,2024-11-14 07:07,2024-11-14 10:32,2024-11-14 12:28,BM,ELE,116,N,MT-1022,MT-D,ELE 이상
WO-2024-01865,P1-SP2-DCF02,2024-11-14 07:32,2024-11-14 10:28,2024-11-14 11:54,TBM,,55,N,MT-1024,MT-D,TBM 점검
WO-2024-01866,P1-SP1-MIX02,2024-11-14 22:19,2024-11-15 02:05,2024-11-15 03:54,TBM,,109,N,MT-1010,MT-B,순회점검 후속
WO-2024-01867,P1-BF1-CAS01,2024-11-15 14:08,2024-11-15 19:03,2024-11-15 20:01,BM,ETC,58,N,MT-1004,MT-A,
WO-2024-01868,P1-SP1-BCV01,2024-11-15 23:09,2024-11-16 00:40,2024-11-16 10:24,BM,,584,N,MT-1018,MT-C,재점검 필요
WO-2024-01869,P1-CC1-SEG03,2024-11-16 06:16,2024-11-16 07:34,2024-11-16 10:17,BM,SEL,100,N,MT-1008,MT-B,"3호기 재발, 누수 발생"
WO-2024-01870,P1-CC2-PMP01,2024-11-16 14:14,2024-11-16 17:20,2024-11-16 20:08,TBM,,167,N,MT-1007,MT-B,순회점검 후속
WO-2024-01871,P1-CC1-SEG01,2024-11-16 22:51,2024-11-17 00:13,2024-11-17 04:48,TBM,,0,Y,MT-1020,MT-D,"1호기 재발, 정기점검 - 이상없음"
WO-2024-01872,P1-CC1-EMS01,2024-11-17 06:22,2024-11-17 10:12,2024-11-17 13:23,TBM,,190,N,MT-1013,MT-C,순회점검 후속
WO-2024-01873,P1-SM1-CRN02,2024-11-17 11:42,2024-11-17 13:51,2024-11-17 18:45,TBM,,293,Y,MT-1015,MT-C,정기점검 실시
WO-2024-01874,P1-BF1-CAS01,2024-11-17 14:05,2024-11-17 16:05,2024-11-17 18:45,TBM,,50,N,MT-1013,MT-C,점검 이상없음
WO-2024-01875,P1-CC2-TUN01,2024-11-17 22:56,2024-11-17 23:20,2024-11-18 02:06,TBM,,0,N,MT-1004,MT-A,"1호기 재발, 정기점검 - 이상없음"
WO-2024-01876,P1-CC1-INS01,2024-11-17 23:01,2024-11-18 00:32,2024-11-18 04:52,TBM,,259,N,MT-1004,MT-A,  계획 점검 수행 
WO-2024-01877,P1-CC1-PMP01,2024-11-17 23:06,2024-11-18 01:48,2024-11-18 04:10,TBM,,142,N,MT-1001,MT-A,  정기점검 실시 
WO-2024-01878,P1-SM1-BOF02,2024-11-17 23:49,2024-11-18 03:25,2024-11-18 05:17,TBM,,0,N,MT-1004,MT-A,계획 점검 수행
WO-2024-01879,P1-SM1-RHD01,2024-11-18 03:58,2024-11-18 07:24,2024-11-18 08:26,BM,WER,50,N,MT-1007,MT-B,  마모량 초과 
WO-2024-01880,P1-CC1-PMP01,2024-11-18 15:34,2024-11-18 17:50,2024-11-18 18:29,BM,UNB,38,N,MT-1021,MT-D,회전체 밸런스 불량
WO-2024-01881,P1-CR1-DCF01,2024-11-18 22:30,2024-11-19 00:56,2024-11-19 10:06,BM,WER,550,Y,MT-1009,MT-B,표면 마모 확인
WO-2024-01882,P1-BF2-BLW01,2024-11-19 01:42,2024-11-19 05:16,2024-11-19 07:37,BM,,141,N,MT-1015,MT-C,확인 중
WO-2024-01883,P1-SP2-MIX01,2024-11-19 03:19,2024-11-19 08:35,2024-11-19 10:24,BM,LUB,108,N,MT-1018,MT-C,그리스 부족
WO-2024-01884,P1-SP1-SNM01,2024-11-19 07:55,2024-11-19 10:37,2024-11-20 06:08,BM,WER,1171,N,MT-1001,MT-A,표면 마모 화인
WO-2024-01885,P1-CR1-PKL01,2024-11-19 08:11,2024-11-19 10:10,2024-11-19 14:10,TBM,,0,N,MT-1004,MT-A,점검 이상없음
WO-2024-01886,P1-BF2-BFR01,2024-11-19 11:06,2024-11-19 12:40,2024-11-19 17:26,TBM,,0,N,MT-1005,MT-A,
WO-2024-01887,P1-CC2-SCC01,2024-11-19 14:47,2024-11-19 15:42,2024-11-19 20:16,TBM,,273,N,MT-1002,MT-A,TBM 점검
WO-2024-01888,P1-SP1-AGT01-MTR,2024-11-19 23:56,2024-11-20 03:18,2024-11-20 07:14,TBM,,236,N,MT-1017,MT-C,정기점검 실시
WO-2024-01889,P1-SP1-DCF01,2024-11-20 12:06,2024-11-20 13:39,2024-11-20 14:50,TBM,,70,Y,MT-1012,MT-B,
WO-2024-01890,P1-SP1-CLR01,2024-11-20 15:15,2024-11-20 18:28,2024-11-20 20:05,TBM,ELE,97,Y,MT-1010,MT-B,"1호기 재발, 모터 과열"
WO-2024-01891,P1-CR1-TCM01,2024-11-20 23:35,2024-11-24 00:34,2024-11-24 04:34,CBM,WER,105,N,MT-1024,MT-D,"1호기 재발, 마모 진행"
WO-2024-01892,P1-CR1-INS01,2024-11-20 23:46,2024-11-21 01:13,2024-11-21 04:40,TBM,,155,N,MT-1022,MT-D,계획 점검 수행
WO-2024-01893,P1-SP2-MIX01,2024-11-21 06:16,2024-11-21 07:07,2024-11-21 07:57,TBM,,0,N,MT-1017,MT-C,점검 이상없음
WO-2024-01894,P1-BF1-PCI01,2024-11-21 06:41,2024-11-21 08:59,2024-11-21 17:36,BM,,516,N,MT-1017,MT-C,
WO-2024-01895,P1-SP2-MIX02,2024-11-21 07:50,2024-11-21 08:43,2024-11-21 10:18,TBM,,0,N,MT-1017,MT-C,"  2호기 재발, 월간 점검 완료 "
WO-2024-01896,P1-BF1-BFR01,2024-11-21 22:11,2024-11-21 23:39,2024-11-22 01:46,TBM,,0,N,MT-1005,MT-A,"1호기 재발, 점검 이상없음"
WO-2024-01897,P1-CR1-CRN01,2024-11-21 22:14,2024-11-22 02:57,2024-11-22 12:50,BM,ETC,593,N,MT-1001,MT-A,원인 미상
WO-2024-01898,P1-CC1-PMP02,2024-11-21 23:48,2024-11-22 00:42,2024-11-22 02:52,TBM,UNB,0,Y,MT-1006,MT-A,"2호기 재발, 회전체 밸런스 불량"
WO-2024-01899,P1-BF1-HSV02,2024-11-22 06:39,2024-11-25 04:49,2024-11-25 14:21,CBM,ETC,572,Y,MT-1022,MT-D,재점검 필요
WO-2024-01900,P1-CR1-FAN02,2024-11-22 06:52,2024-11-22 10:21,2024-11-22 12:01,BM,LUB,100,N,MT-1024,MT-D,그리스 부족
WO-2024-01901,P1-CR1-SPM01-MTR,2024-11-22 07:12,2024-11-22 08:06,2024-11-22 12:47,TBM,,0,N,MT-1022,MT-D,월간 점검 완료
WO-2024-01902,P1-CC2-PMP02,2024-11-22 07:28,2024-11-22 11:18,2024-11-22 14:22,TBM,UNB,75,N,MT-1024,MT-D,진동 상승
WO-2024-01903,P1-CC1-SCC01,2024-11-22 14:49,2024-11-22 18:20,2024-11-22 20:14,TBM,,0,N,MT-1021,MT-D,"1호기 재발, TBM 점검"
WO-2024-01904,P1-CR1-PMP02,2024-11-23 05:47,2024-11-23 09:49,2024-11-23 18:56,BM,,547,N,MT-1014,MT-C,
WO-2024-01905,P1-SP2-AGT01,2024-11-23 06:44,2024-11-23 07:05,2024-11-23 10:36,TBM,,0,N,MT-1004,MT-A,  점검 이상없음 
WO-2024-01906,P1-CR1-PMP01,2024-11-23 07:41,2024-11-23 10:13,2024-11-23 14:48,TBM,,274,N,MT-1002,MT-A,점검 이상없음
WO-2024-01907,P1-CC1-SEG03,2024-11-23 15:55,2024-11-23 17:30,2024-11-23 21:16,TBM,,185,N,MT-1002,MT-A,정기점검 - 이상없음
WO-2024-01908,P1-CC2-SEG04,2024-11-23 18:39,2024-11-23 20:25,2024-11-23 21:48,TBM,,82,N,MT-1013,MT-C,계획 점검 수행
WO-2024-01909,P1-SP1-MIX01,2024-11-23 22:41,2024-11-24 01:41,2024-11-24 19:52,BM,BRG,790,Y,MT-1015,MT-C,구동측 베어링 발열
WO-2024-01910,P1-CC1-TUN01,2024-11-24 00:11,2024-11-24 03:59,2024-11-24 06:32,TBM,,152,N,MT-1020,MT-D,순회점검 후속
WO-2024-01911,P1-SM1-DCF01,2024-11-24 06:12,2024-11-24 10:01,2024-11-24 12:20,TBM,,139,N,MT-1011,MT-B,정기점검 - 이상없음
WO-2024-01912,P1-SP2-DCF01,2024-11-24 09:09,2024-11-24 11:16,2024-11-24 13:48,BM,SEL,115,N,MT-1010,MT-B,  SEAL 손상 
WO-2024-01913,P1-BF1-PCI01,2024-11-24 10:12,2024-11-24 14:22,2024-11-24 15:57,BM,ETC,30,N,MT-1011,MT-B,"1호기 재발, 확인 중"
WO-2024-01914,P1-SP2-EXF01,2024-11-24 14:32,2024-11-24 17:05,2024-11-24 19:40,TBM,,140,N,MT-1009,MT-B,순회점검 후속
WO-2024-01915,P1-CR1-RCL01,2024-11-24 15:12,2024-11-24 16:12,2024-11-24 17:07,BM,WER,25,Y,MT-1008,MT-B,표면 마모 확인
WO-2024-01916,P1-CC1-SEG04,2024-11-24 18:28,2024-11-24 21:51,2024-11-25 03:47,BM,WER,185,N,MT-1024,MT-D,마모량 초과
WO-2024-01917,P1-SP2-DCF01,2024-11-24 18:45,2024-11-24 21:43,2024-11-25 02:11,TBM,,268,N,MT-1024,MT-D,"  1호기 재발, 월간 점검 완료 "
WO-2024-01918,P1-SM1-LFR01,2024-11-24 22:36,2024-11-24 22:51,2024-11-25 00:47,TBM,,75,N,MT-1023,MT-D,"1호기 재발, 월간 점검 완료"
WO-2024-01919,P1-CR1-TCM01,2024-11-25 03:29,2024-11-27 04:26,2024-11-27 10:16,CBM,LUB,349,N,MT-1003,MT-A,"1호기 재발, 누유 확인"
WO-2024-01920,P1-BF2-HSV03,2024-11-25 10:09,2024-11-25 12:41,2024-11-25 17:37,TBM,,295,N,MT-1017,MT-C,순회점검 후속
WO-2024-01921,P1-SM1-DCF01,2024-11-25 14:05,2024-11-25 14:56,2024-11-26 13:41,BM,ETC,1365,N,MT-1014,MT-C,특이사항
WO-2024-01922,P1-CR1-CAL01,2024-11-25 14:19,2024-11-30 04:19,2024-11-30 07:12,CBM,MAL,130,N,MT-1018,MT-C,"1호기 재발, 설비 트립"
WO-2024-01923,P1-SM1-BOF01,2024-11-25 14:31,2024-11-25 17:07,2024-11-25 20:55,TBM,,0,Y,MT-1016,MT-C,
WO-2024-01924,P1-BF2-HSV03,2024-11-25 15:46,2024-11-25 16:22,2024-11-25 18:17,BM,ELE,115,N,MT-1017,MT-C,  전류 불안정 
WO-2024-01925,P1-CC2-SEG01,2024-11-25 23:29,2024-11-26 01:31,2024-11-26 05:14,TBM,,222,N,MT-1002,MT-A,월간 점검 완료
WO-2024-01926,P1-SP2-DCF01,2024-11-26 03:06,2024-11-26 05:06,2024-11-27 03:20,BM,WER,1175,N,MT-1007,MT-B,WEAR 확인
WO-2024-01927,P1-CC2-LDT01,2024-11-26 07:22,2024-11-26 11:12,2024-11-26 14:35,TBM,LUB,202,N,MT-1019,MT-D,"1호기 재발, 오일 레벨 저하"
WO-2024-01928,P1-SP2-SNM01,2024-11-26 19:10,2024-11-26 20:20,2024-11-26 22:46,BM,ELE,0,N,MT-1011,MT-B,전류 불안정
WO-2024-01929,P1-BF2-BLW01,2024-11-27 06:05,2024-11-27 06:54,2024-11-27 13:26,BM,ETC,391,N,MT-1004,MT-A,
WO-2024-01930,P1-SM1-RHD01,2024-11-27 14:27,2024-11-27 15:12,2024-11-27 17:57,TBM,,0,N,MT-1003,MT-A,정기점검 실시
WO-2024-01931,P1-BF2-BLW01,2024-11-27 14:49,2024-11-27 15:03,2024-11-27 16:42,TBM,,98,N,MT-1001,MT-A,정기점검 실시
WO-2024-01932,P1-CC2-SEG03,2024-11-27 17:44,2024-11-27 21:37,2024-11-27 23:03,BM,ETC,80,N,MT-1003,MT-A,재점검 필요
WO-2024-01933,P1-CC2-INS01,2024-11-27 23:12,2024-12-02 16:27,2024-12-02 18:29,CBM,SEL,121,Y,MT-1017,MT-C,누수 발생
WO-2024-01934,P1-CC2-EMS01,2024-11-27 23:52,2024-11-28 02:47,2024-11-28 04:13,TBM,,85,N,MT-1015,MT-C,
WO-2024-01935,P1-BF2-HSV01,2024-11-28 15:13,2024-11-28 15:42,2024-11-28 18:43,BM,MAL,180,Y,MT-1008,MT-B,동작 불량
WO-2024-01936,P1-CC2-SEG03,2024-11-28 22:02,2024-11-28 23:32,2024-11-29 07:53,BM,SEL,465,N,MT-1020,MT-D,누수 발생
WO-2024-01937,P1-SP1-CRS01,2024-11-28 23:47,2024-11-29 03:04,2024-11-29 04:24,BM,MAL,80,N,MT-1020,MT-D,오작동 발생
WO-2024-01938,P1-CR1-CRN01,2024-11-29 23:18,2024-11-29 23:51,2024-11-30 01:23,BM,WER,91,N,MT-1005,MT-A,
WO-2024-01939,P1-CC2-MLD01,2024-11-30 02:30,2024-11-30 05:48,2024-11-30 09:28,BM,LUB,180,Y,MT-1007,MT-B,급유 불량
WO-2024-01940,P1-CC1-INS01,2024-11-30 06:15,2024-12-03 15:57,2024-12-03 17:55,CBM,SEL,117,N,MT-1023,MT-D,씰 누수
WO-2024-01941,P1-CR1-TCM01,2024-11-30 06:28,2024-12-02 05:02,2024-12-02 11:17,CBM,WER,374,N,MT-1022,MT-D,마모량 초과
WO-2024-01942,P1-CR1-DCF01,2024-11-30 07:08,2024-11-30 13:03,2024-11-30 19:53,BM,SEL,410,N,MT-1022,MT-D,패킹 누설
WO-2024-01943,P1-CC1-INS01,2024-11-30 14:33,2024-11-30 15:36,2024-11-30 21:04,BM,ELE,327,N,MT-1023,MT-D,전류 불안정
WO-2024-01944,P1-BF1-HSV01,2024-11-30 23:50,2024-12-01 02:55,2024-12-01 03:46,BM,WER,50,N,MT-1012,MT-B,WEAR 확인
WO-2024-01945,P1-CC1-MLD01,2024-12-01 06:38,2024-12-01 07:51,2024-12-01 11:31,TBM,,195,Y,MT-1003,MT-A,월간 점검 완료
WO-2024-01946,P1-CC1-SEG01,2024-12-01 07:33,2024-12-01 11:10,2024-12-01 12:36,BM,WER,0,N,MT-1002,MT-A,라이너 마모
WO-2024-01947,P1-SP1-MIX01,2024-12-01 14:26,2024-12-01 19:43,2024-12-01 23:13,BM,WER,209,N,MT-1006,MT-A,WEAR 확인
WO-2024-01948,P1-SP2-CRS01,2024-12-01 14:52,2024-12-10 01:23,2024-12-10 10:41,CBM,,557,N,MT-1003,MT-A,화인 중
WO-2024-01949,P1-CR1-SPM01,2024-12-01 15:23,2024-12-01 17:27,2024-12-01 21:02,TBM,,85,N,MT-1003,MT-A,월간 점검 완료
WO-2024-01950,P1-CC2-SEG03,2024-12-01 15:30,2024-12-01 16:23,2024-12-01 20:40,TBM,,256,N,MT-1003,MT-A,TBM 점검
WO-2024-01951,P1-BF2-BFR01,2024-12-01 15:38,2024-12-01 19:58,2024-12-01 22:48,BM,,170,N,MT-1004,MT-A,현상 재현 안됨
WO-2024-01952,P1-SP1-DCF02,2024-12-01 15:45,2024-12-01 17:01,2024-12-01 19:46,TBM,,0,Y,MT-1005,MT-A,점검 이상없음
WO-2024-01953,P1-CR1-PMP03,2024-12-01 15:50,2024-12-01 17:33,2024-12-02 00:15,BM,,402,Y,MT-1001,MT-A,확인 중
WO-2024-01954,P1-BF1-BLW01,2024-12-01 21:10,2024-12-02 00:41,2024-12-02 04:17,BM,LUB,216,N,MT-1013,MT-C,
WO-2024-01955,P1-CR1-SPM01,2024-12-02 06:01,2024-12-02 11:22,2024-12-02 14:35,BM,LUB,90,N,MT-1007,MT-B,오일 레벨 저하
WO-2024-01956,P1-SP2-EXF01-MTR,2024-12-02 15:31,2024-12-02 16:49,2024-12-02 18:06,TBM,,0,N,MT-1012,MT-B,
WO-2024-01957,P1-CC1-LDT01,2024-12-02 15:43,2024-12-02 19:26,2024-12-02 20:15,TBM,LUB,40,N,MT-1008,MT-B,
WO-2024-01958,P1-SP1-EXF01,2024-12-02 19:58,2024-12-02 22:33,2024-12-03 00:48,TBM,,95,Y,MT-1021,MT-D,
WO-2024-01959,P1-CC1-PMP01,2024-12-02 22:55,2024-12-03 02:35,2024-12-03 06:32,BM,BRG,236,N,MT-1021,MT-D,이상음 발생
WO-2024-01960,P1-BF1-HSV01,2024-12-02 23:16,2024-12-03 01:42,2024-12-03 03:08,TBM,,65,N,MT-1019,MT-D,
WO-2024-01961,P1-CR1-WLD01,2024-12-03 07:05,2024-12-03 10:52,2024-12-03 11:49,TBM,,15,N,MT-1013,MT-C,"1호기 재발, 순회점검 후속"
WO-2024-01962,P1-CC1-PMP02,2024-12-03 07:11,2024-12-09 20:34,2024-12-10 03:54,CBM,,265,Y,MT-1014,MT-C,재점검 필요
WO-2024-01963,P1-SM1-CRN02,2024-12-03 10:13,2024-12-03 14:50,2024-12-03 18:41,BM,MAL,195,N,MT-1014,MT-C,오작동 발생
WO-2024-01964,P1-CR1-TCM01,2024-12-03 15:23,2024-12-03 17:33,2024-12-03 21:36,TBM,,242,N,MT-1018,MT-C,점검 이상없음
WO-2024-01965,P1-SP2-AGT01,2024-12-03 15:27,2024-12-03 18:50,2024-12-03 23:12,BM,ETC,262,N,MT-1018,MT-C,원인 미상
WO-2024-01966,P1-BF2-HSV01,2024-12-03 15:32,2024-12-03 18:25,2024-12-03 19:30,TBM,,35,N,MT-1017,MT-C,순회점검 후속
WO-2024-01967,P1-SP1-IGF01,2024-12-03 22:58,2024-12-04 01:00,2024-12-04 05:51,TBM,ELE,0,N,MT-1004,MT-A,절연 저하
WO-2024-01968,P1-CC2-SEG02,2024-12-03 23:02,2024-12-04 04:06,2024-12-04 05:37,BM,ETC,30,N,MT-1003,MT-A,
WO-2024-01969,P1-SP1-MIX01,2024-12-04 06:18,2024-12-04 07:03,2024-12-04 09:10,TBM,,90,N,MT-1021,MT-D,
WO-2024-01970,P1-SP1-CRS01,2024-12-03 23:27,2024-12-04 01:28,2024-12-04 05:14,TBM,,0,N,MT-1004,MT-A,TBM 점검
WO-2024-01971,P1-CC1-PMP01,2024-12-04 15:21,2024-12-09 04:56,2024-12-09 07:31,CBM,LUB,110,N,MT-1024,MT-D,급유 불량
WO-2024-01972,P1-SM1-CRN02,2024-12-04 22:01,2024-12-05 01:03,2024-12-05 03:40,TBM,,156,N,MT-1010,MT-B,점검 이상없음
WO-2024-01973,P1-SP2-BCV02,2024-12-04 22:08,2024-12-05 03:43,2024-12-05 12:49,BM,LUB,415,N,MT-1011,MT-B,누유 확인
WO-2024-01974,P1-BF2-BFR01,2024-12-04 22:47,2024-12-05 00:14,2024-12-05 03:03,BM,LUB,168,N,MT-1010,MT-B,
WO-2024-01975,P1-SP1-AGT01,2024-12-04 23:36,2024-12-05 00:01,2024-12-05 09:35,BM,ETC,574,N,MT-1009,MT-B,특이사항
WO-2024-01976,P1-CC2-PMP02,2024-12-05 06:15,2024-12-05 11:46,2024-12-05 12:32,BM,UNB,25,Y,MT-1005,MT-A,진동 상승
WO-2024-01977,P1-CC2-MLD01,2024-12-05 06:35,2024-12-05 10:45,2024-12-05 16:18,BM,,130,N,MT-1004,MT-A,현상 재현 안됨
WO-2024-01978,P1-SP2-AGT01,2024-12-05 20:41,2024-12-06 01:47,2024-12-06 16:55,BM,LUB,690,Y,MT-1015,MT-C,급유 불량
WO-2024-01979,P1-SP1-EXF01-MTR,2024-12-05 22:13,2024-12-06 01:56,2024-12-06 04:51,TBM,,0,Y,MT-1016,MT-C,계획 점검 수행
WO-2024-01980,P1-SP1-CRS01,2024-12-05 22:44,2024-12-07 15:51,2024-12-08 00:40,CBM,WER,430,N,MT-1017,MT-C,WEAR 확인
WO-2024-01981,P1-BF2-PCI01,2024-12-05 22:50,2024-12-06 02:48,2024-12-06 05:37,TBM,,168,N,MT-1013,MT-C,TBM 점검검
WO-2024-01982,P1-CR1-RCL01,2024-12-06 00:28,2024-12-06 02:31,2024-12-06 05:40,TBM,,55,N,MT-1021,MT-D,순회점검 후속
WO-2024-01983,P1-BF2-CAS01,2024-12-06 04:28,2024-12-06 08:23,2024-12-06 10:31,TBM,,127,N,MT-1022,MT-D,정기점검 - 이상없음
WO-2024-01984,P1-BF2-BLW01,2024-12-06 07:21,2024-12-06 07:42,2024-12-06 15:25,BM,BRG,370,N,MT-1012,MT-B,BRG소음 확인
WO-2024-01985,P1-BF2-HSV02,2024-12-06 07:58,2024-12-06 09:39,2024-12-06 11:34,TBM,WER,0,N,MT-1007,MT-B,마모 진행
WO-2024-01986,P1-BF2-PCI01,2024-12-07 14:11,2024-12-07 17:20,2024-12-08 14:52,BM,LUB,1291,N,MT-1017,MT-C,윤활유 누유
WO-2024-01987,P1-CR1-WLD01,2024-12-07 15:02,2024-12-13 09:05,2024-12-13 17:41,CBM,SEL,515,N,MT-1016,MT-C,누수 발생
WO-2024-01988,P1-SP2-CRS01,2024-12-07 23:13,2024-12-08 00:27,2024-12-08 01:27,TBM,,40,N,MT-1001,MT-A,월간 점검 완료
WO-2024-01989,P1-BF1-BFR01,2024-12-08 14:47,2024-12-08 20:46,2024-12-08 22:07,BM,MAL,50,N,MT-1022,MT-D,설비 트립
WO-2024-01990,P1-CC1-SEG02,2024-12-08 15:07,2024-12-08 18:16,2024-12-08 23:00,TBM,LUB,0,N,MT-1020,MT-D,"2호기 재발, 윤활유 누유"
WO-2024-01991,P1-SP2-AGT01-MTR,2024-12-08 23:42,2024-12-09 02:10,2024-12-09 03:25,TBM,LUB,0,N,MT-1007,MT-B,"1호기 재발, 오일 레벨 저하"
WO-2024-01992,P1-SP2-BCV02,2024-12-09 05:57,2024-12-09 08:41,2024-12-09 12:35,BM,BRG,130,N,MT-1014,MT-C,BRG소음 확인
WO-2024-01993,P1-CC1-SEG04,2024-12-09 06:59,2024-12-09 10:39,2024-12-09 11:55,TBM,,0,N,MT-1002,MT-A,"4호기 재발, 정기점검 실시"
WO-2024-01994,P1-BF1-HSV03,2024-12-09 07:45,2024-12-09 11:06,2024-12-09 13:17,BM,,65,N,MT-1003,MT-A,"3호기 재발, 특이사항"
WO-2024-01995,P1-CC1-EMS01,2024-12-09 14:32,2024-12-09 17:40,2024-12-09 21:07,BM,ETC,207,N,MT-1006,MT-A,원인 미상
WO-2024-01996,P1-SP1-SCR02,2024-12-09 10:03,2024-12-11 11:38,2024-12-11 16:07,CBM,,268,Y,MT-1006,MT-A,특이사항
WO-2024-01997,P1-CR1-PMP01,2024-12-09 15:35,2024-12-09 21:24,2024-12-09 22:20,BM,LUB,56,N,MT-1005,MT-A,오일 레벨 저하
WO-2024-01998,P1-BF1-BLW01,2024-12-09 20:51,2024-12-09 22:06,2024-12-10 02:37,TBM,,250,N,MT-1018,MT-C,점검 이상없음
WO-2024-01999,P1-CR1-CAL01,2024-12-09 23:43,2024-12-10 01:50,2024-12-10 05:55,TBM,,95,N,MT-1015,MT-C,
WO-2024-02000,P1-BF2-PCI01,2024-12-10 05:02,2024-12-10 10:39,2024-12-10 12:31,BM,LUB,111,N,MT-1020,MT-D,누유 확인
WO-2024-02001,P1-SP1-AGT01,2024-12-10 06:59,2024-12-10 07:11,2024-12-10 11:28,TBM,,0,N,MT-1010,MT-B,순회점검 후속
WO-2024-02002,P1-CR1-PMP02,2024-12-10 14:56,2024-12-10 17:34,2024-12-10 18:53,TBM,,79,N,MT-1012,MT-B,"2호기 재발, TBM 점검"
WO-2024-02003,P1-BF1-HSV01,2024-12-10 17:51,2024-12-10 20:28,2024-12-11 04:41,BM,,350,N,MT-1010,MT-B,  화인 중 
WO-2024-02004,P1-SM1-CRN01,2024-12-10 23:28,2024-12-11 02:33,2024-12-11 03:31,TBM,,20,N,MT-1024,MT-D,
WO-2024-02005,P1-BF1-HSV02,2024-12-11 06:23,2024-12-11 09:43,2024-12-11 11:51,TBM,MAL,0,N,MT-1016,MT-C,인터록 작동
WO-2024-02006,P1-SP2-SNM01,2024-12-11 07:27,2024-12-11 09:35,2024-12-11 10:26,TBM,,45,N,MT-1014,MT-C,순회점검 후속
WO-2024-02007,P1-BF1-BLW01,2024-12-11 07:42,2024-12-19 00:48,2024-12-19 06:26,CBM,UNB,125,N,MT-1015,MT-C,진동치 증가
WO-2024-02008,P1-CC2-SEG02,2024-12-11 14:12,2024-12-11 16:10,2024-12-11 19:17,TBM,,90,Y,MT-1014,MT-C,
WO-2024-02009,P1-CC2-INS01,2024-12-11 14:37,2024-12-18 07:32,2024-12-18 09:23,CBM,ELE,111,N,MT-1017,MT-C,"1호기 재발, 전류 불안정"
WO-2024-02010,P1-CR1-CRN01,2024-12-11 15:20,2024-12-11 16:27,2024-12-11 17:33,TBM,,66,N,MT-1014,MT-C,월간 점검 완료
WO-2024-02011,P1-BF1-PCI01,2024-12-11 15:57,2024-12-11 21:05,2024-12-12 00:42,BM,LUB,217,N,MT-1013,MT-C,급유 불량
WO-2024-02012,P1-BF1-PCI01,2024-12-11 22:05,2024-12-11 22:27,2024-12-11 23:16,TBM,,35,Y,MT-1002,MT-A,
WO-2024-02013,P1-CC2-MLD01,2024-12-12 00:24,2024-12-12 02:12,2024-12-12 05:31,TBM,,199,Y,MT-1011,MT-B,계획 점검 수행
WO-2024-02014,P1-SP1-MIX01,2024-12-12 02:10,2024-12-12 04:59,2024-12-12 11:41,BM,ETC,402,N,MT-1008,MT-B,"1호기 재발, 확인 중"
WO-2024-02015,P1-SP1-MIX02,2024-12-12 03:28,2024-12-12 06:10,2024-12-12 08:00,TBM,,109,N,MT-1008,MT-B,계획 점검 수행
WO-2024-02016,P1-CR1-PMP03,2024-12-12 06:30,2024-12-12 08:34,2024-12-12 11:54,TBM,UNB,200,N,MT-1019,MT-D,"3호기 재발, 진동 상승"
WO-2024-02017,P1-BF1-BLW01,2024-12-12 15:11,2024-12-12 19:12,2024-12-12 23:46,BM,ELE,145,N,MT-1021,MT-D,ELE 이상
WO-2024-02018,P1-SP2-IGF01,2024-12-12 15:28,2024-12-12 16:05,2024-12-12 18:17,TBM,WER,90,N,MT-1022,MT-D,마모량 초과
WO-2024-02019,P1-BF1-HSV03,2024-12-12 15:42,2024-12-12 17:08,2024-12-12 18:28,TBM,,50,Y,MT-1024,MT-D,TBM 점검
WO-2024-02020,P1-SP1-MIX02,2024-12-12 22:38,2024-12-13 03:19,2024-12-13 06:04,BM,WER,75,N,MT-1009,MT-B,마모 진행
WO-2024-02021,P1-BF2-HSV03,2024-12-12 23:11,2024-12-13 03:48,2024-12-13 05:26,BM,ELE,97,N,MT-1012,MT-B,"3호기 재발, 절연 저하"
WO-2024-02022,P1-CC2-PMP01,2024-12-13 06:03,2024-12-19 14:20,2024-12-19 17:12,CBM,BRG,171,N,MT-1001,MT-A,구동측 베어링 발열
WO-2024-02023,P1-SP1-EXF01,2024-12-13 06:09,2024-12-18 23:14,2024-12-19 06:38,CBM,ELE,444,N,MT-1004,MT-A,  모터 과열 
WO-2024-02024,P1-CC2-INS01,2024-12-13 07:26,2024-12-13 09:27,2024-12-13 10:24,TBM,,0,N,MT-1001,MT-A,TBM 점검
WO-2024-02025,P1-CC2-PMP01,2024-12-13 07:32,2024-12-13 11:15,2024-12-13 13:18,TBM,LUB,0,N,MT-1005,MT-A,오일 레벨 저하
WO-2024-02026,P1-CR1-SPM01,2024-12-13 22:02,2024-12-14 21:47,2024-12-15 00:18,CBM,,151,Y,MT-1017,MT-C,특이사항
WO-2024-02027,P1-SP2-CLR01,2024-12-13 23:13,2024-12-13 23:56,2024-12-14 03:19,TBM,MAL,0,N,MT-1013,MT-C,오작동 발생
WO-2024-02028,P1-CC1-SEG01,2024-12-14 23:51,2024-12-15 02:05,2024-12-15 06:05,TBM,,155,N,MT-1024,MT-D,순회점검 후속
WO-2024-02029,P1-SP1-EXF01,2024-12-15 02:08,2024-12-21 10:17,2024-12-21 15:25,CBM,,307,N,MT-1006,MT-A,재점검 필요
WO-2024-02030,P1-CC1-INS01,2024-12-15 06:13,2024-12-15 10:00,2024-12-15 12:18,TBM,,137,N,MT-1016,MT-C,TBM 점검
WO-2024-02031,P1-CC2-SEG02,2024-12-15 07:36,2024-12-15 11:16,2024-12-15 12:21,BM,SEL,45,N,MT-1013,MT-C,냉각수 누설
WO-2024-02032,P1-SP2-MIX02,2024-12-15 15:00,2024-12-15 17:11,2024-12-15 18:57,BM,WER,106,N,MT-1018,MT-C,WEAR 확인
WO-2024-02033,P1-SP1-SNM01,2024-12-15 22:10,2024-12-16 01:17,2024-12-16 03:58,TBM,,60,Y,MT-1004,MT-A,정기점검 - 이상없음
WO-2024-02034,P1-CC2-SEG03,2024-12-15 22:19,2024-12-16 01:36,2024-12-16 05:33,BM,WER,236,N,MT-1001,MT-A,표면 마모 확인
WO-2024-02035,P1-BF1-BFR01,2024-12-15 22:42,2024-12-15 23:37,2024-12-16 02:02,TBM,,60,N,MT-1003,MT-A,순회점검 후속
WO-2024-02036,P1-SP2-DCF02,2024-12-16 06:54,2024-12-16 08:30,2024-12-16 09:48,TBM,,77,N,MT-1019,MT-D,월간 점검 완료
WO-2024-02037,P1-CC2-EMS01,2024-12-16 07:51,2024-12-16 10:47,2024-12-16 19:52,BM,SEL,0,Y,MT-1020,MT-D,
WO-2024-02038,P1-CR1-SPM01-MTR,2024-12-16 14:44,2024-12-16 15:55,2024-12-16 17:57,TBM,,115,N,MT-1021,MT-D,  TBM 점검검 
WO-2024-02039,P1-CC1-SEG03,2024-12-16 15:27,2024-12-16 19:22,2024-12-17 07:00,BM,LUB,697,Y,MT-1022,MT-D,윤활유 누유
WO-2024-02040,P1-BF2-HSV03,2024-12-16 15:52,2024-12-16 19:28,2024-12-17 07:01,BM,ELE,692,N,MT-1019,MT-D,전류 불안정
WO-2024-02041,P1-SM1-BOF02,2024-12-16 19:36,2024-12-16 23:23,2024-12-17 01:42,TBM,,138,N,MT-1009,MT-B,순회점검 후속
WO-2024-02042,P1-SP1-AGT01-MTR,2024-12-16 22:01,2024-12-16 22:25,2024-12-17 02:43,TBM,,257,N,MT-1008,MT-B,정기점검 실시
WO-2024-02043,P1-SM1-DCF01,2024-12-16 22:44,2024-12-16 23:13,2024-12-17 22:35,BM,SEL,1401,N,MT-1007,MT-B,SEAL 손상
WO-2024-02044,P1-SP1-CLR01,2024-12-16 23:00,2024-12-17 00:30,2024-12-17 02:22,TBM,,111,N,MT-1008,MT-B,정기점검 실시
WO-2024-02045,P1-SP2-BCV01,2024-12-16 23:45,2024-12-17 03:12,2024-12-17 20:08,BM,MAL,735,N,MT-1007,MT-B,오작동 발생
WO-2024-02046,P1-BF2-BLW01,2024-12-16 23:57,2024-12-17 03:48,2024-12-17 08:51,BM,ELE,302,N,MT-1010,MT-B,인버터 알람
WO-2024-02047,P1-BF2-HSV01,2024-12-17 06:47,2024-12-17 12:27,2024-12-17 20:44,BM,ELE,496,N,MT-1003,MT-A,ELE 이상
WO-2024-02048,P1-BF1-CAS01,2024-12-17 07:45,2024-12-17 11:08,2024-12-17 14:20,TBM,,192,N,MT-1002,MT-A,계획 점검 수행
WO-2024-02049,P1-CC1-PMP01,2024-12-17 15:50,2024-12-17 16:15,2024-12-17 17:00,TBM,ELE,45,Y,MT-1006,MT-A,인버터 알람
WO-2024-02050,P1-SP1-AGT01,2024-12-18 21:39,2024-12-21 10:02,2024-12-21 15:17,CBM,,315,N,MT-1023,MT-D,특이사항
WO-2024-02051,P1-CC2-EMS01,2024-12-18 23:25,2024-12-19 01:39,2024-12-19 02:20,BM,SEL,35,N,MT-1019,MT-D,
WO-2024-02052,P1-SM1-RHD01,2024-12-19 06:51,2024-12-19 07:45,2024-12-19 10:11,BM,SEL,65,N,MT-1018,MT-C,누수 발생
WO-2024-02053,P1-CR1-PKL01,2024-12-19 06:56,2024-12-19 10:11,2024-12-19 12:36,TBM,,120,N,MT-1018,MT-C,"1호기 재발, TBM 점검"
WO-2024-02054,P1-SP2-MIX02,2024-12-19 14:01,2024-12-19 17:10,2024-12-19 18:36,TBM,WER,85,N,MT-1014,MT-C,마모 진행
WO-2024-02055,P1-CC1-EMS01,2024-12-19 14:54,2024-12-19 16:29,2024-12-19 18:17,TBM,MAL,0,N,MT-1013,MT-C,인터록 작동
WO-2024-02056,P1-CC1-SCC01,2024-12-19 15:08,2024-12-19 17:03,2024-12-19 21:17,TBM,,0,N,MT-1017,MT-C,순회점검검 후속
WO-2024-02057,P1-CC1-INS01,2024-12-19 17:22,2024-12-25 05:18,2024-12-25 10:50,CBM,MAL,250,N,MT-1014,MT-C,  오작동 발생 
WO-2024-02058,P1-CC1-MLD01,2024-12-19 22:41,2024-12-20 04:19,2024-12-20 16:48,BM,LUB,748,N,MT-1004,MT-A,"1호기 재발, 오일 레벨 저하"
WO-2024-02059,P1-SP2-BCV02,2024-12-20 06:52,2024-12-20 12:51,2024-12-20 17:24,BM,BRG,155,N,MT-1024,MT-D,
WO-2024-02060,P1-SP1-CRS01,2024-12-20 16:56,2024-12-20 17:29,2024-12-21 16:52,BM,BRG,530,N,MT-1020,MT-D,베어링 이상음
WO-2024-02061,P1-SP2-MIX01,2024-12-20 22:25,2024-12-20 23:34,2024-12-21 02:29,TBM,LUB,0,N,MT-1008,MT-B,급유 불량
WO-2024-02062,P1-SP1-DCF01,2024-12-20 23:43,2024-12-21 00:01,2024-12-21 02:30,TBM,,0,N,MT-1009,MT-B,"1호기 재발, 정기점검 실시"
WO-2024-02063,P1-CC2-TUN01,2024-12-20 23:52,2024-12-21 01:26,2024-12-21 06:09,TBM,,282,Y,MT-1010,MT-B,계획 점검 수행
WO-2024-02064,P1-CR1-PMP02,2024-12-21 07:10,2024-12-21 11:43,2024-12-21 13:38,BM,ELE,0,Y,MT-1005,MT-A,ELE 이상
WO-2024-02065,P1-BF2-BFR01,2024-12-21 14:13,2024-12-21 17:21,2024-12-21 19:29,TBM,,127,Y,MT-1001,MT-A,TBM 점검
WO-2024-02066,P1-SP2-CRS01,2024-12-21 14:30,2024-12-26 10:42,2024-12-26 12:21,CBM,UNB,98,N,MT-1004,MT-A,회전체 밸런스 불량
WO-2024-02067,P1-CC2-SEG01,2024-12-21 15:48,2024-12-21 17:11,2024-12-21 20:33,TBM,,201,N,MT-1005,MT-A,월간 점검 완료
WO-2024-02068,P1-SP2-EXF01,2024-12-22 07:49,2024-12-22 11:10,2024-12-22 14:24,TBM,,80,N,MT-1009,MT-B,정기점검 실시
WO-2024-02069,P1-BF1-BLW01,2024-12-22 13:12,2024-12-31 23:09,2024-12-31 23:59,CBM,LUB,45,N,MT-1008,MT-B,오일 레벨 저하
WO-2024-02070,P1-CC1-PMP02,2024-12-22 14:50,2024-12-22 15:58,2024-12-22 18:16,TBM,,0,N,MT-1009,MT-B,정기점검 실시
WO-2024-02071,P1-CR1-INS01,2024-12-22 16:35,2024-12-22 19:55,2024-12-22 23:56,TBM,,100,N,MT-1009,MT-B,정기점검 실시
WO-2024-02072,P1-SM1-DCF01,2024-12-22 23:11,2024-12-23 03:04,2024-12-23 06:52,TBM,,227,N,MT-1021,MT-D,TBM 점검
WO-2024-02073,P1-SP1-EXF01,2024-12-23 02:09,2024-12-25 21:03,2024-12-26 00:59,CBM,BRG,236,N,MT-1003,MT-A,베어링 이상음
WO-2024-02074,P1-BF2-BLW01,2024-12-23 02:24,2024-12-23 03:20,2024-12-23 06:40,TBM,,0,N,MT-1003,MT-A,월간 점검 완료
WO-2024-02075,P1-SM1-LFR01,2024-12-23 14:40,2024-12-23 16:53,2024-12-23 19:23,TBM,,0,N,MT-1013,MT-C,"1호기 재발, 정기점검 실시"
WO-2024-02076,P1-CR1-INS01,2024-12-23 15:40,2024-12-23 18:05,2024-12-23 23:40,BM,ELE,335,N,MT-1017,MT-C,전류 불안정
WO-2024-02077,P1-CC2-SCC01,2024-12-23 22:27,2024-12-24 01:28,2024-12-24 06:18,TBM,,0,N,MT-1001,MT-A,점검 이상없음
WO-2024-02078,P1-SP2-DCF01,2024-12-23 22:33,2024-12-23 22:56,2024-12-24 01:08,TBM,,60,N,MT-1005,MT-A,TBM 점검
WO-2024-02079,P1-CC1-TUN01,2024-12-23 22:52,2024-12-24 01:02,2024-12-24 04:24,TBM,,0,N,MT-1006,MT-A,순회점검 후속
WO-2024-02080,P1-CR1-TCM01,2024-12-24 07:04,2024-12-24 08:04,2024-12-24 14:58,CBM,MAL,200,Y,MT-1024,MT-D,"1호기 재발, 동작 불량"
WO-2024-02081,P1-SP2-IGF01,2024-12-24 23:55,2024-12-25 00:52,2024-12-25 05:56,BM,,210,N,MT-1011,MT-B,현상 재현 안됨
WO-2024-02082,P1-CC2-MLD01,2024-12-25 06:26,2024-12-25 09:49,2024-12-25 10:50,TBM,,60,Y,MT-1004,MT-A,
WO-2024-02083,P1-BF2-HSV02,2024-12-25 06:47,2024-12-25 08:56,2024-12-25 11:35,BM,,159,N,MT-1003,MT-A,  현상 재현 안됨 
WO-2024-02084,P1-SM1-RHD01,2024-12-25 14:17,2024-12-25 16:00,2024-12-25 17:57,TBM,,116,N,MT-1006,MT-A,  월간 점검 완료 
WO-2024-02085,P1-BF2-HSV03,2024-12-25 14:18,2024-12-25 15:13,2024-12-25 17:59,TBM,,0,N,MT-1001,MT-A,정기점검 - 이상없음
WO-2024-02086,P1-CR1-PMP01,2024-12-25 15:09,2024-12-25 15:58,2024-12-25 16:57,TBM,,35,N,MT-1006,MT-A,계획 점검 수행
WO-2024-02087,P1-CC2-SEG04,2024-12-25 22:17,2024-12-25 23:10,2024-12-26 00:07,TBM,,0,N,MT-1017,MT-C,TBM 점검
WO-2024-02088,P1-SP1-MIX01,2024-12-25 23:27,2024-12-26 04:36,2024-12-27 00:02,BM,,1165,N,MT-1018,MT-C,  재점검 필요 
WO-2024-02089,P1-SP2-BCV04,2024-12-26 00:18,2024-12-26 06:13,2024-12-26 09:05,BM,LUB,75,Y,MT-1023,MT-D,오일 레벨 저하
WO-2024-02090,P1-CC2-LDT01,2024-12-26 02:33,2024-12-26 04:18,2024-12-26 06:22,TBM,,123,Y,MT-1024,MT-D,"1호기 재발, 계획 점검 수행"
WO-2024-02091,P1-CC2-SEG03,2024-12-26 07:33,2024-12-26 08:37,2024-12-27 00:03,BM,WER,925,N,MT-1009,MT-B,
WO-2024-02092,P1-CR1-FAN02,2024-12-26 22:19,2024-12-27 03:42,2024-12-27 22:58,BM,ETC,1155,Y,MT-1024,MT-D,"2호기 재발, 현상 재현 안됨"
WO-2024-02093,P1-CR1-PMP03,2024-12-27 00:07,2024-12-27 01:57,2024-12-27 06:13,BM,BRG,255,N,MT-1004,MT-A,구동측 베어링 발열
WO-2024-02094,P1-CC1-SEG03,2024-12-27 06:15,2024-12-27 07:41,2024-12-27 08:50,TBM,,0,N,MT-1018,MT-C,점검 이상없음
WO-2024-02095,P1-SP2-AGT01,2024-12-27 06:47,2024-12-27 10:24,2024-12-27 12:17,TBM,,113,N,MT-1015,MT-C,정기점검 실시
WO-2024-02096,P1-SP2-IGF01,2024-12-27 06:55,2024-12-27 08:42,2024-12-27 17:37,BM,MAL,180,Y,MT-1016,MT-C,동작 불량
WO-2024-02097,P1-CC2-PMP02,2024-12-27 07:21,2024-12-27 10:27,2024-12-27 11:20,TBM,,0,Y,MT-1013,MT-C,점검 이상없음
WO-2024-02098,P1-CC2-EMS01,2024-12-27 08:12,2024-12-27 08:23,2024-12-27 11:09,TBM,,0,N,MT-1015,MT-C,TBM 점검
WO-2024-02099,P1-CC2-PMP01,2024-12-27 14:21,2024-12-31 07:37,2024-12-31 14:01,CBM,ETC,205,Y,MT-1014,MT-C,확인 중
WO-2024-02100,P1-SM1-BOF01,2024-12-27 14:24,2024-12-27 16:01,2024-12-27 16:51,TBM,,49,Y,MT-1013,MT-C,"1호기 재발, 정기점검 실시"
WO-2024-02101,P1-CC1-INS01,2024-12-27 19:18,2024-12-31 04:03,2024-12-31 12:20,CBM,SEL,497,N,MT-1005,MT-A,  냉각수 누설 
WO-2024-02102,P1-SP2-SNM01,2024-12-27 21:30,2024-12-28 02:57,2024-12-28 06:22,BM,ELE,65,N,MT-1006,MT-A,"1호기 재발, 모터 과열"
WO-2024-02103,P1-SM1-BOF02,2024-12-27 21:41,2024-12-27 23:23,2024-12-28 00:49,BM,ELE,86,N,MT-1005,MT-A,
WO-2024-02104,P1-SP2-AGT01-MTR,2024-12-28 06:12,2024-12-28 07:12,2024-12-28 16:34,CBM,LUB,562,N,MT-1022,MT-D,누유 확인
WO-2024-02105,P1-CR1-CAL01,2024-12-28 15:54,2024-12-28 16:54,2024-12-28 23:33,CBM,WER,330,Y,MT-1024,MT-D,마모량 초과
WO-2024-02106,P1-SP2-AGT01-MTR,2024-12-28 22:24,2024-12-29 03:57,2024-12-29 07:16,BM,ETC,0,N,MT-1007,MT-B,특이사항
WO-2024-02107,P1-BF1-PCI01,2024-12-29 14:21,2024-12-29 20:01,2024-12-30 00:10,BM,WER,105,N,MT-1004,MT-A,WEAR 확인
WO-2024-02108,P1-SP1-SCR01,2024-12-29 15:25,2024-12-29 17:59,2024-12-30 02:24,BM,,504,Y,MT-1005,MT-A,원인 미상
WO-2024-02109,P1-SP2-AGT01,2024-12-29 23:19,2024-12-30 00:19,2024-12-30 06:21,CBM,BRG,125,N,MT-1016,MT-C,구동측 베어링 발열
WO-2024-02110,P1-BF1-PCI01,2024-12-30 10:14,2024-12-30 11:42,2024-12-30 15:13,BM,LUB,211,N,MT-1010,MT-B,"1호기 재발, 윤활유 누유"
WO-2024-02111,P1-SP1-CLR01,2024-12-31 07:48,2024-12-31 12:27,2024-12-31 23:59,BM,ELE,405,Y,MT-1017,MT-C,"1호기 재발, 인버터 알람"
WO-2024-02112,P1-SM1-CRN02,2024-12-30 21:57,2024-12-30 22:57,2024-12-31 06:32,CBM,BRG,455,Y,MT-1022,MT-D,베어링 이상음
