MEAS_DT,BURST_ID,ROWS,DUR_S,VIB-TOP_RMS,VIB-TOP_KUR,VIB-TOP_CRF,VIB-TOP_PTP,VIB-TOP_STD,VIB-BOT_RMS,VIB-BOT_KUR,VIB-BOT_CRF,VIB-BOT_PTP,VIB-BOT_STD,CUR-MTR_RMS,CUR-MTR_KUR,CUR-MTR_CRF,CUR-MTR_PTP,CUR-MTR_STD
2024-01-10 00:00:00.000,B24-00001,41,4.0,0.068658,0.353709,2.891691,0.320468,0.069511,0.162905,-1.358932,1.749875,0.542527,0.164929,147.944454,-1.425706,1.611437,439.24885,149.782344
2024-01-10 12:47:42.113,B24-00002,37,3.6,0.073064,-0.896812,1.968001,0.24489,0.074072,0.132236,-1.325153,1.800431,0.425441,0.13406,139.629892,-1.382643,1.598617,433.55648,141.555912
2024-01-11 01:35:23.826,B24-00003,24,2.3,0.03948,-0.684452,1.914267,0.139259,0.040329,0.049334,-0.881725,1.865738,0.178882,0.050395,79.850029,-1.581706,1.463698,220.65249,81.56743
2024-01-11 14:23:04.240,B24-00004,10,0.9,0.047983,-0.189135,1.677601,0.159718,0.050578,0.124657,-1.524932,1.541919,0.361909,0.1314,154.084777,-1.718287,1.468574,415.93938,162.419616
2024-01-12 03:10:43.253,B24-00005,50,4.9,0.039326,-0.782023,2.117607,0.162124,0.039726,0.04827,-0.390723,2.156204,0.199749,0.04876,81.544427,-1.587807,1.359422,221.6095,82.37231
2024-01-12 15:58:26.266,B24-00006,50,4.9,0.070428,-0.727189,2.287102,0.302451,0.071143,0.146145,-1.411561,1.754891,0.482991,0.147628,151.40583,-1.4653,1.487731,449.98281,152.942985
2024-01-13 04:46:09.279,B24-00007,50,4.9,0.077156,-0.728163,2.099764,0.322025,0.07794,0.049317,1.014076,2.715451,0.265848,0.049818,81.228033,-1.598972,1.35945,220.81223,82.052704
2024-01-13 17:33:52.293,B24-00008,41,4.0,0.085063,0.386361,2.510742,0.399272,0.08612,0.178068,-1.437293,1.610798,0.546251,0.18028,174.724303,-1.47382,1.509643,508.70663,176.894875
2024-01-14 06:21:34.406,B24-00009,4,0.3,0.367388,-5.200369,1.206231,0.834399,0.424224,0.446437,-2.600957,1.435136,1.066703,0.515501,52.087612,-1.975512,1.470445,126.361864,60.145594
2024-01-14 19:09:12.819,B24-00010,26,2.5,0.068556,-0.822129,1.994847,0.265791,0.069914,0.103649,-0.806314,1.983963,0.308048,0.105702,125.816101,-1.458921,1.608919,373.8101,128.307751
2024-01-15 07:56:53.432,B24-00011,13,1.2,0.048591,-0.472027,1.850214,0.177929,0.050575,0.050464,-0.634591,2.038363,0.173069,0.052524,72.132908,-1.019398,1.837161,216.20742,75.078311
2024-01-15 20:44:32.746,B24-00012,50,4.9,0.07071,0.618413,2.605792,0.366143,0.071428,0.12373,-1.252682,1.800738,0.380618,0.124986,150.979325,-1.455223,1.548182,464.61123,152.51215
2024-01-16 09:32:15.759,B24-00013,50,4.9,0.044883,0.314606,2.36766,0.211693,0.045338,0.049177,-0.446943,2.26479,0.21721,0.049676,81.859562,-1.594335,1.365367,223.00806,82.690644
2024-01-16 22:19:58.772,B24-00014,40,3.9,0.067617,-0.3319,2.5793,0.299681,0.068478,0.125627,-0.864543,1.950157,0.487793,0.127227,135.412192,-1.394359,1.634367,401.07041,137.137257
2024-01-17 11:07:40.785,B24-00015,25,2.4,0.067083,1.794323,2.719852,0.337113,0.068467,0.168214,-1.406309,1.647616,0.493005,0.171683,160.640723,-1.073848,1.824968,493.80559,163.953252
2024-01-17 23:55:21.299,B24-00016,14,1.3,0.037181,-0.938107,1.722605,0.123478,0.038585,0.037416,-1.309476,1.601515,0.105903,0.038828,83.958325,-1.549644,1.468326,222.82686,87.127671
2024-01-18 12:43:00.712,B24-00017,50,4.9,0.079024,-0.184528,2.160693,0.328359,0.079826,0.187356,-1.323334,1.679929,0.61764,0.189258,178.783051,-1.477074,1.461141,521.85017,180.598154
2024-01-19 01:30:43.725,B24-00018,50,4.9,0.091638,-0.741982,2.132776,0.354596,0.092568,0.119892,-0.796872,2.072375,0.418311,0.12111,112.144299,-1.453428,1.511718,335.56323,113.282849
2024-01-19 14:18:26.738,B24-00019,36,3.5,0.047282,0.282564,2.907726,0.214315,0.047953,0.05412,-0.772073,2.036018,0.212851,0.054888,83.463603,-1.63552,1.424743,222.2698,84.647543
2024-01-20 03:06:08.352,B24-00020,36,3.5,0.087934,-0.938028,2.009885,0.326611,0.089181,0.090483,-1.338825,1.831965,0.281675,0.091766,101.043525,-1.469769,1.555867,299.74488,102.476838
2024-01-20 15:53:49.965,B24-00021,23,2.2,0.081967,-0.266404,2.281548,0.337703,0.083809,0.038666,0.374384,2.64084,0.156085,0.039535,81.327887,-1.397906,1.613836,223.90416,83.155709
2024-01-21 04:41:30.278,B24-00022,22,2.1,0.068694,-0.68427,1.803203,0.247206,0.07031,0.074624,-0.301492,1.880116,0.280471,0.07638,79.116003,-1.387305,1.592184,226.3259,80.97781
2024-01-21 17:29:10.491,B24-00023,11,1.0,0.0841,-0.567874,1.821379,0.294038,0.088205,0.08256,-1.283319,1.812967,0.249953,0.08659,75.572199,-0.424557,1.990557,242.33416,79.260791
2024-01-22 06:16:49.605,B24-00024,50,4.9,0.079856,-0.798979,2.245266,0.327371,0.080667,0.075422,-0.649096,2.230074,0.261136,0.076187,99.409035,-1.478081,1.496095,294.91822,100.418289
2024-01-22 19:04:32.618,B24-00025,50,4.9,0.064359,-0.281172,2.516686,0.289225,0.065012,0.035981,1.562249,3.069784,0.206754,0.036347,82.144928,-1.586757,1.361881,222.22641,82.978908
2024-01-23 07:52:15.631,B24-00026,36,3.5,0.068942,-0.50091,2.218617,0.279586,0.06992,0.185408,-1.42997,1.708821,0.577813,0.188038,170.648113,-1.502335,1.540033,493.59936,173.068774
2024-01-23 20:39:57.244,B24-00027,26,2.5,0.066951,-0.933187,1.885874,0.24564,0.068277,0.043225,-0.116697,2.223621,0.182197,0.044081,82.502347,-1.462471,1.590038,229.37647,84.136216
2024-01-24 09:27:37.858,B24-00028,12,1.1,0.054252,1.102213,2.355053,0.196695,0.056665,0.048427,-0.220318,2.035491,0.158083,0.050581,83.356092,-1.113521,1.679147,229.47791,87.062599
2024-01-24 22:15:17.071,B24-00029,50,4.9,0.068755,-0.437174,2.307076,0.284184,0.069453,0.039375,1.093887,3.239783,0.214475,0.039774,83.74473,-1.589457,1.345995,224.89014,84.594953
2024-01-25 11:03:00.084,B24-00030,50,4.9,0.065705,-1.021646,2.11622,0.257208,0.066372,0.046396,-0.959901,1.953302,0.170787,0.046867,89.608815,-1.520837,1.419184,252.628,90.518573
2024-01-25 23:50:43.097,B24-00031,42,4.1,0.087234,-0.857368,2.188807,0.356061,0.088291,0.070855,-0.844181,1.827067,0.250702,0.071714,97.865531,-1.480186,1.547702,287.13122,99.051824
2024-01-26 12:38:25.311,B24-00032,27,2.6,0.07183,-0.449365,2.232909,0.250635,0.073199,0.184291,-1.437691,1.55807,0.568253,0.187802,183.367935,-1.557586,1.417809,513.34673,186.860971
2024-01-28 03:01:23.550,B24-00035,50,4.9,0.08181,0.786929,2.693135,0.43894,0.082641,0.144989,-1.233266,1.966221,0.536646,0.146461,139.181116,-1.450735,1.506406,418.011,140.594159
2024-01-28 15:49:06.564,B24-00036,50,4.9,0.07436,-0.376776,2.25249,0.319822,0.075115,0.135,-1.102851,1.923557,0.442732,0.13637,157.677578,-1.4788,1.50817,471.96167,159.278406
2024-01-29 04:36:49.577,B24-00037,38,3.7,0.040384,-0.563434,2.078773,0.162874,0.040926,0.039656,-0.773503,2.019801,0.157652,0.040189,80.017227,-1.526104,1.461335,221.24448,81.091331
2024-01-29 17:24:31.390,B24-00038,50,4.9,0.390959,1.369035,2.618299,2.022551,0.394928,0.253043,-0.37556,2.521384,1.009518,0.255612,88.744982,0.332579,2.56432,369.54884,89.645969
2024-01-30 06:12:14.403,B24-00039,37,3.6,0.079341,-0.355285,2.243959,0.326032,0.080436,0.126572,-1.184752,1.963521,0.40194,0.128317,141.452955,-1.383692,1.592504,435.95081,143.404122
2024-01-30 18:59:56.117,B24-00040,24,2.3,0.053379,-0.006401,2.235155,0.22358,0.054527,0.041315,-0.701884,1.949195,0.159173,0.042204,80.410739,-1.620489,1.400108,220.69517,82.1402
2024-01-31 07:47:36.530,B24-00041,12,1.1,0.058769,0.781402,2.164806,0.233287,0.061383,0.168167,-1.307519,1.524454,0.500997,0.175644,151.929152,-0.817605,1.882346,465.33662,158.684824
2024-01-31 20:35:15.743,B24-00042,12,1.1,0.05018,1.443567,2.101344,0.205472,0.052411,0.02632,-1.460763,1.776683,0.079178,0.02749,81.393616,-0.991905,1.736845,227.70133,85.01286
2024-02-01 22:10:33.070,B24-00044,50,4.9,0.058167,-0.976661,1.88616,0.218187,0.058758,0.056808,0.115372,2.90207,0.260909,0.057385,90.025157,-1.532832,1.421783,254.4004,90.939141
2024-02-02 10:58:16.083,B24-00045,50,4.9,0.066085,-0.068934,2.297095,0.287612,0.066756,0.052552,-0.182954,2.479852,0.24674,0.053086,81.76335,-1.600224,1.358048,221.70856,82.593456
2024-02-02 23:45:59.096,B24-00046,43,4.2,0.070597,0.603095,2.851669,0.359728,0.071433,0.178505,-1.458313,1.62383,0.577802,0.180617,164.833019,-1.310859,1.676314,495.56274,166.783774
2024-02-03 12:33:41.409,B24-00047,29,2.8,0.066847,-0.790645,1.914858,0.216893,0.06803,0.107146,-0.980631,1.949956,0.330403,0.109043,131.230515,-1.567149,1.457095,371.50972,133.55336
2024-02-04 01:21:22.323,B24-00048,17,1.6,0.049031,-0.318246,2.106913,0.180006,0.05054,0.041852,0.259468,2.224275,0.160285,0.04314,81.472732,-1.690911,1.371173,218.71497,83.98017
2024-02-04 14:09:02.036,B24-00049,5,0.4,0.084298,2.73268,1.860763,0.2464,0.094248,0.192278,-1.659811,1.446181,0.522171,0.214973,81.426759,-0.811515,1.617017,219.954398,91.037884
2024-02-05 02:56:40.549,B24-00050,50,4.9,0.075987,-0.593738,2.149165,0.320321,0.076759,0.134135,-1.236459,1.812401,0.444503,0.135497,147.229922,-1.45254,1.552644,450.67042,148.72468
2024-02-05 15:44:23.562,B24-00051,50,4.9,0.039978,1.003566,3.294115,0.202679,0.040384,0.05302,0.489353,2.763021,0.2396,0.053558,80.992168,-1.595066,1.353042,219.0372,81.814444
2024-02-06 04:32:06.576,B24-00052,40,3.9,0.084277,1.871178,3.150684,0.424317,0.085351,0.106697,-1.144227,1.761403,0.35144,0.108056,125.982126,-1.395844,1.639938,371.48206,127.587058
2024-02-06 17:19:48.589,B24-00053,22,2.1,0.061241,-0.930572,1.765519,0.211863,0.062683,0.155549,-1.263348,1.800652,0.507513,0.15921,159.406146,-1.293715,1.728188,489.57401,163.157392
2024-02-07 06:07:28.802,B24-00054,50,4.9,0.057111,-0.69095,2.142426,0.233684,0.057691,0.0503,-0.089167,2.353188,0.235558,0.050811,82.06881,-1.577176,1.390408,226.51067,82.902017
2024-02-07 18:55:11.815,B24-00055,50,4.9,0.093953,-0.238796,2.447708,0.427042,0.094907,0.1344,-0.693729,2.162589,0.540938,0.135764,122.418587,-1.444957,1.501614,366.51961,123.661447
2024-02-08 07:42:54.829,B24-00056,50,4.9,0.077838,-0.181514,2.623819,0.345026,0.078628,0.163442,-1.264934,1.83702,0.531276,0.165101,167.069318,-1.476431,1.506249,501.75255,168.765497
2024-02-08 20:30:37.842,B24-00057,50,4.9,0.034454,0.006295,2.590601,0.164327,0.034804,0.045586,-0.414275,2.067109,0.188022,0.046049,81.890037,-1.589873,1.369982,224.36598,82.721429
2024-02-09 09:18:20.855,B24-00058,50,4.9,0.070038,-0.60996,2.192253,0.273069,0.070749,0.130928,-0.987188,1.96021,0.437532,0.132258,136.12093,-1.455932,1.54268,419.58802,137.502904
2024-02-09 22:06:03.868,B24-00059,50,4.9,0.052527,-0.097225,2.527018,0.237488,0.05306,0.046633,-0.863705,2.109605,0.184797,0.047107,84.210299,-1.580492,1.353949,226.48373,85.065248
2024-02-10 10:53:46.882,B24-00060,50,4.9,0.068287,-0.748363,2.369047,0.283412,0.06898,0.066453,-0.603101,2.054411,0.243414,0.067128,96.376103,-1.48825,1.481938,281.42396,97.354566
2024-02-10 23:41:29.895,B24-00061,50,4.9,0.067925,-0.704795,2.219811,0.282764,0.068615,0.050062,0.904968,2.873276,0.287442,0.050571,83.506057,-1.560841,1.361731,227.20828,84.353856
2024-02-11 12:29:12.908,B24-00062,50,4.9,0.06965,0.013503,2.49466,0.338464,0.070358,0.169011,-1.404337,1.70147,0.528358,0.170727,167.773449,-1.473096,1.470263,492.95324,169.476777
2024-02-12 01:16:55.921,B24-00063,50,4.9,0.085471,-1.006079,2.046597,0.336647,0.086338,0.10959,-1.245747,1.953466,0.377837,0.110702,107.96108,-1.458618,1.51328,325.14146,109.05716
2024-02-12 14:04:38.935,B24-00064,50,4.9,0.057392,-1.197379,1.83613,0.196195,0.057975,0.034896,-0.843808,1.944495,0.131085,0.03525,81.485406,-1.591698,1.353512,220.38129,82.31269
2024-02-13 02:52:21.948,B24-00065,50,4.9,0.083101,1.053394,2.819253,0.390961,0.083945,0.203495,-1.403941,1.605275,0.645944,0.205561,178.557925,-1.47139,1.467838,522.52085,180.370742
2024-02-13 15:40:04.961,B24-00066,50,4.9,0.071769,0.207788,2.783376,0.32954,0.072497,0.124283,-1.274709,1.831034,0.4204,0.125545,143.647796,-1.480326,1.528558,435.13219,145.106187
2024-02-14 04:27:47.974,B24-00067,50,4.9,0.086763,-0.761498,2.066887,0.334978,0.087644,0.05931,-0.479337,2.401278,0.256334,0.059913,82.166706,-1.598179,1.358589,222.56377,83.000907
2024-02-14 17:15:30.988,B24-00068,47,4.6,0.511319,-0.100149,2.193624,2.091693,0.516847,0.280479,-0.355811,2.120444,1.072745,0.283511,101.610309,-1.381874,1.721859,331.40186,102.708831
2024-02-15 06:03:13.701,B24-00069,50,4.9,0.069314,-0.028852,2.64874,0.309149,0.070018,0.146301,-1.239873,1.730756,0.469685,0.147786,145.111514,-1.461933,1.49458,432.56443,146.584765
2024-02-15 18:50:56.714,B24-00070,50,4.9,0.075312,0.436152,2.640608,0.353757,0.076076,0.127675,-1.256686,1.889317,0.421672,0.128972,156.920305,-1.465706,1.516551,474.21795,158.513445
2024-02-16 07:38:39.727,B24-00071,50,4.9,0.091344,0.298554,2.6488,0.4027,0.092271,0.12129,-0.290881,2.661525,0.510557,0.122522,126.067656,-1.449295,1.495366,374.78284,127.347564
2024-02-16 20:26:22.741,B24-00072,50,4.9,0.08601,-0.570967,2.157017,0.358956,0.086883,0.159064,-1.351214,1.625651,0.510636,0.160679,166.744654,-1.464305,1.492338,497.30748,168.437536
2024-02-17 09:14:05.754,B24-00073,50,4.9,0.039452,-0.226819,2.437673,0.18448,0.039853,0.042746,-0.692283,2.449387,0.192301,0.04318,81.692185,-1.58697,1.359453,222.04664,82.521568
2024-02-17 22:01:48.767,B24-00074,50,4.9,0.057596,-0.105635,2.656207,0.265213,0.058181,0.103045,-0.801905,2.256919,0.453098,0.104091,116.115795,-1.449699,1.511259,348.07985,117.294666
2024-02-18 10:49:31.780,B24-00075,50,4.9,0.071141,-0.074206,2.466384,0.331505,0.071863,0.147915,-1.248006,2.012097,0.516562,0.149417,165.247822,-1.468947,1.516988,497.45602,166.925508
2024-02-18 23:37:14.794,B24-00076,50,4.9,0.03186,-0.342777,2.399375,0.137965,0.032183,0.051407,-0.328851,2.341368,0.213567,0.051929,81.294112,-1.576915,1.365009,220.76491,82.119454
2024-02-19 12:24:57.807,B24-00077,50,4.9,0.082279,-0.313511,2.500519,0.361795,0.083115,0.090333,-1.036156,1.883784,0.314304,0.09125,101.510258,-1.459445,1.520158,304.18769,102.540846
2024-02-20 01:12:40.820,B24-00078,50,4.9,0.078209,-0.139874,2.310808,0.353382,0.079003,0.168121,-1.295246,1.675404,0.550565,0.169828,178.053423,-1.477203,1.462067,520.45137,179.861118
2024-02-20 14:00:23.833,B24-00079,50,4.9,0.09607,-1.172969,1.810838,0.338599,0.097046,0.101105,-1.113466,1.953848,0.331186,0.102132,106.820042,-1.457463,1.520501,324.22249,107.904538
2024-02-21 02:48:06.847,B24-00080,50,4.9,0.086674,-0.640305,2.270743,0.370877,0.087554,0.166152,-1.268986,1.698647,0.556594,0.167839,173.257537,-1.463121,1.489231,514.11158,175.016542
2024-02-21 15:35:49.860,B24-00081,12,1.1,0.03424,0.373889,2.156037,0.130585,0.035762,0.052586,-1.007664,1.90921,0.168642,0.054925,84.009897,-1.529113,1.550501,220.83488,87.745476
2024-02-23 05:58:55.100,B24-00084,42,4.1,0.055216,-0.719608,2.08381,0.216086,0.055885,0.05031,-0.620284,2.171923,0.184184,0.05092,85.648166,-1.440119,1.565439,239.77843,86.686363
2024-02-23 18:46:37.313,B24-00085,31,3.0,0.075631,0.821663,2.750434,0.367142,0.076881,0.103784,-1.316407,1.783261,0.320196,0.1055,110.378197,-1.367788,1.600578,334.53195,112.202753
2024-02-24 07:34:18.426,B24-00086,16,1.5,0.088762,-0.778315,1.743741,0.289781,0.091673,0.177103,-1.327114,1.587479,0.554199,0.182911,179.864773,-1.626432,1.445134,511.4085,185.763539
2024-02-24 20:21:58.039,B24-00087,5,0.4,0.065763,-1.876503,1.437622,0.176055,0.073526,0.066458,2.044004,1.653439,0.209661,0.074302,55.861774,-1.458007,1.481421,154.351017,62.455362
2024-02-25 09:09:36.553,B24-00088,50,4.9,0.078895,-0.734779,2.099728,0.322876,0.079696,0.188975,-1.483752,1.490644,0.554266,0.190894,171.666794,-1.472778,1.463907,501.27,173.409649
2024-02-25 21:57:19.566,B24-00089,46,4.5,0.07463,-0.937357,1.954547,0.283605,0.075455,0.095109,-1.283073,1.754498,0.281765,0.096159,108.087505,-1.447884,1.564684,324.59883,109.281879
2024-02-26 10:45:02.179,B24-00090,33,3.2,0.070598,-0.555307,2.078326,0.281709,0.071693,0.041677,0.282673,2.447594,0.167097,0.042324,82.381968,-1.6326,1.345834,221.6306,83.659284
2024-02-26 23:32:43.492,B24-00091,23,2.2,0.078691,-0.017319,2.336371,0.316086,0.08046,0.184351,-1.160086,1.965504,0.640301,0.188494,177.876968,-1.388714,1.637056,538.59324,181.874702
2024-02-27 12:20:23.805,B24-00092,12,1.1,0.06206,-0.81266,1.727694,0.210501,0.06482,0.036159,-1.324144,1.781528,0.108174,0.037767,80.935581,-1.0508,1.80839,234.35726,84.534458
2024-02-28 01:08:03.019,B24-00093,50,4.9,0.088121,-0.273225,2.267145,0.389712,0.089016,0.188121,-1.329254,1.66925,0.627086,0.190031,171.786777,-1.490374,1.454793,499.28064,173.53085
2024-02-28 13:55:46.032,B24-00094,49,4.8,0.076974,-0.442043,2.38684,0.333264,0.077772,0.12591,-1.018528,1.972956,0.405527,0.127215,128.565522,-1.432776,1.550936,390.95966,129.897843
2024-02-29 02:43:28.945,B24-00095,36,3.5,0.046325,-0.837693,2.202473,0.184865,0.046982,0.05718,0.795656,2.926341,0.244186,0.057991,81.506711,-1.622244,1.424399,219.79013,82.662892
2024-02-29 15:31:10.558,B24-00096,23,2.2,0.074583,0.020391,2.186422,0.313612,0.076259,0.181074,-1.514616,1.536349,0.528551,0.185144,169.030976,-1.348741,1.653359,498.83538,172.829899
2024-03-01 04:18:50.872,B24-00097,31,3.0,0.028662,0.698114,2.686165,0.120821,0.029136,0.064268,10.592134,4.21925,0.33448,0.065331,66.569946,1.64586,2.782575,352.85954,67.67035
2024-03-01 17:06:31.985,B24-00098,8,0.7,0.034091,-0.832244,1.624187,0.095333,0.036445,0.116776,-1.375943,1.558597,0.309922,0.124839,61.486373,-0.295349,1.878265,197.775625,65.731697
2024-03-02 05:54:10.798,B24-00099,50,4.9,0.091878,-0.061822,2.182623,0.399532,0.092811,0.155151,-0.976168,2.106999,0.621501,0.156727,148.401293,-1.459153,1.507964,446.51978,149.907944
2024-03-02 18:41:53.811,B24-00100,50,4.9,0.079592,-0.540217,2.19479,0.333423,0.0804,0.137874,-1.384002,1.786911,0.441109,0.139274,143.62997,-1.449259,1.549611,440.97882,145.08818
2024-03-03 07:29:36.825,B24-00101,38,3.7,0.032191,-0.99586,1.854126,0.118869,0.032623,0.04519,-0.445323,2.390695,0.181811,0.045797,81.98443,-1.576983,1.465172,219.45014,83.084941
2024-03-03 20:17:18.638,B24-00102,25,2.4,0.073461,0.087301,2.18383,0.310353,0.074976,0.156721,-1.261024,1.866178,0.522636,0.159953,144.244642,-1.472846,1.579458,425.35131,147.219072
2024-03-04 09:04:59.151,B24-00103,24,2.3,0.066221,1.535166,2.701082,0.329052,0.067646,0.04814,-0.226386,2.107796,0.175511,0.049175,78.969582,-1.574365,1.509075,217.05142,80.668046
2024-03-04 21:52:39.564,B24-00104,12,1.1,0.071059,-0.778255,1.881296,0.246581,0.074219,0.19551,-1.472419,1.544275,0.563134,0.204203,184.080172,-1.900755,1.30585,476.29803,192.265469
2024-03-05 10:40:18.778,B24-00105,50,4.9,0.069758,0.216011,2.602566,0.341745,0.070467,0.060969,-0.596764,2.486755,0.270628,0.061588,91.101592,-1.502238,1.463283,264.25651,92.026505
2024-03-05 23:28:01.791,B24-00106,50,4.9,0.072184,-0.72927,1.947804,0.270491,0.072917,0.182006,-1.365191,1.67949,0.598408,0.183854,172.430372,-1.490728,1.460098,500.64725,174.180979
2024-03-06 12:15:44.804,B24-00107,45,4.4,0.082171,-1.175716,1.818813,0.287839,0.083099,0.088965,-1.159529,1.812832,0.277678,0.08997,105.33833,-1.521228,1.467708,303.93151,106.528632
2024-03-07 01:03:27.317,B24-00108,34,3.3,0.075399,-0.943043,1.942728,0.275271,0.076532,0.072427,-0.625401,2.207179,0.271218,0.073516,90.823061,-1.509622,1.480421,263.97387,92.188898
2024-03-07 13:51:08.731,B24-00109,34,3.3,0.03424,-0.110033,2.581215,0.157379,0.034755,0.05288,-0.431484,2.310669,0.221298,0.053676,82.268764,-1.626552,1.385427,221.58506,83.505957
2024-03-08 02:38:50.144,B24-00110,22,2.1,0.059531,-0.962663,1.791284,0.201305,0.060932,0.071865,-1.177151,1.719899,0.212556,0.073556,100.662878,-1.294951,1.719012,302.68911,103.03174
2024-03-08 15:26:30.357,B24-00111,9,0.8,0.073384,-1.136676,1.488867,0.217256,0.077835,0.19614,-2.025194,1.28561,0.492164,0.208038,103.509953,-0.240188,1.972003,324.538986,109.788884
2024-03-09 04:14:09.270,B24-00112,50,4.9,0.072208,-0.181928,2.437981,0.311012,0.072941,0.082751,-1.043085,2.053677,0.307026,0.083591,102.851949,-1.458737,1.509095,309.83548,103.896158
2024-03-09 17:01:52.284,B24-00113,50,4.9,0.095114,-0.19383,2.29888,0.422455,0.096079,0.20058,-1.204166,1.703504,0.670172,0.202616,177.317713,-1.490885,1.451899,514.16832,179.117939
2024-03-10 05:49:35.297,B24-00114,37,3.6,0.085525,-1.270504,2.014033,0.304733,0.086705,0.097001,-0.767334,2.05883,0.336761,0.098339,103.013598,-1.454116,1.583114,303.49127,104.434542
2024-03-10 18:37:17.010,B24-00115,23,2.2,0.05911,0.451895,2.555267,0.250941,0.060439,0.051986,0.150517,2.293814,0.229484,0.053154,80.440659,-1.370409,1.655179,220.11652,82.24854
2024-03-11 07:24:57.323,B24-00116,10,0.9,0.08175,1.608883,2.143964,0.31847,0.086172,0.169949,-1.698942,1.453992,0.456106,0.179142,168.648064,-1.760188,1.420004,457.61961,177.770668
2024-03-11 20:12:36.337,B24-00117,50,4.9,0.060935,-0.455945,2.358709,0.281538,0.061554,0.043789,0.179109,2.558402,0.183129,0.044234,82.645324,-1.583925,1.350258,222.80482,83.484384
2024-03-12 09:00:19.350,B24-00118,50,4.9,0.073352,-0.465931,2.113255,0.297637,0.074097,0.182928,-1.440027,1.63739,0.566437,0.184785,169.69046,-1.470932,1.47838,501.4289,171.41325
2024-03-12 21:48:02.363,B24-00119,40,3.9,0.075068,0.049026,2.484679,0.332708,0.076025,0.126663,-1.25683,1.82331,0.381356,0.128277,138.374904,-1.441508,1.583513,427.67042,140.137713
2024-03-13 10:35:44.376,B24-00120,27,2.6,0.035141,0.947189,2.670915,0.173977,0.03581,0.050984,-0.579619,2.157521,0.190473,0.051956,79.430628,-1.515705,1.588415,219.81504,80.943728
2024-03-13 23:23:25.090,B24-00121,27,2.6,0.067804,1.050505,2.801934,0.332128,0.069096,0.117524,-1.153442,1.714225,0.359274,0.119762,123.09263,-1.086807,1.893996,395.75033,125.437463
2024-03-14 12:11:05.803,B24-00122,17,1.6,0.070493,-0.228879,2.098771,0.273183,0.072662,0.048936,1.030527,2.35158,0.209116,0.050442,82.042921,-1.691924,1.352646,218.95876,84.567907
2024-03-15 13:46:23.729,B24-00124,50,4.9,0.073149,0.513084,2.830221,0.347353,0.073891,0.15522,-1.426996,1.646871,0.476565,0.156796,159.067191,-1.470063,1.514466,477.5142,160.682128
2024-03-16 02:34:06.743,B24-00125,50,4.9,0.043947,0.254693,2.595354,0.198807,0.044393,0.053032,0.155746,2.429221,0.24581,0.05357,80.772494,-1.594308,1.357256,218.95268,81.59254
2024-03-16 15:21:49.756,B24-00126,42,4.1,0.05719,0.007443,2.218102,0.244981,0.057883,0.102929,-1.243584,1.777163,0.35513,0.104177,110.090732,-1.390343,1.664842,337.04654,111.425214
2024-03-17 04:09:31.969,B24-00127,18,1.7,0.688445,-0.656918,1.942152,2.320817,0.708404,0.293956,-0.629722,2.029474,1.006659,0.302478,95.498887,-0.109732,2.158137,345.706979,98.267544
2024-03-17 16:57:11.782,B24-00128,29,2.8,0.100247,-0.203453,2.312041,0.362987,0.102022,0.190197,-1.194301,1.711467,0.61596,0.193564,169.583024,-1.371816,1.630583,501.25116,172.584726
2024-03-19 07:20:11.222,B24-00131,50,4.9,0.094845,0.065612,2.452403,0.452496,0.095808,0.172383,-1.267365,1.696869,0.560579,0.174133,178.699601,-1.490712,1.477364,527.30304,180.513857
2024-03-19 20:07:54.235,B24-00132,50,4.9,0.040148,1.463091,2.937707,0.21805,0.040556,0.04761,-0.61728,2.134952,0.194368,0.048094,81.480833,-1.572458,1.368562,222.14916,82.308071
2024-03-20 08:55:37.249,B24-00133,48,4.7,0.083891,-0.528575,2.297862,0.366143,0.084778,0.129965,-0.948165,1.997515,0.515938,0.131341,107.852819,-1.411454,1.557297,327.84871,108.99415
2024-03-20 21:43:20.062,B24-00134,36,3.5,0.076152,-0.513623,2.331587,0.3105,0.077233,0.15053,-1.310684,1.731918,0.482241,0.152666,159.316406,-1.402927,1.553302,489.75545,161.576326
2024-03-21 10:31:01.675,B24-00135,20,1.9,0.069491,-1.160226,1.970828,0.229518,0.071296,0.06992,-0.19017,1.965234,0.273739,0.071736,82.260284,-1.498961,1.489982,227.06416,84.397271
2024-03-21 23:18:41.688,B24-00136,7,0.6,0.054925,-0.744485,1.740562,0.161932,0.059325,0.061935,-1.639632,1.548988,0.176101,0.066898,84.076866,-1.380034,1.571777,245.39462,90.813395
2024-03-22 12:06:20.402,B24-00137,50,4.9,0.034022,-0.330024,2.259772,0.152769,0.034367,0.042955,-0.444782,2.300756,0.173512,0.043391,81.948593,-1.578247,1.383986,225.05202,82.78058
2024-03-23 00:54:03.415,B24-00138,49,4.8,0.052915,-0.090428,2.331905,0.233208,0.053464,0.096681,-1.189606,2.042281,0.347535,0.097683,118.876011,-1.452017,1.523435,360.58573,120.10792
2024-03-23 13:41:46.328,B24-00139,35,3.4,0.093212,-0.412561,2.21573,0.402632,0.094573,0.183257,-1.376605,1.645238,0.571217,0.185933,180.426538,-1.505804,1.515357,527.89027,183.060642
2024-03-24 02:29:27.841,B24-00140,22,2.1,0.044864,-0.648702,2.06734,0.160206,0.04592,0.038905,-0.628344,1.908724,0.14598,0.039821,81.204494,-1.435418,1.62166,220.93012,83.115449
2024-03-24 15:17:08.055,B24-00141,9,0.8,0.08823,-0.669846,1.764283,0.285444,0.093583,0.073165,-1.248501,1.809234,0.217506,0.077603,76.202947,-1.017471,1.781428,213.995962,80.825431
2024-03-25 04:04:46.968,B24-00142,50,4.9,0.079748,-0.992974,2.096011,0.299045,0.080558,0.108768,-1.085318,1.806905,0.37652,0.109872,118.51161,-1.444466,1.528729,359.17251,119.714804
2024-03-25 16:52:29.981,B24-00143,48,4.7,0.077394,-0.263316,2.244623,0.32543,0.078213,0.053059,-0.215156,2.704847,0.24716,0.053621,83.065685,-1.637365,1.340184,220.05108,83.944711
2024-03-26 05:40:12.794,B24-00144,48,4.7,0.05931,-0.464647,2.226117,0.249579,0.059937,0.055745,0.169161,2.884682,0.24842,0.056335,85.422623,-1.519858,1.466619,240.52658,86.326592
2024-03-26 18:27:55.608,B24-00145,35,3.4,0.063839,-1.16353,1.797027,0.214043,0.064771,0.044584,0.083304,2.553774,0.196741,0.045235,84.253702,-1.482083,1.440624,241.88045,85.483748
2024-03-27 07:15:37.121,B24-00146,23,2.2,0.076477,-0.504855,2.147245,0.295389,0.078196,0.186838,-1.288683,1.699872,0.613984,0.191037,178.696495,-1.436698,1.54037,544.80333,182.712648
2024-03-27 20:03:17.434,B24-00147,13,1.2,0.031963,-0.792126,1.817008,0.103564,0.033268,0.048143,-1.080398,1.68237,0.152066,0.050109,67.20661,-1.274856,1.781709,200.284619,69.950858
2024-03-29 10:26:13.074,B24-00150,50,4.9,0.070082,-0.356779,2.211172,0.300873,0.070793,0.144407,-1.329281,1.685269,0.458695,0.145873,143.844896,-1.462397,1.50569,428.83568,145.305287
2024-03-29 23:13:56.087,B24-00151,50,4.9,0.090132,-0.259208,2.333666,0.415348,0.091047,0.156885,-1.127527,1.805525,0.512282,0.158477,150.060208,-1.479714,1.500078,448.64445,151.5837
2024-03-30 12:01:39.100,B24-00152,40,3.9,0.040765,-0.431945,2.142473,0.164135,0.041285,0.056327,0.478023,2.899202,0.259785,0.057045,81.94685,-1.535103,1.507811,220.98747,82.990801
2024-03-31 00:49:21.114,B24-00153,26,2.5,0.085791,-0.449863,2.027625,0.344776,0.08749,0.123576,-0.88957,2.211625,0.427121,0.126023,133.578374,-1.506055,1.496427,389.30933,136.223747
2024-03-31 13:37:01.727,B24-00154,26,2.5,0.038266,-0.826987,2.045174,0.144766,0.039024,0.058578,-0.168693,2.438817,0.251781,0.059738,77.148654,-1.185055,1.74004,221.30755,78.676499
2024-04-01 02:24:42.340,B24-00155,15,1.4,0.098435,1.880358,2.433927,0.431537,0.10189,0.174619,-1.674034,1.645006,0.534092,0.180748,141.221288,-1.397517,1.54948,413.20854,146.177921
2024-04-03 05:35:16.793,B24-00159,50,4.9,0.062203,-0.663216,2.07379,0.255085,0.062835,0.051166,0.246069,2.825938,0.241518,0.051685,80.824346,-1.59421,1.355755,218.57634,81.644919
2024-04-03 18:22:59.806,B24-00160,50,4.9,0.086142,-1.049736,1.967321,0.332128,0.087017,0.067511,-0.987735,1.876914,0.209037,0.068197,97.960338,-1.483193,1.482408,287.41256,98.954884
2024-04-04 07:10:42.820,B24-00161,47,4.6,0.053977,-0.072056,2.649517,0.243153,0.054561,0.047521,-0.492334,2.265143,0.211227,0.048035,83.024936,-1.508759,1.508314,236.94721,83.922528
2024-04-04 19:58:25.533,B24-00162,34,3.3,0.081421,0.816562,2.895785,0.38952,0.082645,0.190342,-1.269542,1.650303,0.623714,0.193204,175.188315,-1.459782,1.474715,513.97938,177.822874
2024-04-05 08:46:06.946,B24-00163,19,1.8,0.07671,-0.219015,2.215028,0.304188,0.078812,0.109143,-1.661413,1.492343,0.31503,0.112134,109.239415,-1.301137,1.63319,343.28679,112.23283
2024-04-05 21:33:46.859,B24-00164,6,0.5,0.080893,-1.963645,1.265578,0.198853,0.088614,0.058381,2.095816,1.918796,0.191995,0.063953,46.063195,-0.276249,1.798922,120.887408,50.459702
2024-04-06 10:21:25.473,B24-00165,50,4.9,0.088106,-0.915619,2.146152,0.345923,0.089001,0.109814,-0.905395,1.980037,0.365417,0.110929,112.446759,-1.460505,1.531414,343.18678,113.588379
2024-04-06 23:09:08.486,B24-00166,50,4.9,0.059836,-0.840751,2.487328,0.247411,0.060443,0.043665,-0.821167,2.312782,0.181391,0.044108,83.838711,-1.586197,1.342734,224.85188,84.689888
2024-04-07 11:56:51.499,B24-00167,38,3.7,0.089229,-0.960576,1.83184,0.312851,0.090427,0.195487,-1.351711,1.606391,0.627348,0.198111,168.596633,-1.427967,1.558926,495.59265,170.859776
2024-04-08 00:44:33.312,B24-00168,26,2.5,0.089994,-0.87651,1.96458,0.334615,0.091777,0.114815,-1.050049,2.084468,0.382515,0.117089,113.255741,-1.515017,1.486944,328.47814,115.498646
2024-04-08 13:32:13.926,B24-00169,13,1.2,0.073083,-0.907685,1.799168,0.242029,0.076067,0.074394,-0.732273,2.020163,0.22811,0.077431,68.087009,-1.268467,1.780563,202.398561,70.867206
2024-04-09 15:07:31.452,B24-00171,50,4.9,0.074826,-0.540609,2.257637,0.327757,0.075586,0.056467,-0.139171,2.376156,0.251169,0.05704,81.665187,-1.598601,1.354482,221.03586,82.494297
2024-04-10 03:55:14.465,B24-00172,43,4.2,0.081268,-0.25818,2.513036,0.374397,0.08223,0.16602,-1.292345,1.705447,0.524873,0.167985,147.366753,-1.32061,1.674551,445.4922,149.110799
2024-04-10 16:42:56.779,B24-00173,32,3.1,0.085942,-0.429621,2.391726,0.359388,0.087317,0.11512,-1.031309,1.982491,0.352179,0.116962,135.072162,-1.52287,1.491811,398.1096,137.233453
2024-04-11 05:30:37.992,B24-00174,19,1.8,0.064211,-1.714215,1.506012,0.179518,0.065971,0.087789,0.590411,2.489545,0.340098,0.090195,79.950951,-1.552857,1.469863,220.56785,82.141794
2024-04-11 18:18:17.905,B24-00175,7,0.6,0.054279,-0.966467,1.616301,0.15126,0.058628,0.168694,-0.970344,1.652082,0.498295,0.182211,84.833376,-0.249827,1.861231,244.460132,91.630519
2024-04-13 08:41:21.845,B24-00178,27,2.6,0.082795,-0.678851,2.022972,0.312147,0.084372,0.116918,-1.038262,1.918172,0.377882,0.119145,127.099818,-1.272015,1.809298,401.43506,129.520985
2024-04-13 21:29:02.558,B24-00179,26,2.5,0.059053,1.734696,2.914523,0.289292,0.060222,0.186832,-1.453397,1.700397,0.598079,0.190532,165.928425,-1.491501,1.614075,485.83346,169.214456
2024-04-14 10:16:43.171,B24-00180,14,1.3,0.102818,-0.338306,1.894306,0.365371,0.106699,0.145158,-1.162778,1.809002,0.424737,0.150638,134.72139,-1.11711,1.781418,421.85443,139.806994
2024-04-15 11:52:00.898,B24-00182,50,4.9,0.073948,-0.922522,2.203235,0.301906,0.074698,0.147132,-1.109276,1.862337,0.530583,0.148626,134.688941,-1.466302,1.485741,396.85695,136.056377
2024-04-16 00:39:43.911,B24-00183,50,4.9,0.081804,-0.270719,2.445122,0.373954,0.082635,0.142412,-1.213669,1.818722,0.487702,0.143857,155.859199,-1.481577,1.496503,465.31253,157.441566
2024-04-16 13:27:26.924,B24-00184,46,4.5,0.065511,-0.012267,2.535157,0.29346,0.066235,0.065626,-0.692786,2.040132,0.266541,0.066351,80.331064,-1.534504,1.483922,222.40189,81.218727
2024-04-17 02:15:09.537,B24-00185,32,3.1,0.146637,-0.113643,2.272752,0.595536,0.148983,0.181701,-1.358653,1.773049,0.590416,0.184609,122.077179,-1.426312,1.585482,370.21165,124.030538
2024-04-17 15:02:50.751,B24-00186,50,4.9,0.556677,1.914757,2.892646,2.700565,0.562328,0.250674,1.167653,2.976965,1.185033,0.253219,129.715061,-0.640988,2.505218,535.24978,131.031999
2024-04-18 03:50:33.764,B24-00187,20,1.9,0.091296,-0.368633,1.964454,0.341927,0.093668,0.155682,-1.251658,1.735709,0.475441,0.159727,152.65815,-1.282385,1.641566,482.36615,156.623957
2024-04-18 16:38:13.777,B24-00188,7,0.6,0.015909,-1.126323,1.56593,0.044153,0.017184,0.055404,2.572088,2.068917,0.196707,0.059843,72.110964,-1.79239,1.511932,194.174913,77.888743
2024-04-19 05:25:52.490,B24-00189,50,4.9,0.089914,-0.338163,2.194503,0.3829,0.090827,0.199865,-1.228644,1.75013,0.686044,0.201894,177.044266,-1.485349,1.452977,512.35836,178.841716
2024-04-19 18:13:35.504,B24-00190,47,4.6,0.065372,-1.021759,2.042829,0.2537,0.066078,0.062634,-0.289364,2.397138,0.236216,0.063311,93.032604,-1.415089,1.56733,278.9326,94.038391
2024-04-20 07:01:18.217,B24-00191,32,3.1,0.046007,-0.779334,2.167319,0.175692,0.046743,0.044533,-0.368999,2.304044,0.175113,0.045246,82.369088,-1.577387,1.411798,224.4735,83.687077
2024-04-20 19:48:59.430,B24-00192,33,3.2,0.037676,-0.60099,1.983217,0.145265,0.03826,0.051183,-0.441534,2.231138,0.214781,0.051976,82.128252,-1.59979,1.376279,223.19391,83.401635
2024-04-21 08:36:40.743,B24-00193,22,2.1,0.062291,-0.970955,1.671809,0.203848,0.063757,0.10496,-0.708505,1.957083,0.345014,0.10743,109.915188,-1.297547,1.668908,337.42778,112.501782
2024-04-21 21:24:20.957,B24-00194,9,0.8,0.064016,-0.314726,1.888753,0.210694,0.067899,0.173267,-1.718597,1.429012,0.477167,0.183777,113.040413,-0.052838,2.000875,349.370756,119.897464
2024-04-22 10:11:59.870,B24-00195,50,4.9,0.057995,0.005,2.614636,0.273739,0.058584,0.045097,-0.116399,2.444089,0.202054,0.045554,83.591792,-1.576397,1.36677,226.9304,84.440461
2024-04-22 22:59:42.883,B24-00196,50,4.9,0.08259,0.396078,2.368003,0.386954,0.083428,0.19743,-1.21355,1.927245,0.685181,0.199434,169.878011,-1.486474,1.459113,494.80087,171.602705
2024-04-23 11:47:25.896,B24-00197,36,3.5,0.079178,-0.422977,2.25062,0.303791,0.080301,0.135932,-0.896673,2.006811,0.425441,0.13786,129.852701,-1.36682,1.591565,406.15956,131.694676
2024-04-24 00:35:07.510,B24-00198,26,2.5,0.04603,-0.055013,2.550247,0.167869,0.046941,0.048256,0.441107,2.450252,0.225918,0.049212,79.260293,-1.344668,1.663032,222.32714,80.829957
2024-04-24 13:22:48.123,B24-00199,12,1.1,0.066198,-0.898931,1.777221,0.22157,0.069142,0.176233,-1.27335,1.695192,0.5454,0.184069,165.976842,-1.442288,1.641252,468.70083,173.357158
2024-04-25 02:10:27.336,B24-00200,50,4.9,0.063058,-0.180938,2.629343,0.286965,0.063698,0.059126,-0.305449,2.313646,0.253496,0.059726,82.164955,-1.598216,1.362852,223.1386,82.999139
2024-04-25 14:58:10.349,B24-00201,50,4.9,0.091098,0.881932,2.585823,0.439655,0.092023,0.193903,-1.435975,1.569844,0.604085,0.195872,173.11966,-1.4733,1.464124,505.63782,174.877265
2024-04-26 03:45:53.363,B24-00202,42,4.1,0.059805,-0.593306,2.076467,0.230063,0.06053,0.117139,-1.219552,1.862425,0.375543,0.118559,141.581582,-1.462436,1.549748,427.33138,143.297785
2024-04-26 16:33:35.576,B24-00203,29,2.8,0.050285,-0.59639,2.101566,0.197002,0.051175,0.076476,0.716587,2.7318,0.348727,0.077829,80.830169,-1.565896,1.501571,221.36178,82.260903
2024-04-27 05:21:16.489,B24-00204,18,1.7,0.091269,-0.911899,1.970384,0.31335,0.093915,0.190403,-1.084933,1.694167,0.600735,0.195923,168.124525,-1.386832,1.533326,501.31757,172.998709
2024-04-27 18:08:56.302,B24-00205,6,0.5,0.073589,-1.71073,1.363427,0.198285,0.080612,0.083784,0.056723,1.792139,0.249249,0.09178,71.733205,-1.41684,1.550281,201.831249,78.579789
2024-04-28 06:56:34.916,B24-00206,50,4.9,0.083674,-0.027,2.28968,0.364156,0.084524,0.198466,-1.271352,1.744814,0.670455,0.200481,162.041817,-1.482432,1.480164,477.74178,163.686953
2024-04-28 19:44:17.929,B24-00207,49,4.8,0.069227,-0.128878,2.539885,0.305108,0.069944,0.120904,-1.158343,1.9822,0.378972,0.122157,124.399771,-1.446369,1.520901,374.8192,125.688923
2024-04-29 08:32:00.842,B24-00208,33,3.2,0.033572,-0.540406,2.144589,0.139565,0.034092,0.044085,-1.050604,1.767919,0.148899,0.044768,81.835412,-1.613576,1.353377,220.62018,83.104254
2024-04-29 21:19:42.155,B24-00209,22,2.1,0.089325,2.739376,3.11549,0.392584,0.091427,0.17892,-1.342616,1.587728,0.567141,0.18313,153.528509,-1.337946,1.719064,445.94853,157.141439
2024-04-30 10:07:22.369,B24-00210,8,0.7,0.093236,-0.647262,1.736541,0.301384,0.099673,0.161342,1.037119,2.109564,0.529107,0.172482,113.242557,-0.237297,1.922065,341.292783,121.061386
2024-04-30 22:55:01.182,B24-00211,50,4.9,0.07031,0.36725,2.447246,0.327893,0.071023,0.065813,-0.531889,2.581104,0.27568,0.066481,93.184772,-1.488622,1.497013,278.83378,94.130835
2024-05-01 11:42:44.195,B24-00212,48,4.7,0.09241,-0.479015,2.087789,0.368958,0.093388,0.191008,-1.289717,1.655723,0.610409,0.193029,176.627501,-1.502443,1.499939,522.41295,178.496627
2024-05-02 00:30:27.008,B24-00213,33,3.2,0.073038,-1.282225,1.763962,0.252837,0.07417,0.058865,-0.667107,2.253044,0.230438,0.059778,93.578867,-1.498204,1.458777,271.35661,95.029788
2024-05-02 13:18:08.322,B24-00214,22,2.1,0.069107,-0.596809,2.007148,0.246173,0.070733,0.056983,-0.595331,2.069051,0.224545,0.058324,93.115275,-1.365349,1.713681,265.3059,95.306523
2024-05-03 02:05:48.535,B24-00215,40,3.9,0.334461,1.892752,3.071213,1.690035,0.338721,0.22783,-0.77789,2.346263,0.923351,0.230732,132.902389,-0.725837,2.015489,458.95582,134.595481
2024-05-03 14:53:30.548,B24-00216,12,1.1,0.106672,-0.277538,2.060309,0.377711,0.111416,0.183858,-1.505916,1.64579,0.546217,0.192033,193.42011,-1.760282,1.447515,517.33572,202.020716
2024-05-04 03:41:09.761,B24-00217,11,1.0,0.086181,-0.562663,1.721947,0.290973,0.090388,0.129808,-0.880816,1.944394,0.396751,0.136144,123.404568,-0.913604,1.8406,372.49558,129.427803
2024-05-04 16:28:48.875,B24-00218,50,4.9,0.079419,-0.539805,2.133757,0.316336,0.080225,0.152201,-1.292861,1.986614,0.533354,0.153746,163.496728,-1.467831,1.511957,493.51984,165.156636
2024-05-05 05:16:31.888,B24-00219,50,4.9,0.04392,-0.206242,2.539795,0.189985,0.044366,0.06353,-0.643021,2.169449,0.270764,0.064175,81.996294,-1.59396,1.354212,222.08074,82.828765
2024-05-05 18:04:14.901,B24-00220,50,4.9,0.066378,-0.243831,2.544987,0.296547,0.067052,0.135756,-1.177531,1.786413,0.465916,0.137134,127.130908,-1.443515,1.506307,379.40113,128.42161
2024-05-06 06:51:57.914,B24-00221,38,3.7,0.088976,-0.044508,2.186702,0.377064,0.09017,0.175288,-1.331356,1.689726,0.566721,0.177641,177.898291,-1.460535,1.595644,521.23315,180.286295
2024-05-06 19:39:39.728,B24-00222,23,2.2,0.060273,-0.477745,2.132541,0.217063,0.061628,0.057966,-1.247189,1.82404,0.199885,0.059269,88.202983,-1.395653,1.622051,251.81892,90.18532
2024-05-07 08:27:20.041,B24-00223,12,1.1,0.048035,-1.319556,1.582608,0.151271,0.050171,0.099132,-1.56115,1.548,0.282322,0.10354,113.328016,-1.529034,1.558802,315.5897,118.367253
2024-05-07 21:14:59.254,B24-00224,10,0.9,0.036549,-0.556592,1.875108,0.11804,0.038526,0.048518,0.064841,1.948018,0.171287,0.051142,65.674628,-0.568393,1.935333,191.911128,69.227137
2024-05-09 11:38:04.294,B24-00227,38,3.7,0.058235,0.497006,2.677334,0.273273,0.059016,0.045525,0.063391,2.467114,0.193437,0.046136,86.462901,-1.557957,1.497726,236.51126,87.623529
2024-05-10 00:25:46.107,B24-00228,24,2.3,0.07805,-0.326255,2.277649,0.314292,0.079728,0.196202,-1.356079,1.676338,0.616664,0.200422,163.001076,-1.338258,1.696509,481.52131,166.506877
2024-05-10 13:13:26.520,B24-00229,14,1.3,0.056799,-1.459506,1.511643,0.167075,0.058943,0.097004,-0.931815,1.844322,0.315666,0.100666,103.214311,-1.267914,1.644891,302.16292,107.110553
2024-05-11 02:01:05.934,B24-00230,50,4.9,0.096542,-0.296788,2.264341,0.417619,0.097522,0.186934,-1.322019,1.70934,0.627393,0.188831,176.973456,-1.487742,1.449397,512.27981,178.770187
2024-05-11 14:48:48.947,B24-00231,50,4.9,0.0834,-0.721494,2.387225,0.344073,0.084247,0.104775,-1.146634,1.917288,0.333968,0.105838,111.288706,-1.45852,1.499787,332.91356,112.418569
2024-05-12 03:36:31.960,B24-00232,40,3.9,0.051633,-0.13222,2.224411,0.211875,0.052291,0.067151,0.440753,2.752316,0.333434,0.068007,80.23111,-1.582498,1.415881,220.6104,81.253203
2024-05-12 16:24:13.973,B24-00233,29,2.8,0.081262,0.689575,2.674179,0.385648,0.0827,0.180734,-1.481146,1.597356,0.575327,0.183934,157.255596,-1.26956,1.772778,491.02705,160.039097
2024-05-13 05:11:54.887,B24-00234,15,1.4,0.100088,-0.689657,1.789767,0.343777,0.103601,0.141672,-1.169878,1.813114,0.436079,0.146645,120.399443,-1.473994,1.565461,366.63882,124.625264
2024-05-14 06:47:12.613,B24-00236,50,4.9,0.090731,0.928177,2.647186,0.426099,0.091652,0.183164,-1.318689,1.81007,0.592187,0.185023,170.856347,-1.474175,1.48693,507.57939,172.590973
2024-05-14 19:34:55.626,B24-00237,50,4.9,0.082586,-0.587284,2.08856,0.331027,0.083424,0.192428,-1.414562,1.596934,0.585885,0.194382,168.449258,-1.473989,1.471367,494.61574,170.159447
2024-05-15 08:22:38.640,B24-00238,43,4.2,0.069395,0.263822,2.477207,0.31956,0.070216,0.134112,-1.159954,1.964427,0.444662,0.135699,135.647566,-1.468642,1.56477,412.25629,137.252919
2024-05-15 21:10:20.953,B24-00239,32,3.1,0.052556,-0.53525,2.118605,0.207504,0.053397,0.052595,0.298161,2.421007,0.23742,0.053437,81.954547,-1.617655,1.375834,220.00816,83.265903
2024-05-16 09:58:02.166,B24-00240,16,1.5,0.103362,0.249269,2.127754,0.407855,0.106752,0.169161,-1.470717,1.622128,0.518605,0.174709,149.3877,-1.546959,1.462994,427.99299,154.286954
2024-05-16 22:45:41.779,B24-00241,4,0.3,0.06522,-3.136339,1.382342,0.160853,0.075309,0.087676,-4.362186,1.295366,0.207174,0.101239,60.639506,-1.173798,1.430719,161.157504,70.02047
2024-05-17 11:33:20.193,B24-00242,50,4.9,0.04163,1.036043,2.84638,0.234059,0.042053,0.066937,-0.810639,2.035485,0.256413,0.067616,80.850387,-1.593049,1.354534,218.35961,81.671224
2024-05-18 00:21:03.206,B24-00243,50,4.9,0.066303,-0.627769,2.267262,0.284377,0.066976,0.092999,-1.290791,1.84195,0.321389,0.093943,103.015524,-1.452833,1.521378,312.20523,104.061393
2024-05-18 13:08:46.219,B24-00244,41,4.0,0.092089,-0.751404,2.135552,0.38038,0.093233,0.173388,-1.197258,1.855884,0.614201,0.175542,171.110513,-1.377736,1.655244,506.67077,173.236191
2024-05-19 01:56:28.332,B24-00245,25,2.4,0.322274,1.715298,2.483331,1.468085,0.32892,0.245693,1.784874,2.707952,1.190218,0.25076,91.183819,-0.961855,1.751851,306.36791,93.064096
2024-05-19 14:44:08.846,B24-00246,26,2.5,0.074648,-1.099769,1.855905,0.261363,0.076126,0.061708,-0.809202,2.006061,0.227815,0.06293,87.83572,-1.139012,1.805453,266.8288,89.57521
2024-05-20 03:31:49.459,B24-00247,15,1.4,0.086703,-0.928752,1.802485,0.28843,0.089746,0.068296,-0.457443,2.110978,0.221469,0.070693,86.688902,-1.410162,1.615789,257.55981,89.731539
2024-05-21 05:07:07.285,B24-00249,50,4.9,0.075254,-0.833763,1.989298,0.296967,0.076018,0.087148,-0.83097,2.022392,0.298386,0.088033,100.114661,-1.491979,1.495633,298.6087,101.131079
2024-05-21 17:54:50.299,B24-00250,50,4.9,0.064523,-0.939692,2.09152,0.262465,0.065178,0.047382,-0.590448,2.267165,0.208457,0.047863,86.668809,-1.551297,1.419797,244.55991,87.548718
2024-05-22 06:42:33.312,B24-00251,43,4.2,0.083788,-0.581403,2.101805,0.328212,0.084779,0.203823,-1.394983,1.593913,0.631582,0.206235,173.115305,-1.505969,1.44612,496.28454,175.164078
2024-05-22 19:30:15.625,B24-00252,29,2.8,0.075354,0.526104,2.571305,0.341086,0.076688,0.12852,-1.199175,2.003336,0.43617,0.130795,134.128436,-1.562843,1.466801,382.44252,136.502575
2024-05-23 08:17:56.538,B24-00253,16,1.5,0.057343,-1.142053,1.718058,0.192881,0.059224,0.055769,0.197071,2.144076,0.223557,0.057598,80.618619,-1.660186,1.381033,216.61928,83.262552
2024-05-23 21:05:36.152,B24-00254,6,0.5,0.08486,-0.586322,1.571249,0.25739,0.09296,0.188053,-0.773978,1.575775,0.561033,0.206002,60.650952,0.938016,1.88968,175.014632,66.43979
2024-05-24 09:53:14.765,B24-00255,50,4.9,0.043713,-0.63677,2.101716,0.173989,0.044157,0.053283,-0.053154,2.363771,0.241132,0.053824,81.542472,-1.601431,1.356066,221.00189,82.370336
2024-05-24 22:40:57.778,B24-00256,50,4.9,0.093077,-0.965342,2.072414,0.353427,0.094021,0.104954,-1.183114,1.901793,0.324317,0.10602,110.144415,-1.45237,1.53409,333.98025,111.262662
2024-05-25 11:28:40.791,B24-00257,50,4.9,0.084219,-0.888964,1.919047,0.295923,0.085074,0.061497,-0.459788,2.560286,0.254586,0.062121,91.456667,-1.499746,1.464948,266.28962,92.385185
2024-05-26 00:16:23.805,B24-00258,35,3.4,0.071984,1.254873,3.038758,0.349907,0.073035,0.185645,-1.290306,1.692855,0.6001,0.188355,166.337587,-1.503609,1.513243,481.8446,168.766002
2024-05-26 13:04:05.318,B24-00259,23,2.2,0.075778,-1.051716,2.048435,0.289327,0.077481,0.114972,-1.114921,1.867898,0.347512,0.117556,114.436358,-1.423665,1.586409,355.55271,117.008283
2024-05-27 01:51:45.631,B24-00260,9,0.8,0.03764,-0.333154,1.972588,0.119448,0.039923,0.048484,-0.77559,1.576174,0.149296,0.051425,40.358259,-0.690924,1.912998,118.57511,42.806398
2024-05-27 14:39:24.544,B24-00261,50,4.9,0.07819,-0.219565,2.214464,0.344084,0.078983,0.156595,-1.001879,2.128708,0.543197,0.158185,149.039246,-1.472734,1.522022,449.25946,150.552374
2024-05-28 03:27:07.558,B24-00262,50,4.9,0.040866,-0.311893,2.16464,0.175306,0.041281,0.051112,0.35785,2.551896,0.215212,0.051631,80.061188,-1.591999,1.363071,217.76047,80.874013
2024-05-28 16:14:50.571,B24-00263,38,3.7,0.071467,-0.364367,2.137529,0.290575,0.072427,0.157819,-1.338216,1.721382,0.518254,0.159937,139.669477,-1.395869,1.561031,423.20006,141.544319
2024-05-29 05:02:32.384,B24-00264,27,2.6,0.091388,0.22449,2.507558,0.374339,0.093129,0.139393,-0.79771,2.039538,0.435318,0.142049,137.360931,-1.538303,1.478241,396.18103,139.977565
2024-05-29 17:50:13.097,B24-00265,13,1.2,0.03956,0.014702,2.053388,0.152043,0.041175,0.045015,-1.249169,1.735562,0.137624,0.046854,84.089593,-1.762681,1.449953,218.61055,87.523223
2024-05-30 06:37:52.411,B24-00266,6,0.5,0.085964,0.387418,1.816527,0.256164,0.094169,0.22408,-1.599448,1.504662,0.639598,0.245467,133.184714,-1.400658,1.513619,381.09832,145.896544
2024-05-30 19:25:31.024,B24-00267,50,4.9,0.046068,0.087026,2.434898,0.206232,0.046535,0.05399,-0.329897,2.151692,0.220095,0.054538,81.37717,-1.598599,1.360556,220.59229,82.203355
2024-05-31 08:13:14.037,B24-00268,45,4.4,0.074823,-0.09777,2.645667,0.328461,0.075668,0.129559,-1.131825,2.082425,0.45899,0.131023,132.421391,-1.327948,1.65863,405.55768,133.917725
2024-05-31 21:00:56.550,B24-00269,32,3.1,0.086649,-0.512583,1.897048,0.320003,0.088035,0.188604,-1.252672,1.656872,0.624509,0.191622,180.344622,-1.545188,1.459733,521.71773,183.23032
2024-06-01 09:48:37.763,B24-00270,19,1.8,0.058932,-0.4934,2.003645,0.201657,0.060547,0.051762,-0.628585,2.222263,0.182822,0.05318,91.347362,-1.619356,1.478594,241.88497,93.850493
2024-06-01 22:36:17.677,B24-00271,21,2.0,0.080394,0.283991,2.259148,0.331561,0.08238,0.136337,-1.334329,1.797356,0.41931,0.139704,136.065104,-1.326988,1.619682,426.70518,139.425242
2024-06-03 00:11:36.603,B24-00273,9,0.8,0.051721,-0.930411,1.69718,0.166189,0.054858,0.100525,1.192772,2.169905,0.319856,0.106623,64.57169,-1.086704,1.749511,194.803862,68.48862
2024-06-03 12:59:15.516,B24-00274,8,0.7,0.458184,-1.464719,1.489367,1.348301,0.489819,0.399735,-1.232103,1.713552,1.133414,0.427335,51.151594,-1.712773,1.474048,141.859075,54.683354
2024-06-04 01:46:54.330,B24-00275,50,4.9,0.080323,-0.874474,1.952655,0.295207,0.081139,0.191223,-1.273879,1.636052,0.600122,0.193165,157.741048,-1.466671,1.518792,476.62168,159.342521
2024-06-04 14:34:37.343,B24-00276,50,4.9,0.066423,-0.371018,2.506513,0.295582,0.067097,0.129195,-1.274478,1.89644,0.440631,0.130507,137.592524,-1.453626,1.538973,418.55638,138.989438
2024-06-05 03:22:20.356,B24-00277,39,3.8,0.058758,-0.373625,2.103967,0.219538,0.059527,0.069144,-0.647391,2.158516,0.25731,0.070048,79.866127,-1.534246,1.506364,219.58819,80.910172
2024-06-05 16:10:02.269,B24-00278,26,2.5,0.077619,1.126267,2.641534,0.385398,0.079156,0.158854,-1.238187,1.768182,0.508411,0.161999,146.409159,-1.415247,1.694886,436.67619,149.308632
2024-06-06 04:57:42.883,B24-00279,15,1.4,0.079166,-0.947316,1.91728,0.25949,0.081945,0.13458,-1.128788,1.941888,0.414246,0.139304,141.64349,-1.703184,1.444179,396.12096,146.614941
2024-06-06 17:45:22.396,B24-00280,4,0.3,0.029618,-5.432262,1.175478,0.066065,0.034199,0.040726,3.858327,1.726091,0.097752,0.047026,28.150923,0.25368,1.540521,74.963105,32.505886
2024-06-07 06:33:00.809,B24-00281,50,4.9,0.088621,-0.178234,2.697581,0.400736,0.089521,0.200949,-1.273512,1.767141,0.640437,0.20299,163.025957,-1.468792,1.492922,486.30696,164.681086
2024-06-07 19:20:43.822,B24-00282,50,4.9,0.073163,1.021927,2.738569,0.390325,0.073906,0.159164,-1.26714,1.762956,0.523511,0.16078,147.054003,-1.459548,1.521459,446.23559,148.546975
2024-06-08 08:08:26.836,B24-00283,43,4.2,0.037062,-0.772514,2.118249,0.149681,0.037501,0.063713,-0.807579,2.139623,0.25563,0.064467,82.692542,-1.608412,1.396162,222.5019,83.671186
2024-06-08 20:56:09.149,B24-00284,45,4.4,0.074589,-0.107108,2.719512,0.347535,0.075432,0.117215,-1.17527,1.889918,0.383956,0.11854,126.501181,-1.434591,1.596874,384.32198,127.930619
2024-06-09 09:43:51.662,B24-00285,50,4.9,0.045245,-0.778284,1.978269,0.176033,0.045704,0.065782,-0.062337,2.457306,0.268448,0.06645,81.839128,-1.585116,1.364668,222.87944,82.670003
2024-06-09 22:31:34.675,B24-00286,47,4.6,0.059731,-0.126071,2.60741,0.29397,0.060377,0.08705,-1.019428,2.099522,0.301406,0.087991,109.727536,-1.388083,1.636002,339.4156,110.913814
2024-06-15 00:00:30.000,B24-00287,32,3.1,0.10693,0.380126,2.401587,0.489349,0.108641,0.199772,-1.366491,1.730267,0.614814,0.202968,178.306198,-1.550012,1.443205,511.15364,181.159279
2024-06-15 12:48:11.213,B24-00288,21,2.0,0.052049,-0.436314,2.268081,0.19531,0.053334,0.059499,-0.025085,2.068116,0.215758,0.060969,78.951418,-1.474678,1.56455,219.70239,80.901129
2024-06-16 01:35:51.326,B24-00289,8,0.7,0.079031,-0.678179,1.683229,0.253655,0.084488,0.085469,-1.744355,1.51887,0.239179,0.09137,97.624598,-1.373193,1.62976,284.63689,104.365085
2024-06-16 14:23:30.140,B24-00290,8,0.7,0.029767,-1.094837,1.648856,0.093608,0.031822,0.055984,1.428981,2.078986,0.198421,0.059849,64.800016,-0.93552,1.811879,178.896453,69.274131
2024-06-17 03:11:08.953,B24-00291,50,4.9,0.08912,0.692524,2.558022,0.425929,0.090024,0.190575,-1.445449,1.720818,0.591631,0.19251,184.671184,-1.482297,1.468342,540.8693,186.546066
2024-06-17 15:58:51.966,B24-00292,48,4.7,0.034936,-0.192579,2.366815,0.163975,0.035306,0.057474,-0.711606,2.118093,0.238044,0.058082,81.423544,-1.536866,1.419474,223.6307,82.285193
2024-06-18 04:46:34.779,B24-00293,33,3.2,0.077463,-1.033627,1.964697,0.286863,0.078664,0.046833,0.476865,2.720601,0.20982,0.047559,84.033228,-1.566772,1.408892,232.0688,85.336146
2024-06-18 17:34:16.093,B24-00294,22,2.1,0.113349,1.683936,2.884301,0.487815,0.116016,0.211032,-1.48011,1.54143,0.649713,0.215998,183.24862,-1.329777,1.70288,534.78569,187.560942
2024-06-19 06:21:56.306,B24-00295,10,0.9,0.05,-1.351045,1.514095,0.136115,0.052704,0.033738,-0.608713,1.877553,0.111955,0.035563,91.922182,-1.723533,1.440596,239.38921,96.894488
2024-06-19 19:09:35.319,B24-00296,50,4.9,0.086545,0.234646,2.410016,0.412839,0.087424,0.061382,-0.550969,2.550931,0.27526,0.062005,88.951632,-1.516245,1.46238,257.51713,89.854718
2024-06-20 07:57:18.332,B24-00297,50,4.9,0.086265,0.315766,2.365991,0.392982,0.087141,0.196266,-1.173678,1.851845,0.667595,0.198258,177.774883,-1.47285,1.468708,518.54259,179.579751
2024-06-20 20:45:01.346,B24-00298,50,4.9,0.060991,-1.051829,1.811409,0.217823,0.06161,0.054763,-0.443527,2.511365,0.246991,0.055319,91.060922,-1.518278,1.446265,262.50497,91.985422
2024-06-21 09:32:44.359,B24-00299,36,3.5,0.067045,-1.04469,1.930218,0.241132,0.067996,0.043334,-0.426775,2.164092,0.159547,0.043948,80.654445,-1.558259,1.426348,222.02208,81.798537
2024-06-21 22:20:25.972,B24-00300,24,2.3,0.089161,-0.814533,1.872162,0.316416,0.091078,0.194369,-1.296056,1.643845,0.633785,0.19855,166.613883,-1.180135,1.791217,495.92429,170.197388
2024-06-22 11:08:06.385,B24-00301,13,1.2,0.098893,-1.439065,1.495589,0.282185,0.102931,0.094769,-1.644308,1.459475,0.258764,0.098638,100.504516,-1.173218,1.72048,295.5313,104.608417
2024-06-23 12:43:23.812,B24-00303,50,4.9,0.085575,-0.545847,2.369638,0.349613,0.086443,0.200138,-1.346555,1.668619,0.654334,0.20217,170.541119,-1.467225,1.485436,502.54959,172.272546
2024-06-24 01:31:06.825,B24-00304,4,0.3,0.571529,-1.45036,1.493161,1.425324,0.659944,0.353927,1.660068,1.516495,0.994391,0.40868,74.336343,3.348322,1.699866,190.734881,85.836215
2024-06-24 14:18:45.238,B24-00305,50,4.9,0.087023,-1.229813,1.685204,0.283582,0.087906,0.098318,-0.933982,2.095222,0.328518,0.099316,104.292487,-1.477595,1.489003,306.9481,105.351321
2024-06-25 03:06:28.252,B24-00306,42,4.1,0.054064,-0.262096,2.634258,0.232708,0.05472,0.052273,0.010447,2.332795,0.230017,0.052907,80.934025,-1.575466,1.478641,220.23812,81.915079
2024-06-25 15:54:10.465,B24-00307,29,2.8,0.085396,0.556763,2.511047,0.376508,0.086908,0.180705,-1.278031,1.709926,0.590858,0.183904,158.930645,-1.437391,1.604378,473.88119,161.743796
2024-06-26 04:41:51.378,B24-00308,20,1.9,0.081292,-1.0567,2.005633,0.285126,0.083404,0.090176,-1.346593,1.785711,0.280278,0.092518,99.699324,-1.395802,1.59848,294.34995,102.289349
2024-06-26 17:29:31.391,B24-00309,8,0.7,0.042815,1.824441,2.122632,0.154257,0.045771,0.055197,0.724942,2.050256,0.174409,0.059008,76.976163,-1.7656,1.528125,202.730326,82.290979
2024-06-27 06:17:10.205,B24-00310,50,4.9,0.085068,-0.693959,2.175513,0.327587,0.085932,0.14061,-1.099296,2.057963,0.484955,0.142038,145.185093,-1.462309,1.528024,439.52196,146.659092
2024-06-27 19:04:53.218,B24-00311,48,4.7,0.037117,0.511773,2.561265,0.187919,0.03751,0.047127,-0.838754,1.99828,0.183764,0.047625,80.145785,-1.571907,1.433995,220.6594,80.993912
2024-06-29 09:27:57.658,B24-00314,9,0.8,0.027309,0.431911,1.946542,0.088669,0.028966,0.058049,-0.050659,1.859003,0.202985,0.061571,79.24741,-1.213386,1.716843,217.83295,84.054571
2024-06-29 22:15:36.571,B24-00315,50,4.9,0.106542,0.962981,2.606335,0.543856,0.107624,0.197676,-1.263734,1.847168,0.667027,0.199683,179.810406,-1.485002,1.505543,537.82529,181.63594
2024-06-30 11:03:19.584,B24-00316,50,4.9,0.054206,-0.195548,2.679108,0.264134,0.054756,0.0654,-0.633121,2.282565,0.286375,0.066064,85.917701,-1.54428,1.400634,239.57935,86.789985
2024-06-30 23:51:02.597,B24-00317,38,3.7,0.074649,-1.011529,1.844264,0.265337,0.075651,0.072465,-0.929892,2.226147,0.265451,0.073438,93.134174,-1.440599,1.584448,274.90977,94.384353
2024-07-01 12:38:44.411,B24-00318,35,3.4,0.034923,0.25873,2.550381,0.162919,0.035433,0.06239,-0.321486,2.23329,0.236761,0.063301,80.935004,-1.633332,1.410202,218.95494,82.1166
2024-07-02 01:26:25.924,B24-00319,23,2.2,0.077904,-0.736118,1.995867,0.304881,0.079655,0.106096,-1.352389,1.932972,0.348659,0.10848,112.098017,-1.226405,1.78688,335.06898,114.617388
2024-07-02 14:14:06.237,B24-00320,9,0.8,0.075114,-0.97505,1.593115,0.225953,0.07967,0.191535,-1.214795,1.69447,0.601371,0.203154,193.345067,-1.68599,1.406739,540.22581,205.073412
2024-07-03 03:01:45.150,B24-00321,50,4.9,0.070265,-0.503521,2.447863,0.311693,0.070978,0.076166,-1.150416,1.985658,0.263157,0.076939,93.924534,-1.485501,1.482512,278.11054,94.878107
2024-07-03 15:49:28.164,B24-00322,50,4.9,0.099384,-0.190194,2.540149,0.46964,0.100393,0.202365,-1.332153,1.798715,0.68526,0.204419,183.50843,-1.477641,1.474162,536.3434,185.371508
2024-07-04 04:37:11.177,B24-00323,38,3.7,0.080931,-1.308129,1.777471,0.27694,0.082017,0.088718,-0.834955,2.169961,0.309944,0.089909,97.706103,-1.40318,1.589773,296.82604,99.017653
2024-07-04 17:24:52.990,B24-00324,24,2.3,0.038014,-0.666136,1.931544,0.131062,0.038832,0.044219,-1.365193,1.784078,0.142473,0.04517,79.976293,-1.614014,1.422994,219.731,81.69641
2024-07-05 06:12:33.403,B24-00325,17,1.6,0.07326,-0.6702,1.888029,0.272149,0.075515,0.204395,-1.357781,1.565785,0.63081,0.210686,182.751883,-1.491069,1.470226,532.79955,188.37633
2024-07-06 07:47:51.230,B24-00327,50,4.9,0.05532,-0.213418,2.205893,0.243165,0.055881,0.053848,-0.408065,2.42393,0.223353,0.054395,80.756485,-1.603991,1.359384,219.45419,81.576369
2024-07-06 20:35:34.243,B24-00328,50,4.9,0.069417,0.279998,2.448726,0.326701,0.070122,0.166475,-1.495449,1.618625,0.520093,0.168165,149.282679,-1.48074,1.471917,436.46495,150.798278
2024-07-07 09:23:17.256,B24-00329,42,4.1,0.088814,-0.357072,2.528484,0.374533,0.089891,0.165477,-0.981884,2.052015,0.583422,0.167482,160.403384,-1.376437,1.676695,489.11637,162.347738
2024-07-07 22:10:59.470,B24-00330,31,3.0,0.037903,-1.233421,1.702179,0.122638,0.03853,0.05638,-0.204585,2.303445,0.239179,0.057312,84.52791,-1.719638,1.317464,220.92726,85.92516
2024-07-08 10:58:40.583,B24-00331,16,1.5,0.058619,-0.940484,1.855971,0.205585,0.060541,0.105812,-1.156218,1.780846,0.372625,0.109282,111.697533,-1.497677,1.46295,326.60322,115.360716
2024-07-09 12:33:58.509,B24-00333,50,4.9,0.348865,3.824227,3.058198,2.001922,0.352406,0.202937,1.372106,3.144079,1.108033,0.204997,62.809748,-0.292427,2.566398,275.3735,63.447427
2024-07-10 14:09:19.836,B24-00335,50,4.9,0.089195,-0.623135,2.295645,0.380448,0.090101,0.203038,-1.278875,1.785045,0.699941,0.205099,174.388171,-1.477214,1.489682,519.39684,176.158655
2024-07-11 02:57:02.849,B24-00336,50,4.9,0.058265,-0.717758,2.55524,0.251123,0.058857,0.064288,0.98224,2.588862,0.32493,0.06494,83.290597,-1.560602,1.381463,230.02306,84.136209
2024-07-11 15:44:45.862,B24-00337,44,4.3,0.077734,-0.670128,2.100652,0.314542,0.078632,0.079565,-0.87427,2.243585,0.299057,0.080485,92.989883,-1.417458,1.623448,279.72702,94.064946
2024-07-12 04:32:28.276,B24-00338,30,2.9,0.091744,0.025367,2.267608,0.392051,0.093312,0.190301,-1.241832,1.787767,0.632456,0.193554,179.427452,-1.499774,1.493924,512.45958,182.49481
2024-07-12 17:20:09.289,B24-00339,19,1.8,0.050986,-0.939594,2.037607,0.171435,0.052384,0.051016,-0.572325,1.863752,0.182039,0.052414,82.278047,-1.403509,1.465176,237.29661,84.532658
2024-07-13 18:55:27.515,B24-00341,50,4.9,0.080752,1.177113,2.696686,0.425657,0.081572,0.173524,-1.267878,1.660769,0.571841,0.175286,152.693591,-1.471324,1.499379,454.1083,154.243819
2024-07-14 07:43:10.529,B24-00342,50,4.9,0.068668,0.172423,2.465781,0.308559,0.069365,0.144186,-1.31721,1.830008,0.467641,0.14565,144.883053,-1.465656,1.514128,437.10774,146.353985
2024-07-14 20:30:53.542,B24-00343,42,4.1,0.042056,-0.176653,2.309178,0.176941,0.042566,0.067968,-0.459708,2.266596,0.269606,0.068792,80.018159,-1.48705,1.556234,221.88106,80.988111
2024-07-15 09:18:35.755,B24-00344,30,2.9,0.104984,-0.962998,1.879352,0.388656,0.106778,0.177859,-1.112581,1.825433,0.638621,0.180899,141.617749,-1.590295,1.441763,400.25978,144.038741
2024-07-15 22:06:16.768,B24-00345,14,1.3,0.101593,-0.700619,1.779157,0.35244,0.105428,0.172314,-0.96119,1.575095,0.534796,0.178819,153.669462,-1.322351,1.722149,473.08689,159.470338
2024-07-16 23:41:34.395,B24-00347,50,4.9,0.090371,0.08163,2.578244,0.399147,0.091289,0.190783,-1.231002,1.750976,0.623124,0.19272,182.324348,-1.479021,1.479923,537.22137,184.175404
2024-07-17 12:29:17.408,B24-00348,45,4.4,0.066072,-0.676832,2.077612,0.265769,0.066819,0.056634,0.305106,2.636638,0.273614,0.057274,90.22907,-1.586035,1.406959,249.56253,91.24864
2024-07-18 01:16:59.921,B24-00349,34,3.3,0.062132,-0.73038,2.009807,0.228485,0.063066,0.104083,-0.482267,2.4096,0.450986,0.105648,105.888342,-1.455353,1.527842,320.21073,107.480737
2024-07-18 14:04:41.335,B24-00350,32,3.1,0.039445,-0.161599,2.369219,0.168403,0.040076,0.051648,-0.293388,2.032327,0.209138,0.052474,80.450762,-1.577491,1.410502,219.47386,81.738055
2024-07-19 02:52:22.548,B24-00351,20,1.9,0.056924,-0.929662,1.837711,0.19858,0.058402,0.125225,-1.009433,2.025116,0.439927,0.128478,102.749145,-1.305946,1.677067,322.18305,105.418399
2024-07-19 15:40:02.561,B24-00352,6,0.5,0.099176,-1.737494,1.446495,0.271956,0.108642,0.178492,-1.950818,1.338545,0.458263,0.195529,115.535987,-1.26643,1.617873,317.652387,126.563333
2024-07-20 04:27:41.174,B24-00353,50,4.9,0.083977,-1.059088,1.982098,0.326769,0.08483,0.09747,-1.118507,1.965401,0.332662,0.09846,104.062858,-1.480608,1.501143,308.25464,105.119361
2024-07-20 17:15:24.188,B24-00354,50,4.9,0.063415,-0.443238,2.216527,0.277985,0.064059,0.044401,0.458978,2.736353,0.224034,0.044852,84.908245,-1.548625,1.420706,238.55188,85.77028
2024-07-21 06:03:07.201,B24-00355,45,4.4,0.08509,2.57911,3.034081,0.493311,0.086051,0.200883,-1.261939,1.749813,0.681458,0.203153,179.830755,-1.536722,1.459179,508.56203,181.862806
2024-07-21 18:50:49.714,B24-00356,34,3.3,0.078286,-0.317308,2.208041,0.333593,0.079463,0.099978,-0.875348,1.950348,0.310046,0.101481,106.108049,-1.442183,1.490533,315.68317,107.703748
2024-07-22 07:38:31.127,B24-00357,21,2.0,0.046178,-0.067509,2.303066,0.181697,0.047318,0.044275,-0.881477,1.945741,0.157742,0.045368,77.734885,-1.460793,1.489305,221.93566,79.654554
2024-07-22 20:26:11.241,B24-00358,14,1.3,0.082419,1.086854,2.354033,0.344095,0.08553,0.170879,-1.099344,1.734094,0.469628,0.17733,166.304353,-1.261769,1.632965,489.72482,172.582184
2024-07-23 22:01:28.867,B24-00360,50,4.9,0.066045,-0.058381,2.241235,0.287045,0.066716,0.08221,-1.172921,1.925818,0.307957,0.083045,105.113602,-1.458919,1.512012,314.77718,106.180773
2024-07-25 12:24:37.007,B24-00363,42,4.1,0.456904,2.874787,2.795403,2.501662,0.462443,0.214266,1.075599,3.222297,1.090348,0.216864,72.719099,0.023764,2.599871,344.51489,73.600575
2024-07-26 01:12:19.220,B24-00364,28,2.7,0.051445,-0.486559,2.234402,0.197774,0.052389,0.038147,-0.866106,1.960353,0.131051,0.038847,84.422943,-1.668922,1.366408,221.38837,85.972117
2024-07-26 14:00:00.033,B24-00365,18,1.7,0.081225,1.787955,2.537059,0.381436,0.08358,0.212053,-1.194429,1.689642,0.650258,0.218201,180.094369,-1.431103,1.520732,533.84943,185.315577
2024-07-27 02:47:39.847,B24-00366,5,0.4,0.073938,-1.065354,1.598521,0.202259,0.082666,0.041051,-1.584147,1.408246,0.113328,0.045897,26.43949,0.31369,1.732451,71.020727,29.560248
2024-07-27 15:35:18.360,B24-00367,50,4.9,0.07796,0.659885,2.671221,0.383139,0.078751,0.048533,-0.076418,2.278869,0.216518,0.049026,84.381928,-1.538367,1.439137,238.68242,85.23862
2024-07-28 04:23:01.373,B24-00368,50,4.9,0.085648,0.684406,2.873579,0.421149,0.086517,0.217305,-1.278101,1.714302,0.732354,0.219511,177.382788,-1.475235,1.45594,515.80602,179.183675
2024-07-28 17:10:44.386,B24-00369,46,4.5,0.085154,-0.924261,2.09886,0.326929,0.086095,0.100752,-1.165768,1.926497,0.320128,0.101865,104.020893,-1.35547,1.678577,321.98921,105.17033
2024-07-29 05:58:27.000,B24-00370,32,3.1,0.037681,-0.777339,2.277769,0.143563,0.038284,0.044946,-1.031993,1.881376,0.152985,0.045665,79.871742,-1.593806,1.419302,218.56358,81.149771
2024-07-29 18:46:08.213,B24-00371,20,1.9,0.103807,-0.155778,2.238164,0.418379,0.106504,0.19839,-1.175439,1.597784,0.62728,0.203544,154.657583,-1.29897,1.632505,479.6477,158.675332
2024-07-30 07:33:48.226,B24-00372,7,0.6,0.123599,0.704845,1.78563,0.421297,0.133503,0.137838,2.058735,2.12057,0.420343,0.148882,67.122052,0.099924,1.897093,196.696667,72.500102
2024-07-30 20:21:26.939,B24-00373,50,4.9,0.102303,-0.112804,2.24853,0.434229,0.103341,0.175066,-1.277555,1.764697,0.603505,0.176844,143.769934,-1.473276,1.483755,421.86874,145.229564
2024-07-31 09:09:09.953,B24-00374,50,4.9,0.062318,-0.904067,1.915772,0.227259,0.062951,0.044233,-0.058959,2.514177,0.209661,0.044682,82.090876,-1.587807,1.351329,221.29539,82.924307
2024-07-31 21:56:52.966,B24-00375,50,4.9,0.096854,-0.272923,2.445706,0.43953,0.097837,0.196528,-1.325959,1.680239,0.637565,0.198523,177.436407,-1.481167,1.449348,513.90273,179.237838
2024-08-01 10:44:35.979,B24-00376,34,3.3,0.079211,0.946754,2.530168,0.38248,0.080402,0.150088,-1.274931,1.878718,0.47988,0.152345,143.059559,-1.444403,1.523338,429.83239,145.210951
2024-08-01 23:32:17.392,B24-00377,21,2.0,0.03391,1.315557,2.534418,0.160467,0.034747,0.054478,-0.757086,1.80038,0.193914,0.055823,83.332299,-1.567826,1.564823,219.62729,85.390196
2024-08-02 12:19:57.505,B24-00378,9,0.8,0.118483,-1.318633,1.739717,0.335716,0.12567,0.182407,-1.371899,1.526632,0.528051,0.193472,125.062138,-0.410394,1.9336,378.4533,132.648429
2024-08-03 01:07:36.419,B24-00379,50,4.9,0.054251,-0.645994,2.262398,0.22367,0.054802,0.064124,-0.165849,2.376071,0.283252,0.064775,81.067566,-1.594549,1.361113,220.25528,81.890608
2024-08-03 13:55:19.432,B24-00380,50,4.9,0.097606,0.063155,2.705296,0.458581,0.098597,0.173611,-1.324963,1.9021,0.618128,0.175373,146.523596,-1.462499,1.478586,430.93007,148.011183
2024-08-04 02:43:02.445,B24-00381,37,3.6,0.089904,-0.966802,1.939082,0.332549,0.091144,0.154028,-1.212303,1.87509,0.519979,0.156152,162.598367,-1.507054,1.574458,475.36796,164.841209
2024-08-04 15:30:44.158,B24-00382,27,2.6,0.056828,0.254799,2.222927,0.248716,0.057911,0.08122,0.902438,2.600137,0.383014,0.082767,76.094286,-1.216822,1.729161,220.9287,77.543831
2024-08-05 04:18:24.872,B24-00383,15,1.4,0.052171,-0.827698,1.884741,0.180165,0.054003,0.19135,-1.444039,1.534259,0.575315,0.198066,153.290268,-1.447156,1.544837,443.76224,158.670502
2024-08-06 05:53:42.498,B24-00385,50,4.9,0.051921,-0.278526,2.3165,0.22366,0.052448,0.050642,-0.259231,2.665986,0.23222,0.051157,81.836827,-1.598992,1.351167,220.39964,82.66768
2024-08-06 18:41:25.511,B24-00386,50,4.9,0.074019,-0.06411,2.443416,0.318834,0.07477,0.174707,-1.348905,1.771874,0.559966,0.176481,156.978598,-1.477903,1.518693,474.98685,158.57233
2024-08-07 07:29:08.525,B24-00387,43,4.2,0.078232,2.025713,2.95977,0.442732,0.079157,0.1567,-1.499813,1.718677,0.490029,0.158555,145.744376,-1.496725,1.508725,433.01111,147.469221
2024-08-07 20:16:50.838,B24-00388,30,2.9,0.057598,1.056917,2.940543,0.281312,0.058583,0.07412,-0.615471,1.981859,0.290144,0.075388,76.906726,-1.50233,1.546074,216.71405,78.221467
2024-08-08 09:04:31.851,B24-00389,21,2.0,0.066073,-0.307751,2.026334,0.256777,0.067705,0.194224,-1.309457,1.597676,0.595796,0.199021,164.194012,-1.339808,1.593247,508.48252,168.248796
2024-08-08 21:52:11.964,B24-00390,6,0.5,0.063547,-1.637839,1.445056,0.171548,0.069613,0.145171,-1.977416,1.381837,0.391495,0.159027,41.472969,-1.527925,1.460453,114.41709,45.431361
2024-08-09 10:39:50.578,B24-00391,50,4.9,0.047074,0.311173,2.784997,0.233855,0.047552,0.055138,-0.790522,1.770524,0.194913,0.055698,81.225715,-1.595294,1.355005,219.83161,82.050363
2024-08-09 23:27:33.591,B24-00392,28,2.7,0.834904,-0.776588,1.981338,2.947969,0.850224,0.31568,-0.807092,1.867691,1.021207,0.321472,56.811376,6.061221,3.76801,301.59954,57.853873
2024-08-10 12:15:14.404,B24-00393,50,4.9,0.069996,0.316397,2.927485,0.368539,0.070706,0.09251,-1.302341,1.877471,0.336851,0.093449,105.980151,-1.434158,1.518604,320.29931,107.05612
2024-08-11 01:02:57.417,B24-00394,43,4.2,0.103476,-0.573356,1.932573,0.39598,0.1047,0.20028,-1.271003,1.733674,0.671262,0.20265,184.747824,-1.491031,1.550465,543.38926,186.934265
2024-08-11 13:50:39.731,B24-00395,29,2.8,0.101999,-0.528148,2.08631,0.387407,0.103804,0.112092,-0.986117,1.839894,0.343266,0.114076,110.64281,-1.588288,1.45484,311.4504,112.601242
2024-08-12 02:38:20.644,B24-00396,13,1.2,0.069372,0.901562,2.17352,0.2792,0.072205,0.057516,1.596384,2.488426,0.227088,0.059865,75.254168,-1.19507,1.746573,217.50631,78.327022
2024-08-13 04:13:38.070,B24-00398,50,4.9,0.08165,0.58007,2.538872,0.392823,0.082479,0.193622,-1.313707,1.695119,0.621296,0.195588,176.767521,-1.476792,1.458643,514.53584,178.562161
2024-08-13 17:01:21.084,B24-00399,50,4.9,0.073187,-0.711692,2.073293,0.302087,0.07393,0.074543,-0.835623,2.288317,0.265008,0.075299,97.07501,-1.484511,1.495174,288.38757,98.060568
2024-08-14 05:49:04.097,B24-00400,40,3.9,0.055336,-0.01827,2.477579,0.24506,0.056041,0.046904,-0.280491,2.194709,0.20395,0.047502,82.550259,-1.514234,1.525004,222.76332,83.601897
2024-08-14 18:36:46.110,B24-00401,28,2.7,0.108747,-0.302472,2.248085,0.426621,0.110743,0.216361,-1.126711,1.723055,0.723623,0.220331,180.075538,-1.556513,1.477943,507.58332,183.379952
2024-08-15 07:24:26.923,B24-00402,17,1.6,0.097874,-1.216315,1.653638,0.3193,0.100887,0.095974,-0.277382,2.174251,0.341972,0.098927,100.18778,-1.485825,1.493268,297.23302,103.271199
2024-08-15 20:12:06.637,B24-00403,4,0.3,0.041203,-2.691776,1.304159,0.106278,0.047577,0.035748,-2.794405,1.300868,0.091916,0.041278,8.76036,3.510787,1.707651,22.303106,10.115593
2024-08-16 08:59:45.050,B24-00404,50,4.9,0.084301,0.404716,2.879208,0.429733,0.085157,0.202622,-1.411123,1.610114,0.644082,0.204679,167.670908,-1.472644,1.468535,491.33247,169.373194
2024-08-16 21:47:28.063,B24-00405,50,4.9,0.071256,1.828374,2.867365,0.369333,0.071979,0.146216,-1.216224,1.810273,0.462203,0.1477,139.905101,-1.459063,1.516527,422.79415,141.325493
2024-08-17 10:35:11.076,B24-00406,39,3.8,0.025064,0.822114,3.082439,0.118607,0.025391,0.054764,0.158095,2.409515,0.220537,0.05548,80.174599,-1.562257,1.411739,221.4376,81.222677
2024-08-17 23:22:52.990,B24-00407,25,2.4,0.059438,1.521373,2.927818,0.280914,0.060664,0.143716,-1.333921,1.721446,0.424261,0.146679,140.772718,-1.471895,1.627001,416.45604,143.675554
2024-08-19 13:45:51.029,B24-00410,50,4.9,0.0801,1.210704,3.046276,0.401951,0.080914,0.134099,-1.215657,1.948265,0.443436,0.13546,137.118204,-1.461432,1.561265,420.44824,138.510302
2024-08-20 02:33:34.043,B24-00411,44,4.3,0.064313,-0.106805,2.22367,0.272524,0.065056,0.067423,0.649191,2.844765,0.343073,0.068203,82.868792,-1.614551,1.414381,221.65551,83.826845
2024-08-20 15:21:16.456,B24-00412,32,3.1,0.078915,0.269863,2.442672,0.372035,0.080177,0.201678,-1.366305,1.66608,0.663417,0.204905,163.085133,-1.551709,1.473658,475.56287,165.694661
2024-08-21 04:08:57.669,B24-00413,22,2.1,0.091533,-1.063729,1.773234,0.318175,0.093688,0.119825,-1.061156,1.85792,0.365995,0.122645,108.910214,-1.306017,1.715831,337.93274,111.473158
2024-08-21 16:56:37.882,B24-00414,7,0.6,0.044009,-1.713009,1.464262,0.120753,0.047535,0.031731,-1.893654,1.580518,0.081482,0.034273,72.133739,-1.177967,1.668344,206.872368,77.913343
2024-08-22 05:44:16.596,B24-00415,50,4.9,0.0912,0.30143,2.593285,0.438248,0.092126,0.206732,-1.340191,1.681414,0.642005,0.208831,174.170427,-1.474983,1.458927,507.73662,175.9387
2024-08-22 18:31:59.609,B24-00416,46,4.5,0.074272,-0.925341,2.07722,0.275465,0.075093,0.13949,-1.090498,1.911024,0.431481,0.141031,136.056896,-1.497016,1.551126,406.81355,137.560332
2024-08-23 07:19:42.222,B24-00417,34,3.3,0.048549,-0.408566,2.211684,0.206391,0.049279,0.047667,-0.533683,2.232686,0.188725,0.048384,84.494602,-1.613321,1.361136,225.79244,85.765269
2024-08-23 20:07:23.635,B24-00418,21,2.0,0.087814,0.644773,2.380798,0.350827,0.089983,0.203651,-1.350587,1.646381,0.62661,0.20868,162.317385,-1.344255,1.668054,482.31155,166.325825
2024-08-24 08:55:03.749,B24-00419,12,1.1,0.070307,-1.068231,1.865794,0.217393,0.073433,0.053924,0.276467,2.003,0.194799,0.056321,87.324695,-1.471824,1.627378,240.01398,91.207669
2024-08-24 21:42:42.962,B24-00420,50,4.9,0.085709,-0.119203,2.462697,0.377337,0.086579,0.21366,-1.317951,1.706133,0.696875,0.21583,173.308024,-1.488709,1.465881,506.76078,175.067542
2024-08-25 10:30:25.975,B24-00421,50,4.9,0.076557,-0.514699,2.227869,0.29942,0.077334,0.132342,-1.093492,2.003102,0.445877,0.133685,129.966962,-1.44981,1.509991,388.238,131.286457
2024-08-25 23:18:08.988,B24-00422,15,1.4,0.220132,9.324306,3.400182,1.008853,0.227858,0.102427,2.231259,2.466707,0.476478,0.106022,49.068045,-0.700755,1.859354,170.469302,50.790252
2024-08-26 12:05:48.502,B24-00423,38,3.7,0.045161,-0.517751,2.293357,0.176577,0.045767,0.058881,-0.945512,1.957906,0.218925,0.059671,80.656474,-1.552523,1.470182,220.31536,81.739159
2024-08-27 00:53:30.315,B24-00424,25,2.4,0.070866,-0.386017,2.004331,0.274284,0.072327,0.165746,-1.261764,1.616295,0.509694,0.169164,150.078006,-1.486933,1.499483,442.10726,153.172723
2024-08-27 13:41:10.828,B24-00425,13,1.2,0.058119,-1.038817,1.667776,0.191904,0.060492,0.172931,-1.784546,1.426915,0.465553,0.179993,128.558755,-1.258649,1.754424,396.4036,133.808195
2024-08-28 02:28:50.141,B24-00426,50,4.9,0.084914,-0.398574,2.329671,0.324692,0.085776,0.191788,-1.269576,1.826282,0.680368,0.193735,156.317074,-1.461104,1.52291,474.19304,157.90409
2024-08-28 15:16:33.155,B24-00427,50,4.9,0.088031,0.152133,2.347429,0.405017,0.088925,0.165395,-1.17989,1.95534,0.537237,0.167074,157.756045,-1.463132,1.503199,474.01625,159.35767
2024-08-29 04:04:16.168,B24-00428,40,3.9,0.043347,-0.56797,2.227338,0.179756,0.0439,0.054072,-0.161116,2.452151,0.253553,0.054761,80.249886,-1.575822,1.378392,220.87625,81.272219
2024-08-29 16:51:58.181,B24-00429,28,2.7,0.105292,-0.610305,2.161703,0.401747,0.107224,0.178497,-1.457682,1.598698,0.537964,0.181772,144.091242,-1.535671,1.481262,407.63336,146.735339
2024-08-30 05:39:38.994,B24-00430,15,1.4,0.102142,0.363709,2.182415,0.404392,0.105727,0.167712,-1.119001,1.728282,0.530186,0.173598,162.277767,-1.333494,1.70135,504.62205,167.973447
2024-08-30 18:27:18.508,B24-00431,14,1.3,0.070101,-1.429715,1.562612,0.214111,0.072747,0.12553,-0.201177,2.154135,0.454834,0.130268,141.965869,-1.245416,1.630453,414.16983,147.324945
2024-08-31 20:02:36.034,B24-00433,50,4.9,0.060853,-0.865034,2.317226,0.237987,0.061471,0.121797,-1.117327,2.060061,0.406095,0.123034,133.990566,-1.45499,1.510024,402.22149,135.350912
2024-09-01 08:50:19.047,B24-00434,50,4.9,0.040691,-0.583124,2.083575,0.165871,0.041104,0.060789,-0.762377,2.002312,0.239645,0.061406,81.406311,-1.589601,1.359436,220.87767,82.232792
2024-09-01 21:38:02.061,B24-00435,38,3.7,0.083878,-1.083522,2.019959,0.308559,0.085004,0.202347,-1.3032,1.68895,0.679504,0.205063,158.022683,-1.403058,1.612534,483.70677,160.143887
2024-09-02 10:25:43.874,B24-00436,23,2.2,0.079702,-0.607778,1.7719,0.282242,0.081493,0.175687,-1.011928,1.854427,0.606502,0.179635,169.900558,-1.237526,1.801011,511.58565,173.719024
2024-09-02 23:13:24.187,B24-00437,10,0.9,0.048964,-0.580086,1.690325,0.147627,0.051612,0.06017,0.249192,1.988472,0.221582,0.063425,67.883783,-0.015273,2.066077,205.580732,71.55579
2024-09-03 12:01:03.200,B24-00438,50,4.9,0.117634,-0.088286,2.656594,0.577757,0.118829,0.191967,-1.14923,1.905044,0.705424,0.193916,178.814056,-1.475893,1.494051,531.06768,180.629474
2024-09-04 00:48:46.214,B24-00439,49,4.8,0.068869,-1.020193,1.888075,0.241677,0.069583,0.091112,-1.189654,1.961951,0.303393,0.092056,100.149517,-1.44765,1.497881,296.67274,101.187364
2024-09-04 13:36:29.127,B24-00440,36,3.5,0.069157,-0.49423,2.307862,0.281959,0.070138,0.067424,-0.954711,1.891146,0.244265,0.06838,92.320336,-1.482145,1.53349,273.89673,93.62991
2024-09-05 02:24:10.740,B24-00441,24,2.3,0.095332,1.653376,2.788189,0.475032,0.097382,0.188137,-1.256354,1.716323,0.592288,0.192184,172.32011,-1.156803,1.810063,517.10039,176.026343
2024-09-05 15:11:51.153,B24-00442,11,1.0,0.080836,-0.623325,1.830303,0.268335,0.084781,0.090966,-0.459325,1.899044,0.270026,0.095406,96.437084,-0.818003,1.886853,290.54133,101.144067
2024-09-06 03:59:30.267,B24-00443,50,4.9,0.081814,0.849833,2.842721,0.400237,0.082645,0.182082,-1.217676,1.744782,0.617289,0.18393,173.181237,-1.471092,1.469789,507.47949,174.939467
2024-09-06 16:47:13.280,B24-00444,50,4.9,0.076029,-0.500898,2.070547,0.296423,0.076801,0.121121,-1.129849,1.916378,0.39699,0.122351,122.127926,-1.460749,1.523008,368.77339,123.367836
2024-09-07 05:34:56.293,B24-00445,39,3.8,0.062334,-0.50518,2.316348,0.269469,0.063149,0.058598,0.463014,2.598172,0.264894,0.059364,80.228716,-1.56672,1.408602,222.16371,81.277502
2024-09-07 18:22:38.206,B24-00446,28,2.7,0.08274,-0.197472,2.319687,0.34112,0.084259,0.210399,-1.305488,1.665841,0.688519,0.21426,170.816663,-1.563715,1.465613,478.49172,173.951176
2024-09-08 07:10:19.020,B24-00447,25,2.4,0.044118,-0.390127,2.155855,0.17895,0.045028,0.039957,-0.232029,2.32992,0.171014,0.040781,83.820241,-1.615281,1.375226,227.00455,85.548676
2024-09-08 19:57:59.533,B24-00448,11,1.0,0.065818,0.721813,2.122161,0.25722,0.069031,0.220677,-1.49925,1.525282,0.65346,0.231448,162.11025,-1.085969,1.788737,472.95004,170.022664
2024-09-09 08:45:38.646,B24-00449,50,4.9,0.03939,-0.379835,2.408985,0.169891,0.03979,0.062161,-0.42314,2.381724,0.286216,0.062792,81.237159,-1.589511,1.355582,220.12344,82.061923
2024-09-09 21:33:21.659,B24-00450,49,4.8,0.057645,-0.647173,2.138315,0.232991,0.058242,0.107779,-1.201311,1.840775,0.335546,0.108896,111.632321,-1.429786,1.569189,342.96457,112.789164
2024-09-10 10:21:04.573,B24-00451,35,3.4,0.100262,0.087533,2.216652,0.425327,0.101726,0.196671,-1.235135,1.720308,0.634772,0.199542,170.395017,-1.418339,1.492791,508.71975,172.882667
2024-09-10 23:08:46.086,B24-00452,50,4.9,0.347406,2.484063,3.264883,1.858296,0.350933,0.226636,2.216376,3.060828,1.077617,0.228937,125.506834,-1.12107,1.830119,426.769306,126.781047
2024-09-11 11:56:29.099,B24-00453,22,2.1,0.054058,-0.431228,2.102037,0.209536,0.05533,0.059599,2.204239,2.928441,0.281583,0.061002,83.934703,-1.43239,1.619621,224.35501,85.909907
2024-09-12 00:44:09.312,B24-00454,10,0.9,0.109732,-1.165841,1.719312,0.34095,0.115667,0.078661,0.502095,2.09232,0.249795,0.082916,73.608989,-0.277993,2.007738,226.537256,77.590687
2024-09-12 13:31:48.326,B24-00455,50,4.9,0.078015,-0.678126,2.031623,0.315962,0.078807,0.122414,-1.360452,1.740996,0.369185,0.123657,129.35084,-1.448673,1.53426,392.22757,130.66408
2024-09-14 03:54:55.665,B24-00458,17,1.6,0.073887,-0.661365,1.96884,0.273739,0.076161,0.142462,-1.235831,1.798114,0.406231,0.146847,130.559497,-1.478032,1.523283,396.42732,134.57765
2024-09-14 16:42:35.379,B24-00459,4,0.3,0.026782,-0.452968,1.504703,0.070822,0.030925,0.032625,3.336972,1.702908,0.082198,0.037672,6.325006,3.343125,1.704182,15.804651,7.303488
2024-09-15 05:30:13.792,B24-00460,50,4.9,0.067717,-0.238795,2.435456,0.287408,0.068405,0.065531,0.159779,2.903856,0.320832,0.066196,82.07161,-1.600315,1.352699,221.53392,82.904846
2024-09-15 18:17:56.805,B24-00461,50,4.9,0.085011,-0.389064,2.297617,0.360716,0.085874,0.211419,-1.333793,1.705336,0.677677,0.213566,173.096348,-1.473119,1.461656,505.23978,174.853717
2024-09-16 07:05:39.818,B24-00462,44,4.3,0.08788,-0.079181,2.155728,0.37493,0.088896,0.157816,-0.994576,2.015353,0.494503,0.159641,141.392904,-1.480414,1.560562,430.47064,143.027559
2024-09-16 19:53:22.232,B24-00463,31,3.0,0.039431,-0.758006,1.95099,0.146366,0.040082,0.057519,-0.646518,2.100109,0.235274,0.058469,81.95304,-1.551051,1.440763,222.92212,83.307728
2024-09-17 08:41:03.345,B24-00464,21,2.0,0.083794,0.532602,2.544268,0.348193,0.085863,0.210595,-1.326935,1.613802,0.620411,0.215795,160.826688,-1.312964,1.643044,495.60636,164.798316
2024-09-17 21:28:43.458,B24-00465,7,0.6,0.03838,-0.245997,1.72217,0.117041,0.041455,0.114955,-0.717803,1.762316,0.304142,0.124166,58.365766,0.937147,1.979356,185.085792,63.042233
2024-09-18 10:16:22.171,B24-00466,50,4.9,0.088978,-0.434794,2.347599,0.40404,0.089881,0.142085,-1.114196,1.938412,0.476769,0.143527,133.583077,-1.462986,1.496394,399.26664,134.939285
2024-09-18 23:04:05.184,B24-00467,48,4.7,0.086605,0.114669,2.237185,0.385307,0.087521,0.196609,-1.285275,1.854369,0.646171,0.198689,168.32097,-1.520892,1.473818,495.68528,170.102194
2024-09-19 11:51:47.998,B24-00468,37,3.6,0.034565,-0.308961,2.508877,0.154518,0.035042,0.059692,-0.482227,2.254931,0.233605,0.060515,81.301869,-1.581127,1.449774,219.8092,82.423327
2024-09-20 00:39:29.711,B24-00469,24,2.3,0.101499,-1.206355,1.734476,0.351577,0.103682,0.146183,-1.111314,1.758941,0.510795,0.149327,117.685426,-1.241285,1.75189,355.97841,120.216585
2024-09-20 13:27:10.124,B24-00470,11,1.0,0.114098,-0.636907,1.610344,0.36561,0.119667,0.202067,-1.414526,1.570998,0.589018,0.21193,183.873537,-1.634302,1.550503,501.18595,192.848192
2024-09-21 02:14:49.237,B24-00471,50,4.9,0.076213,-0.69197,2.202456,0.327621,0.076987,0.071607,-1.073006,2.031658,0.260205,0.072334,94.142575,-1.48005,1.499837,278.97767,95.098361
2024-09-21 15:02:32.251,B24-00472,50,4.9,0.109032,-0.14497,2.388154,0.491835,0.110139,0.198587,-1.175497,1.845241,0.681162,0.200603,179.093782,-1.476328,1.49678,533.66691,180.91204
2024-09-22 03:50:15.264,B24-00473,39,3.8,0.058125,-0.546448,2.205961,0.24321,0.058885,0.04827,-0.635471,2.2332,0.193482,0.048901,87.53872,-1.470196,1.518126,254.59507,88.683066
2024-09-22 16:37:57.177,B24-00474,27,2.6,0.079494,-0.353182,2.344331,0.334467,0.081008,0.070373,-1.379452,1.95266,0.231164,0.071713,93.890257,-1.52856,1.597653,274.10582,95.678804
2024-09-23 05:25:37.890,B24-00475,18,1.7,0.08244,2.452078,2.774227,0.38885,0.08483,0.167633,-1.463328,1.640609,0.516029,0.172493,160.066327,-1.568575,1.548406,468.81741,164.706891
2024-09-23 18:13:17.704,B24-00476,5,0.4,0.025853,2.999511,1.85629,0.078156,0.028904,0.063821,0.172588,1.636849,0.187704,0.071355,62.081521,-1.396429,1.400531,173.731582,69.409251
2024-09-24 07:00:56.217,B24-00477,50,4.9,0.115623,0.621256,2.873275,0.607956,0.116797,0.203913,-1.374453,1.698516,0.622227,0.205984,176.420478,-1.465346,1.489608,520.66404,178.211595
2024-09-24 19:48:39.230,B24-00478,48,4.7,0.049745,-0.734256,2.012154,0.192529,0.050271,0.060016,-0.936089,2.133662,0.246854,0.060651,86.625394,-1.52295,1.45189,244.25307,87.542091
2024-09-25 08:36:22.043,B24-00479,34,3.3,0.082632,-1.158257,1.842115,0.274556,0.083875,0.069053,-1.050233,1.816299,0.2459,0.070092,91.996765,-1.520116,1.450233,265.68106,93.380253
2024-09-25 21:24:03.457,B24-00480,34,3.3,0.038315,-0.452609,2.116055,0.155007,0.038891,0.05681,-0.823441,2.14538,0.224011,0.057664,83.919523,-1.611928,1.353761,225.35339,85.181541
2024-09-26 10:11:44.870,B24-00481,50,4.9,0.218643,3.491024,2.960967,1.28214,0.220863,0.19409,2.650048,3.517937,1.16361,0.19606,110.238442,0.238322,2.784329,507.831631,111.357643
2024-09-26 22:59:27.883,B24-00482,20,1.9,0.071181,-0.663458,1.968982,0.256595,0.07303,0.073438,-0.954005,1.827889,0.249784,0.075346,87.372737,-1.360282,1.607972,263.14035,89.642536
2024-09-27 11:47:07.896,B24-00483,8,0.7,0.121656,-1.366987,1.667251,0.359819,0.130056,0.202968,-1.492557,1.561061,0.561101,0.216982,167.138045,-1.468627,1.619214,464.91927,178.678085
2024-09-28 00:34:46.710,B24-00484,50,4.9,0.055697,0.152887,2.598137,0.26721,0.056262,0.046748,-0.396213,2.758941,0.21276,0.047222,85.221916,-1.56296,1.386666,235.01054,86.087135
2024-09-28 13:22:29.723,B24-00485,49,4.8,0.088687,0.706186,2.538685,0.427042,0.089606,0.203917,-1.357006,1.665347,0.648692,0.20603,164.592459,-1.462028,1.479436,482.97029,166.298126
2024-09-29 02:10:12.636,B24-00486,36,3.5,0.074473,-0.992375,1.988971,0.26226,0.07553,0.112481,-0.695921,2.152982,0.380913,0.114077,131.694286,-1.487142,1.573481,391.89761,133.562384
2024-09-29 14:57:54.249,B24-00487,37,3.6,0.110068,-0.651541,2.054943,0.426201,0.111586,0.206038,-1.36798,1.625182,0.660919,0.20888,170.366723,-1.376928,1.532538,515.6557,172.71672
2024-09-30 03:45:35.963,B24-00488,24,2.3,0.091302,-1.146086,1.817953,0.305085,0.093265,0.100258,-1.267887,1.879272,0.321434,0.102414,104.239308,-1.455168,1.536901,313.82851,106.48127
2024-09-30 16:33:16.376,B24-00489,11,1.0,0.071572,-1.268153,1.73485,0.201486,0.075066,0.050282,-0.192557,1.814644,0.170935,0.052736,97.056393,-1.316803,1.658773,266.46415,101.793604
2024-10-01 05:20:55.489,B24-00490,50,4.9,0.028782,0.207333,2.77567,0.140235,0.029074,0.040702,1.208645,3.28418,0.215201,0.041115,85.520858,-1.626108,1.35324,230.94442,86.389113
2024-10-01 18:08:38.502,B24-00491,50,4.9,0.037938,-1.026545,1.845663,0.137874,0.038323,0.051231,-0.315108,2.518006,0.217835,0.051751,86.073557,-1.627222,1.351088,232.5466,86.947423
2024-10-02 06:56:21.516,B24-00492,39,3.8,0.048644,-1.332519,1.722463,0.157549,0.04928,0.049923,-0.083835,2.458952,0.218676,0.050575,85.858987,-1.583251,1.487085,231.67696,86.981374
2024-10-02 19:44:03.429,B24-00493,27,2.6,0.039681,-0.996202,1.801985,0.127372,0.040437,0.033702,0.684987,2.67245,0.141587,0.034344,88.090056,-1.694845,1.366302,231.41327,89.768112
2024-10-03 08:31:44.142,B24-00494,14,1.3,0.049879,-1.476715,1.648945,0.151158,0.051762,0.061811,-0.372462,2.056941,0.217847,0.064145,88.945584,-1.717197,1.414252,229.98812,92.303195
2024-10-03 21:19:23.555,B24-00495,50,4.9,0.042482,-0.711405,1.969768,0.161432,0.042913,0.04997,-0.417816,2.203098,0.207447,0.050477,85.491263,-1.62598,1.356622,231.93087,86.359217
2024-10-04 10:07:06.569,B24-00496,50,4.9,0.040187,-1.221948,1.994773,0.143959,0.040595,0.055601,-0.578014,2.183491,0.227655,0.056166,84.917269,-1.626287,1.355937,230.06621,85.779396
2024-10-04 22:54:49.582,B24-00497,50,4.9,0.047675,-0.80707,2.215166,0.201929,0.048159,0.052399,-1.066103,1.988932,0.203405,0.052931,84.982692,-1.626568,1.356023,230.43611,85.845483
2024-10-05 11:42:32.595,B24-00498,50,4.9,0.03863,-0.491705,2.223257,0.153315,0.039022,0.045391,0.090728,2.825624,0.204053,0.045852,84.987888,-1.629279,1.352953,229.91409,85.850731
2024-10-06 00:30:15.608,B24-00499,41,4.0,0.040247,-0.762027,1.853344,0.145379,0.040747,0.044085,-0.269288,2.265022,0.193471,0.044633,85.263911,-1.561224,1.514724,232.65674,86.323131
2024-10-06 13:17:57.722,B24-00500,50,4.9,0.030964,-0.242491,2.59462,0.129427,0.031279,0.038908,0.241308,2.391518,0.169606,0.039303,85.96283,-1.631421,1.350936,231.92873,86.835572
2024-10-07 02:05:40.735,B24-00501,44,4.3,0.046025,-1.009042,1.832519,0.165928,0.046557,0.054704,-0.351699,2.203143,0.2219,0.055336,83.61353,-1.539221,1.529703,231.46918,84.580193
2024-10-07 14:53:23.148,B24-00502,44,4.3,0.029285,-0.74825,2.239611,0.125749,0.029624,0.039348,-0.8799,2.134844,0.153189,0.039803,83.659336,-1.534942,1.53668,232.30353,84.626528
2024-10-09 05:16:30.288,B24-00505,35,3.4,0.041598,-0.656479,2.130657,0.157788,0.042205,0.043216,0.721929,2.607096,0.191052,0.043847,86.549361,-1.666784,1.394305,231.79713,87.812923
2024-10-09 18:04:11.801,B24-00506,23,2.2,0.03297,-0.702144,1.952424,0.124284,0.033711,0.037061,-0.130852,2.363116,0.152838,0.037894,85.483242,-1.388189,1.657493,232.11506,87.404454
2024-10-10 06:51:52.114,B24-00507,21,2.0,0.035755,-0.519454,1.928472,0.136557,0.036638,0.030385,-1.009752,1.804033,0.104654,0.031135,83.660509,-1.511166,1.570074,230.49453,85.726512
2024-10-10 19:39:32.228,B24-00508,8,0.7,0.027617,0.686122,2.067074,0.087636,0.029524,0.028172,-1.276749,1.615108,0.085604,0.030117,32.043506,-0.241879,1.911332,94.550386,34.255949
2024-10-11 08:27:11.041,B24-00509,50,4.9,0.043863,0.028069,2.461362,0.214146,0.044308,0.049164,0.998933,2.764608,0.244969,0.049663,84.863322,-1.629396,1.35946,230.26136,85.724901
2024-10-11 21:14:54.054,B24-00510,50,4.9,0.047619,-0.857829,1.989053,0.180767,0.048103,0.037762,2.616824,3.681779,0.203133,0.038145,85.282859,-1.628044,1.353248,230.71721,86.148697
2024-10-12 10:02:37.067,B24-00511,36,3.5,0.371143,0.720157,2.321013,1.65968,0.376408,0.263668,1.448476,2.670223,1.128576,0.267408,118.0351,-1.2676,1.711581,394.582796,119.709441
2024-10-12 22:50:18.681,B24-00512,39,3.8,0.036256,-0.507304,2.251938,0.1537,0.03673,0.044936,0.604762,2.818814,0.219776,0.045524,84.128185,-1.57644,1.472247,230.92022,85.227947
2024-10-13 11:38:00.594,B24-00513,27,2.6,0.041791,-1.181042,1.77472,0.138612,0.042587,0.045407,-0.653004,2.040417,0.175181,0.046272,82.057448,-1.48895,1.626139,230.25313,83.620587
2024-10-14 00:25:41.307,B24-00514,15,1.4,0.032364,-0.900088,2.050413,0.107675,0.033499,0.040073,-0.420789,2.046229,0.137193,0.041479,80.832803,-1.634599,1.503153,224.9141,83.6699
2024-10-14 13:13:20.820,B24-00515,13,1.2,0.038079,-0.476415,1.803973,0.131074,0.039634,0.042138,0.006265,2.131347,0.154609,0.043858,74.25807,-1.222587,1.824276,222.39413,77.29025
2024-10-15 02:01:00.134,B24-00516,50,4.9,0.039958,-1.025529,1.892415,0.140372,0.040364,0.043109,0.453339,2.952714,0.228712,0.043547,86.447062,-1.629069,1.352443,233.68052,87.32472
2024-10-15 14:48:43.147,B24-00517,50,4.9,0.029579,-0.433769,2.190023,0.126838,0.029879,0.038536,-0.542375,2.328442,0.171242,0.038927,85.959124,-1.617664,1.362676,234.21744,86.831828
2024-10-16 03:36:26.160,B24-00518,50,4.9,0.049335,-0.836707,2.121746,0.189748,0.049836,0.046947,-0.563014,2.3816,0.221956,0.047424,85.920405,-1.630102,1.353247,232.27456,86.792715
2024-10-16 16:24:09.173,B24-00519,37,3.6,0.046491,-0.112808,2.293991,0.191882,0.047132,0.040566,-0.78827,2.218833,0.15647,0.041126,87.90271,-1.648773,1.450693,233.3788,89.115219
2024-10-17 05:11:50.887,B24-00520,24,2.3,0.029973,-0.247188,2.139805,0.11888,0.030618,0.045408,0.113063,2.200281,0.195889,0.046385,84.31856,-1.640246,1.432105,231.88963,86.13207
2024-10-17 17:59:31.300,B24-00521,11,1.0,0.038539,-1.391115,1.595408,0.110138,0.04042,0.052489,-0.932746,1.831641,0.166518,0.055051,80.777748,-1.331623,1.707969,221.9781,84.720417
2024-10-18 06:47:10.413,B24-00522,13,1.2,0.044789,-0.841241,1.826128,0.14766,0.046618,0.052311,-0.451088,1.89728,0.185467,0.054447,90.958706,-1.773032,1.426409,231.8615,94.672823
2024-10-18 19:34:49.726,B24-00523,50,4.9,0.037356,-1.004365,1.976036,0.140519,0.037735,0.04406,-0.294155,2.461103,0.21041,0.044507,85.941593,-1.630369,1.351456,232.18909,86.814119
2024-10-19 08:22:32.740,B24-00524,50,4.9,0.041234,-1.250238,1.770538,0.137727,0.041653,0.04549,-0.743079,2.40734,0.182334,0.045952,86.604995,-1.628929,1.35097,233.9485,87.484256
2024-10-19 21:10:15.753,B24-00525,38,3.7,0.034793,-0.732371,2.140715,0.13641,0.03526,0.042255,-0.370804,2.138832,0.179268,0.042822,86.910694,-1.62644,1.475292,231.99394,88.077333
2024-10-20 09:57:57.566,B24-00526,27,2.6,0.035806,-1.063407,1.876106,0.13121,0.036488,0.051141,-0.061589,2.182533,0.196423,0.052115,87.759169,-1.671298,1.423041,232.20542,89.430922
2024-10-20 22:45:38.279,B24-00527,13,1.2,0.045696,-0.324553,1.943399,0.167086,0.047562,0.043378,-0.857876,1.580093,0.136728,0.045149,92.809153,-1.953862,1.31607,230.95622,96.598829
2024-10-21 11:33:17.593,B24-00528,50,4.9,0.039196,-0.895399,2.171453,0.152668,0.039594,0.044757,0.077015,2.703082,0.2099,0.045211,86.770221,-1.626596,1.351177,234.34046,87.65116
2024-10-22 00:21:00.606,B24-00529,50,4.9,0.048865,-1.120722,1.835262,0.174488,0.049362,0.046915,-0.753901,2.082984,0.192586,0.047392,86.418059,-1.633106,1.348855,233.07469,87.295422
2024-10-22 13:08:43.619,B24-00530,38,3.7,0.03037,-0.151181,2.56903,0.132106,0.030778,0.034657,0.456672,2.783145,0.166973,0.035122,88.310037,-1.635909,1.472794,233.9634,89.49546
2024-10-23 01:56:25.432,B24-00531,26,2.5,0.039692,-0.634808,2.108515,0.154609,0.040478,0.056519,-0.535482,2.168682,0.199943,0.057639,81.373447,-1.203956,1.74889,234.27203,82.984959
2024-10-23 14:44:06.046,B24-00532,13,1.2,0.042417,-0.912042,1.725316,0.128871,0.044149,0.037193,-0.938985,1.683225,0.121025,0.038712,77.742915,-1.054125,1.819148,229.70524,80.917392
2024-10-24 03:31:45.359,B24-00533,50,4.9,0.038495,-1.118884,1.892008,0.133038,0.038885,0.036409,-0.301072,2.706452,0.157697,0.036778,85.871063,-1.631064,1.3504,231.75624,86.742873
2024-10-24 16:19:28.372,B24-00534,50,4.9,0.041825,-0.477531,2.099341,0.170265,0.042249,0.041444,-0.091458,2.745035,0.183299,0.041865,86.328283,-1.627197,1.356479,233.97436,87.204734
2024-10-25 05:07:11.385,B24-00535,40,3.9,0.033154,-0.890068,2.012934,0.126623,0.033577,0.041035,-0.421359,2.110308,0.15697,0.041558,85.584323,-1.553133,1.514412,232.81148,86.674613
2024-10-25 17:54:53.399,B24-00536,25,2.4,0.033712,-0.912824,2.210114,0.127656,0.034408,0.034196,0.22517,2.382278,0.152327,0.034901,83.869509,-1.528648,1.591124,231.69687,85.598959
2024-10-26 06:42:33.912,B24-00537,13,1.2,0.047876,-0.666698,1.788452,0.168607,0.049831,0.037752,-0.924525,1.883373,0.11762,0.039293,82.960065,-1.25719,1.65981,229.9861,86.347574
2024-10-26 19:30:13.225,B24-00538,50,4.9,0.04764,-0.592543,2.269254,0.216075,0.048124,0.054033,-0.526443,2.509433,0.243584,0.054581,85.460832,-1.629318,1.356697,231.60544,86.328477
2024-10-27 08:17:56.238,B24-00539,50,4.9,0.039317,-0.818022,2.340688,0.167914,0.039716,0.031557,-0.360113,2.353354,0.144153,0.031877,86.125795,-1.630489,1.349373,232.27742,87.000191
2024-10-27 21:05:39.252,B24-00540,24,2.3,0.665682,2.790063,2.728802,3.305939,0.679999,0.206125,1.170678,2.777981,0.883121,0.210559,87.914323,-0.911314,1.814177,307.560003,89.80517
2024-10-28 09:53:19.665,B24-00541,39,3.8,0.027852,-0.503267,2.250542,0.124761,0.028217,0.041741,-0.614442,2.019496,0.167563,0.042287,85.246281,-1.560911,1.490487,233.53901,86.360659
2024-10-28 22:41:01.578,B24-00542,25,2.4,0.052535,-1.225872,1.725961,0.17366,0.053618,0.050448,-1.164853,1.751865,0.171945,0.051488,81.895862,-1.230542,1.733897,231.48659,83.584614
2024-10-29 11:28:42.091,B24-00543,11,1.0,0.040448,-1.35685,1.613453,0.125806,0.042422,0.033242,-1.603648,1.501743,0.090906,0.034864,58.869286,-0.755131,1.959536,180.855894,61.742628
2024-10-30 00:16:21.205,B24-00544,50,4.9,0.039624,-0.142685,2.316739,0.17006,0.040026,0.03259,-0.087133,2.743483,0.156811,0.03292,86.263667,-1.624055,1.358193,234.10406,87.139462
2024-10-30 13:04:04.218,B24-00545,50,4.9,0.034213,-0.957029,2.031434,0.134468,0.034561,0.044151,-0.974177,1.994907,0.162453,0.0446,86.161645,-1.630141,1.354011,232.94809,87.036405
2024-10-31 01:51:47.231,B24-00546,49,4.8,0.045535,-0.814435,1.995236,0.175522,0.046007,0.049255,-0.994703,2.069802,0.181561,0.049765,85.827973,-1.610753,1.38529,233.7723,86.717406
2024-10-31 14:39:30.144,B24-00547,36,3.5,0.034392,-0.099424,2.031217,0.137579,0.03488,0.043663,-0.195225,2.607781,0.190871,0.044282,86.408446,-1.645314,1.425614,232.52347,87.634159
2024-11-01 03:27:11.758,B24-00548,25,2.4,0.045955,-0.921105,1.944167,0.168914,0.046902,0.051658,-0.506032,2.132538,0.189361,0.052723,84.419457,-1.588228,1.562815,232.60072,86.160247
2024-11-01 16:14:52.271,B24-00549,11,1.0,0.025712,-0.543269,1.858989,0.087681,0.026967,0.048678,1.889284,2.446206,0.171718,0.051054,57.204347,-1.143976,1.785035,166.822812,59.996425
2024-11-02 17:50:09.497,B24-00551,50,4.9,0.03743,-1.123603,1.902899,0.141167,0.03781,0.042992,-0.696679,2.442504,0.179961,0.043428,85.151971,-1.62993,1.357466,230.68491,86.016481
2024-11-04 08:13:17.337,B24-00554,25,2.4,0.02949,-0.963301,1.869373,0.102486,0.030098,0.050414,-1.03221,1.703548,0.164588,0.051454,83.566613,-1.446623,1.649533,232.57294,85.289817
2024-11-04 21:00:57.850,B24-00555,10,0.9,0.033721,1.321614,2.155877,0.129109,0.035545,0.035539,-1.591883,1.536066,0.102781,0.037462,69.88892,-0.547067,1.927047,203.391572,73.66939
2024-11-12 01:35:56.026,B24-00558,35,3.4,0.037232,-1.079746,1.857236,0.137022,0.037776,0.042403,0.190921,2.687155,0.198172,0.043022,85.78259,-1.623434,1.406801,234.70929,87.034957
2024-11-12 14:23:37.540,B24-00559,23,2.2,0.034072,-1.495168,1.592889,0.104632,0.034838,0.044899,-1.04792,1.779334,0.147082,0.045908,83.227158,-1.619966,1.455345,232.26967,85.097665
2024-11-13 03:11:17.853,B24-00560,10,0.9,0.032692,-1.325783,1.708891,0.096548,0.034461,0.049043,-0.416396,1.881691,0.150806,0.051696,75.01308,-1.02831,1.802838,209.294826,79.070729
2024-11-13 15:58:56.866,B24-00561,8,0.7,0.029498,-0.397355,1.782716,0.096264,0.031535,0.049814,-0.896068,1.656432,0.1584,0.053254,63.309913,0.123063,1.992772,184.595965,67.681144
2024-11-14 04:46:35.679,B24-00562,50,4.9,0.027324,-0.562908,2.378698,0.119039,0.027601,0.039497,-0.10657,2.719217,0.182209,0.039898,86.124544,-1.629737,1.354742,232.95119,86.998928
2024-11-14 17:34:18.693,B24-00563,50,4.9,0.036509,-0.378478,2.456851,0.17241,0.03688,0.042655,-0.8437,1.978838,0.16754,0.043088,86.035131,-1.628927,1.356355,233.06027,86.908607
2024-11-15 06:22:01.706,B24-00564,36,3.5,0.039049,-0.686699,2.298695,0.160683,0.039603,0.040921,-0.492857,2.167598,0.159933,0.041502,87.40609,-1.663398,1.421452,232.54612,88.645954
2024-11-15 19:09:43.319,B24-00565,22,2.1,0.029434,-1.106298,1.908048,0.09304,0.030127,0.052004,-0.881223,2.059138,0.180483,0.053228,86.323629,-1.464214,1.618464,233.27783,88.355051
2024-11-16 07:57:23.532,B24-00566,7,0.6,0.020914,-1.507678,1.409323,0.054813,0.022589,0.041737,-0.731664,1.665084,0.130823,0.045082,50.015475,0.621942,1.981328,142.029656,54.022887
2024-11-16 20:45:02.246,B24-00567,8,0.7,0.016917,0.280116,1.993383,0.055018,0.018085,0.033629,-0.610481,1.813446,0.10756,0.035951,75.683134,-0.799978,1.816468,213.472745,80.908674
2024-11-17 09:32:41.059,B24-00568,50,4.9,0.030234,-0.30199,2.687294,0.137466,0.030541,0.038026,-0.635607,2.029091,0.152429,0.038412,86.073207,-1.629359,1.353769,232.7036,86.947069
2024-11-17 22:20:24.072,B24-00569,49,4.8,0.04797,-1.126417,1.998553,0.18171,0.048467,0.053946,0.314862,2.752497,0.237578,0.054505,85.37412,-1.612464,1.38387,232.3437,86.25885
2024-11-18 11:08:06.985,B24-00570,10,0.9,0.026272,-1.08743,1.759564,0.081084,0.027693,0.064116,-0.130885,1.999974,0.21269,0.067584,59.590941,2.609834,2.330536,241.994888,62.814367
2024-11-18 23:55:45.999,B24-00571,46,4.5,0.030104,1.394034,3.035391,0.168448,0.030436,0.041451,-0.45029,2.245442,0.169004,0.041909,83.219248,-1.56132,1.474135,230.58429,84.138826
2024-11-19 12:43:28.612,B24-00572,45,4.4,0.038794,-0.699895,2.255276,0.162931,0.039232,0.04092,0.031063,2.437114,0.195356,0.041382,86.856082,-1.660141,1.392474,231.84111,87.837538
2024-11-20 01:31:11.125,B24-00573,31,3.0,0.02583,-1.112164,1.887228,0.095583,0.026257,0.040552,-0.589211,2.258152,0.152463,0.041222,88.955919,-1.734034,1.332013,232.59702,90.426364
2024-11-20 14:18:52.238,B24-00574,17,1.6,0.047694,-0.097434,2.20108,0.17517,0.049161,0.05262,-1.253511,1.759621,0.159195,0.05424,86.690052,-1.728804,1.354257,231.26056,89.35806
2024-11-21 15:54:10.265,B24-00576,50,4.9,0.033817,-0.41473,2.467277,0.153178,0.03416,0.045805,-0.64941,2.059047,0.18482,0.04627,85.983254,-1.624563,1.354541,232.93176,86.856202
2024-11-22 04:41:53.278,B24-00577,50,4.9,0.036526,-0.58531,2.149346,0.155767,0.036897,0.039534,-0.530057,2.269433,0.165973,0.039935,86.083252,-1.627808,1.354065,232.91233,86.957216
2024-11-22 17:29:36.291,B24-00578,45,4.4,0.029185,-0.923362,1.972941,0.113192,0.029515,0.044321,-0.605151,2.243321,0.187068,0.044821,83.058221,-1.520945,1.534323,232.69036,83.996762
2024-11-23 06:17:18.805,B24-00579,30,2.9,0.043997,-1.105003,1.817314,0.15462,0.044749,0.053207,-0.469991,2.309605,0.222921,0.054116,84.732795,-1.577633,1.465443,230.31094,86.181324
2024-11-23 19:04:59.818,B24-00580,19,1.8,0.039214,-1.166248,1.694855,0.127441,0.040288,0.033973,-0.484068,1.932382,0.127441,0.034904,85.791503,-1.684533,1.477039,229.62763,88.142391
2024-11-24 07:52:39.731,B24-00581,5,0.4,0.070598,1.547051,1.755332,0.211296,0.078931,0.142234,-3.033524,1.28476,0.336669,0.159023,83.505983,-1.288923,1.522975,230.848339,93.362527
2024-11-24 20:40:18.244,B24-00582,50,4.9,0.061403,-0.975397,2.05674,0.235512,0.062027,0.044589,-0.063861,2.419335,0.192143,0.045041,87.652127,-1.547913,1.421327,247.96024,88.542019
2024-11-25 09:28:01.258,B24-00583,50,4.9,0.060279,-0.472062,2.215959,0.263158,0.060891,0.05087,0.031579,2.503937,0.222218,0.051386,82.511625,-1.592193,1.374497,225.90294,83.349328
2024-11-25 22:15:44.271,B24-00584,44,4.3,0.063785,-0.239471,2.624012,0.301429,0.064522,0.125405,-1.145018,2.046985,0.447012,0.126855,131.915166,-1.298888,1.675965,405.3946,133.440247
2024-11-26 11:03:26.684,B24-00585,30,2.9,0.059134,1.869071,2.734656,0.308389,0.060145,0.147535,-1.360216,1.744485,0.46604,0.150057,145.208254,-1.366598,1.701033,453.56994,147.690626
2024-11-26 23:51:07.697,B24-00586,18,1.7,0.072971,-1.377652,1.693174,0.228996,0.075086,0.049695,0.316994,2.333492,0.2084,0.051136,83.528664,-1.666332,1.411109,223.85493,85.950286
2024-11-27 12:38:47.511,B24-00587,4,0.3,0.063342,-4.088508,1.314976,0.151691,0.073141,0.131783,-2.151117,1.461602,0.314668,0.15217,71.259389,-1.022212,1.38784,191.646715,82.283255
2024-11-29 03:01:51.950,B24-00590,44,4.3,0.115566,-0.317151,2.569729,0.495025,0.116902,0.122616,-0.155362,2.801031,0.537044,0.124034,121.395934,-1.369533,1.650686,367.24644,122.799402
2024-11-29 15:49:34.364,B24-00591,42,4.1,0.050882,0.329502,2.530785,0.230721,0.051499,0.052297,-0.812817,2.339801,0.210103,0.052931,80.948011,-1.555918,1.491675,220.84608,81.929235
2024-11-30 04:37:16.577,B24-00592,30,2.9,0.066518,0.669467,2.739688,0.294708,0.067655,0.172038,-1.295551,1.764765,0.587509,0.174979,152.358533,-1.35021,1.729096,482.14835,154.963141
2024-11-30 17:24:57.590,B24-00593,20,1.9,0.086841,-0.630745,1.994065,0.322898,0.089097,0.094833,-0.167042,2.019557,0.29615,0.097297,117.542579,-1.467036,1.649338,344.45481,120.596142
2024-12-01 06:12:37.603,B24-00594,8,0.7,0.043877,-0.744541,1.521923,0.131562,0.046906,0.055365,-1.69225,1.593263,0.154734,0.059188,80.9509,-1.890931,1.404032,213.7281,86.540152
2024-12-01 19:00:16.417,B24-00595,50,4.9,0.074056,-0.923579,2.157158,0.282333,0.074808,0.110748,-1.107265,1.967411,0.344436,0.111872,121.753801,-1.469555,1.512829,364.88811,122.989912
2024-12-02 07:47:59.430,B24-00596,50,4.9,0.095728,0.248088,2.744018,0.474146,0.0967,0.17603,-1.249096,1.74405,0.591198,0.177818,181.423953,-1.492034,1.466292,528.81175,183.265867
2024-12-02 20:35:42.443,B24-00597,49,4.8,0.070273,-0.365976,2.238645,0.298773,0.071002,0.100747,-0.784043,1.932953,0.337272,0.101791,107.509256,-1.427216,1.560032,328.46133,108.623372
2024-12-03 09:23:25.356,B24-00598,35,3.4,0.057412,-0.529981,2.163978,0.216337,0.05825,0.057026,-0.647716,2.299323,0.236466,0.057858,82.097063,-1.621291,1.40085,222.90543,83.295624
2024-12-03 22:11:06.870,B24-00599,15,1.4,0.02144,-0.492637,1.986158,0.074142,0.022193,0.021034,-0.201519,2.070181,0.074014,0.021773,34.619898,0.712645,2.274923,143.05116,35.834999
2024-12-04 10:58:46.383,B24-00600,35,3.4,0.103722,-0.763871,1.870786,0.387612,0.105236,0.097691,-1.083071,1.909809,0.30563,0.099117,104.616634,-1.435857,1.529772,315.79224,106.143965
2024-12-04 23:46:27.896,B24-00601,24,2.3,0.062561,-0.226938,2.28129,0.245934,0.063907,0.06918,-0.378428,2.052874,0.263861,0.070668,91.122902,-1.348552,1.696111,271.817,93.082758
2024-12-05 12:34:08.309,B24-00602,10,0.9,0.085258,0.31146,2.004265,0.308843,0.08987,0.184914,-1.74581,1.501731,0.504698,0.194917,178.005727,-1.738802,1.490771,482.44172,187.634511
2024-12-06 01:21:47.323,B24-00603,50,4.9,0.060239,-0.49145,2.319311,0.273693,0.060851,0.059646,-0.338632,2.279337,0.253019,0.060252,92.608085,-1.518901,1.459336,265.95035,93.548292
2024-12-06 14:09:30.336,B24-00604,50,4.9,0.078386,-0.69977,2.073246,0.323103,0.079182,0.05418,0.050194,2.579811,0.255301,0.05473,82.239369,-1.592422,1.355699,222.68167,83.074308
2024-12-07 02:57:13.349,B24-00605,37,3.6,0.076463,-0.255251,2.241142,0.333525,0.077518,0.186173,-1.379736,1.789183,0.612724,0.188741,162.972223,-1.379151,1.553822,493.8311,165.220222
2024-12-07 15:44:55.062,B24-00606,25,2.4,0.075493,-0.430064,2.05562,0.287601,0.07705,0.093562,-1.302407,1.776542,0.28072,0.095491,100.365858,-1.221948,1.798644,304.48858,102.435475
2024-12-08 04:32:35.576,B24-00607,11,1.0,0.075129,0.315437,1.827851,0.273682,0.078796,0.050967,0.12333,2.111512,0.176702,0.053455,63.78351,-8.8e-05,2.130975,202.350645,66.896709
2024-12-08 17:20:14.689,B24-00608,50,4.9,0.075953,-0.584094,2.207934,0.33055,0.076725,0.172969,-1.32574,1.66847,0.570513,0.174725,181.452848,-1.483867,1.44787,525.01709,183.295056
2024-12-09 06:07:57.702,B24-00609,50,4.9,0.075477,-0.775898,2.112065,0.287374,0.076243,0.101243,-0.712728,2.297074,0.367698,0.102271,115.37506,-1.461846,1.51107,346.16725,116.546411
2024-12-09 18:55:40.715,B24-00610,42,4.1,0.063849,-0.888753,1.912316,0.238748,0.064623,0.039986,-0.385504,2.626123,0.177894,0.040471,82.450929,-1.439854,1.557561,227.02148,83.450371
2024-12-10 07:43:22.929,B24-00611,29,2.8,0.071153,1.381612,2.987612,0.334888,0.072413,0.18851,-1.42467,1.577323,0.574919,0.191847,180.100598,-1.607391,1.403641,501.67423,183.288466
2024-12-10 20:31:03.842,B24-00612,18,1.7,0.103482,-0.884226,1.817304,0.370821,0.106482,0.088359,-1.108464,1.699093,0.268698,0.09092,99.515747,-1.434415,1.527722,297.68029,102.400859
2024-12-11 09:18:43.655,B24-00613,6,0.5,0.048966,1.198084,1.885905,0.151668,0.05364,0.032356,0.741172,1.863545,0.096968,0.035444,48.238343,-0.377457,1.761962,135.186685,52.842457
2024-12-11 22:06:22.268,B24-00614,50,4.9,0.093053,-0.698156,2.33067,0.398432,0.093997,0.097839,-0.726187,2.186038,0.336885,0.098832,112.370684,-1.477062,1.474491,330.42113,113.511533
2024-12-12 10:54:05.282,B24-00615,46,4.5,0.074692,-0.021971,2.466686,0.345616,0.075518,0.056376,-0.331814,2.254615,0.242312,0.056999,81.487569,-1.541421,1.510335,229.07725,82.388011
2024-12-12 23:41:47.895,B24-00616,35,3.4,0.092955,-0.644425,2.019654,0.372024,0.094313,0.190302,-1.392331,1.680133,0.582831,0.19308,180.818399,-1.522449,1.502489,520.12152,183.458223
2024-12-13 12:29:29.408,B24-00617,22,2.1,0.067913,-1.373465,1.753184,0.212783,0.069511,0.091257,-1.264554,1.749923,0.253904,0.093405,99.248723,-1.361494,1.579481,298.56816,101.584307
2024-12-14 01:17:09.621,B24-00618,8,0.7,0.050657,-0.661569,1.731903,0.163975,0.054155,0.044915,-0.327144,1.813719,0.144641,0.048016,79.80396,-1.895004,1.443821,212.954905,85.314022
2024-12-14 14:04:48.435,B24-00619,50,4.9,0.071099,-0.201535,2.65667,0.306777,0.071821,0.133084,-1.182344,1.926306,0.439814,0.134435,148.155697,-1.466702,1.456027,430.00119,149.659855
2024-12-15 02:52:31.448,B24-00620,44,4.3,0.067207,-0.654921,2.196814,0.260637,0.067984,0.044096,-0.157621,2.211652,0.180868,0.044606,84.382604,-1.634968,1.34923,227.44516,85.358158
