MEAS_DT,SEG_ID,SESS_ID,EQP_CD,SEG_NO,T0_S,FS_HZ,N,VIB-MDE_RMS,VIB-MDE_KUR,VIB-MDE_CRF,VIB-MDE_1X,VIB-MDE_2X,VIB-MDE_3X,VIB-MDE_R21,VIB-MDE_NSY,VIB-MDE_HF,VIB-MNDE_RMS,VIB-MNDE_KUR,VIB-MNDE_CRF,VIB-MNDE_1X,VIB-MNDE_2X,VIB-MNDE_3X,VIB-MNDE_R21,VIB-MNDE_NSY,VIB-MNDE_HF,VIB-FDE_RMS,VIB-FDE_KUR,VIB-FDE_CRF,VIB-FDE_1X,VIB-FDE_2X,VIB-FDE_3X,VIB-FDE_R21,VIB-FDE_NSY,VIB-FDE_HF,VIB-FNDE_RMS,VIB-FNDE_KUR,VIB-FNDE_CRF,VIB-FNDE_1X,VIB-FNDE_2X,VIB-FNDE_3X,VIB-FNDE_R21,VIB-FNDE_NSY,VIB-FNDE_HF
2024-01-15 00:00:00.000,V24-SP1-03-000,V24-SP1-03,P1-SP1-EXF01,0,0.0,1400.6,2801,0.328131,-0.043546,4.206709,0.023744,0.025009,0.009936,1.053292,0.79122,0.067947,0.320376,0.165161,3.889279,0.010538,0.017421,0.00594,1.653273,0.789072,0.076878,0.373658,-0.017828,3.334085,0.01234,0.014751,0.008571,1.195425,0.87504,0.074584,0.406069,-0.024764,3.181433,0.006303,0.007446,0.002815,1.181286,0.80271,0.075377
2024-01-15 00:00:01.999,V24-SP1-03-001,V24-SP1-03,P1-SP1-EXF01,1,1.9999,1400.6,2801,0.319634,0.790323,5.026254,0.015306,0.05982,0.008461,3.908236,0.784445,0.068683,0.329965,0.513575,4.188226,0.011856,0.006469,0.007978,0.545647,0.814036,0.067183,0.391605,0.221997,3.872319,0.034492,0.035466,0.005143,1.028241,0.756678,0.068565,0.423635,-0.112251,3.78524,0.016481,0.008404,0.002607,0.509937,0.830319,0.072895
2024-01-15 00:00:03.999,V24-SP1-03-002,V24-SP1-03,P1-SP1-EXF01,2,3.9998,1400.6,2801,0.330657,0.146145,4.045692,0.016551,0.0522,0.005624,3.153946,0.817454,0.071121,0.315043,0.374373,4.395539,0.050026,0.006902,0.007195,0.137966,0.853594,0.067835,0.398415,0.09838,3.464107,0.021874,0.084669,0.003997,3.870677,0.784235,0.068848,0.393466,-0.100267,3.689259,0.083857,0.015005,0.006776,0.178931,0.7678,0.075987
2024-01-15 00:00:05.999,V24-SP1-03-003,V24-SP1-03,P1-SP1-EXF01,3,5.9997,1400.6,2801,0.343776,0.417116,3.758261,0.030483,0.020015,0.007663,0.656602,0.789177,0.063345,0.347694,0.420852,3.718482,0.032806,0.015352,0.012627,0.467962,0.824589,0.073526,0.368794,0.031239,3.743137,0.028587,0.093986,0.009135,3.287681,0.683276,0.061043,0.363862,-0.057867,3.544443,0.059658,0.026565,0.010748,0.445298,0.706612,0.071702
2024-01-15 00:00:07.999,V24-SP1-03-004,V24-SP1-03,P1-SP1-EXF01,4,7.9997,1400.6,2801,0.324346,0.604699,4.257907,0.032377,0.02442,0.007941,0.754233,0.740215,0.073927,0.346177,0.53315,3.864937,0.032289,0.014755,0.010656,0.45696,0.766435,0.06677,0.391659,0.211969,3.761336,0.032896,0.098601,0.008464,2.997331,0.704664,0.067445,0.350686,-0.052769,3.685556,0.047722,0.020912,0.010011,0.438211,0.767693,0.062018
2024-01-15 00:00:09.999,V24-SP1-03-005,V24-SP1-03,P1-SP1-EXF01,5,9.9996,1400.6,2801,0.313608,0.332805,4.328392,0.036178,0.01237,0.007558,0.341919,0.704437,0.07364,0.35137,0.228494,3.483963,0.029291,0.012199,0.012582,0.416463,0.79158,0.071645,0.397939,-0.015909,3.350496,0.022831,0.098806,0.003215,4.327649,0.725505,0.062247,0.369898,0.156285,3.857801,0.043598,0.023797,0.007082,0.545837,0.707673,0.084074
2024-01-15 00:00:11.999,V24-SP1-03-006,V24-SP1-03,P1-SP1-EXF01,6,11.9995,1400.6,2801,0.304909,0.513008,4.235625,0.032903,0.017436,0.005224,0.52992,0.743219,0.071022,0.343207,0.361513,4.028113,0.037414,0.023233,0.013881,0.62099,0.819516,0.076898,0.365219,0.252881,3.5912,0.018879,0.097905,0.008061,5.185929,0.722655,0.055418,0.375757,0.008828,3.440352,0.065717,0.012724,0.007324,0.193621,0.820027,0.06758
2024-01-15 00:00:13.999,V24-SP1-03-007,V24-SP1-03,P1-SP1-EXF01,7,13.9994,1400.6,2801,0.32307,0.405791,4.275104,0.029743,0.034419,0.008075,1.157246,0.771034,0.076559,0.378303,0.334449,4.126729,0.051616,0.016718,0.011302,0.323899,0.739784,0.08835,0.378822,0.203301,4.182546,0.030075,0.100648,0.011118,3.346527,0.677267,0.063216,0.37776,0.205208,3.777449,0.057093,0.007119,0.007321,0.124683,0.800154,0.084648
2024-01-15 00:00:15.999,V24-SP1-03-008,V24-SP1-03,P1-SP1-EXF01,8,15.9993,1400.6,2801,0.309773,0.465106,3.737238,0.022142,0.052292,0.00421,2.361709,0.792384,0.068837,0.357123,0.234379,3.873992,0.034038,0.019435,0.008855,0.570969,0.814775,0.071298,0.378208,0.475362,4.18975,0.033761,0.105641,0.009539,3.129132,0.654487,0.061727,0.365319,0.524634,3.898559,0.038665,0.007231,0.013784,0.187013,0.781739,0.054262
2024-01-15 00:00:17.999,V24-SP1-03-009,V24-SP1-03,P1-SP1-EXF01,9,17.9992,1400.6,2801,0.310338,0.410264,3.65798,0.019851,0.057364,0.010785,2.88966,0.729202,0.058377,0.354771,0.352075,4.082035,0.065403,0.006698,0.014924,0.102416,0.780735,0.073582,0.40114,-0.011399,3.277433,0.019862,0.102393,0.011161,5.155181,0.747748,0.062036,0.345662,-0.098008,3.478885,0.044854,0.009119,0.012648,0.203316,0.684493,0.064652
2024-01-15 00:00:19.999,V24-SP1-03-010,V24-SP1-03,P1-SP1-EXF01,10,19.9991,1400.6,2801,0.33325,0.141165,3.474667,0.018132,0.066742,0.00648,3.680931,0.803528,0.070749,0.363659,0.21931,4.159187,0.040477,0.014879,0.014682,0.367598,0.795077,0.073767,0.382162,-0.086872,3.369976,0.026967,0.099559,0.009271,3.691832,0.580634,0.06662,0.334346,0.033383,3.600738,0.061268,0.012235,0.011026,0.1997,0.719894,0.06411
2024-01-15 00:00:21.999,V24-SP1-03-011,V24-SP1-03,P1-SP1-EXF01,11,21.9991,1400.6,2801,0.323942,0.75565,4.120129,0.029935,0.031448,0.010054,1.050528,0.753358,0.065544,0.370725,0.728384,4.702797,0.053482,0.01231,0.014393,0.230171,0.796989,0.076851,0.374686,0.05242,3.7432,0.028841,0.116572,0.018059,4.041846,0.617966,0.060163,0.360684,-0.034712,3.698655,0.065036,0.014208,0.011987,0.218458,0.763129,0.075632
2024-01-15 00:00:23.999,V24-SP1-03-012,V24-SP1-03,P1-SP1-EXF01,12,23.999,1400.6,2801,0.331032,0.420824,4.446654,0.016588,0.054441,0.007687,3.28189,0.834276,0.06618,0.352798,0.468367,4.158732,0.036037,0.028063,0.005844,0.778732,0.865208,0.069945,0.40203,0.145607,4.04554,0.026005,0.114938,0.01282,4.419839,0.67217,0.061504,0.362611,0.270405,3.686898,0.063905,0.021249,0.00988,0.332514,0.774946,0.061858
2024-01-15 00:00:25.998,V24-SP1-03-013,V24-SP1-03,P1-SP1-EXF01,13,25.9989,1400.6,2801,0.319875,0.245927,4.04025,0.035418,0.015613,0.004764,0.440811,0.705792,0.07422,0.388509,0.474122,3.782708,0.032427,0.021263,0.010712,0.655717,0.757445,0.073372,0.392231,0.101793,3.525742,0.022048,0.106141,0.005388,4.814152,0.694986,0.057815,0.349192,-0.073712,3.384552,0.042764,0.024962,0.009204,0.58372,0.66381,0.056827
2024-01-15 00:00:27.998,V24-SP1-03-014,V24-SP1-03,P1-SP1-EXF01,14,27.9988,1400.6,2801,0.335309,0.442468,3.855094,0.032214,0.032787,0.005252,1.017777,0.726539,0.064876,0.371152,0.335039,3.844422,0.043743,0.024273,0.009093,0.554911,0.859029,0.078634,0.400785,0.078764,3.844028,0.01938,0.113378,0.015266,5.850162,0.653712,0.059339,0.336362,-0.016153,3.574377,0.058901,0.019753,0.009252,0.335352,0.706862,0.061195
2024-01-15 00:00:29.998,V24-SP1-03-015,V24-SP1-03,P1-SP1-EXF01,15,29.9987,1400.6,2801,0.343744,0.486281,4.2817,0.018538,0.059485,0.015754,3.20888,0.759248,0.06631,0.342716,0.178415,4.159717,0.033594,0.020972,0.014721,0.624271,0.810739,0.076895,0.407457,0.176779,3.506485,0.0318,0.125168,0.010584,3.936108,0.643338,0.072611,0.355908,0.27458,3.880997,0.05974,0.025546,0.007081,0.427619,0.788197,0.059517
2024-01-15 00:00:31.998,V24-SP1-03-016,V24-SP1-03,P1-SP1-EXF01,16,31.9986,1400.6,2801,0.344763,0.329735,4.132009,0.018565,0.043937,0.003826,2.36665,0.837081,0.078168,0.337058,0.521059,4.032417,0.062908,0.015276,0.009314,0.242833,0.825467,0.071081,0.425302,-0.0567,3.568821,0.023382,0.11556,0.014302,4.942288,0.63586,0.065526,0.346181,0.138626,3.990765,0.039737,0.018789,0.008711,0.472838,0.696676,0.053225
2024-01-15 00:00:33.998,V24-SP1-03-017,V24-SP1-03,P1-SP1-EXF01,17,33.9985,1400.6,2801,0.319678,0.129059,3.201996,0.017625,0.056884,0.002763,3.227422,0.80339,0.078049,0.357675,1.485452,5.498943,0.032415,0.031248,0.011784,0.964005,0.762935,0.074969,0.413376,0.129261,3.561214,0.024085,0.122368,0.019906,5.080694,0.608381,0.069614,0.334117,0.058199,3.731314,0.044652,0.016484,0.010256,0.369159,0.796319,0.069878
2024-01-15 00:00:35.998,V24-SP1-03-018,V24-SP1-03,P1-SP1-EXF01,18,35.9985,1400.6,2801,0.346157,0.226301,3.474647,0.030926,0.037602,0.003652,1.215875,0.773997,0.06492,0.382053,0.242455,3.493139,0.054803,0.03196,0.010537,0.58317,0.799383,0.076839,0.437545,-0.044692,3.462873,0.027565,0.132281,0.011258,4.798945,0.598168,0.076297,0.350685,-0.181395,3.558883,0.060773,0.0165,0.005346,0.271506,0.778048,0.060988
2024-01-15 00:00:37.998,V24-SP1-03-019,V24-SP1-03,P1-SP1-EXF01,19,37.9984,1400.6,2801,0.327386,0.23699,3.530526,0.017357,0.062498,0.003994,3.600744,0.826681,0.07159,0.343657,0.519432,4.15719,0.029776,0.030434,0.007963,1.022096,0.737968,0.066703,0.424331,0.163578,3.894735,0.035447,0.119789,0.015251,3.379352,0.603157,0.066838,0.35023,-0.017472,3.560369,0.05218,0.018444,0.004566,0.353466,0.78315,0.060025
2024-01-15 00:00:39.998,V24-SP1-03-020,V24-SP1-03,P1-SP1-EXF01,20,39.9983,1400.6,2801,0.358834,1.1745,5.227209,0.01696,0.058363,0.009729,3.441269,0.808819,0.066001,0.347758,0.300618,4.2355,0.031113,0.028573,0.010102,0.918372,0.856476,0.078573,0.39832,0.164703,3.46323,0.021107,0.117284,0.01458,5.556698,0.686444,0.057012,0.341285,-0.040507,3.782063,0.069446,0.016118,0.007197,0.232088,0.791726,0.059386
2024-01-15 00:00:41.998,V24-SP1-03-021,V24-SP1-03,P1-SP1-EXF01,21,41.9982,1400.6,2801,0.323327,0.668945,5.245295,0.020691,0.056236,0.004787,2.717809,0.760612,0.069598,0.330189,0.326516,4.047227,0.030319,0.018161,0.011152,0.598979,0.743201,0.063455,0.367507,0.035448,3.639186,0.021424,0.113091,0.013349,5.278637,0.640144,0.064717,0.335597,-0.005911,4.381508,0.047872,0.020159,0.007921,0.421097,0.733107,0.05194
2024-01-15 00:00:43.998,V24-SP1-03-022,V24-SP1-03,P1-SP1-EXF01,22,43.9981,1400.6,2801,0.354433,1.231648,4.783612,0.019787,0.068581,0.008536,3.465906,0.806981,0.075158,0.359323,0.589248,4.711883,0.033005,0.025571,0.018938,0.774762,0.773658,0.067302,0.390307,-0.048367,3.247618,0.037261,0.115165,0.014185,3.09076,0.557974,0.056141,0.362153,-0.015361,3.57631,0.040524,0.023238,0.014147,0.573443,0.687531,0.056655
2024-01-15 00:00:45.998,V24-SP1-03-023,V24-SP1-03,P1-SP1-EXF01,23,45.998,1400.6,2801,0.314762,0.832343,3.821354,0.019539,0.065182,0.008219,3.335995,0.790404,0.072281,0.354749,0.483724,4.14889,0.033259,0.042267,0.008983,1.270826,0.852751,0.077945,0.383474,-0.002371,3.300675,0.020605,0.115252,0.012502,5.593389,0.633742,0.061388,0.369362,-0.08295,3.49665,0.06025,0.032478,0.00913,0.539058,0.730789,0.069615
2024-01-15 00:00:47.997,V24-SP1-03-024,V24-SP1-03,P1-SP1-EXF01,24,47.9979,1400.6,2801,0.325433,1.40062,5.902785,0.017565,0.055435,0.007702,3.156071,0.777834,0.069472,0.366221,0.515008,4.137635,0.03015,0.01217,0.009515,0.403656,0.846293,0.067652,0.355574,0.182886,3.94284,0.024345,0.113338,0.009663,4.655465,0.6116,0.061889,0.372061,0.028353,3.464148,0.064541,0.033615,0.006745,0.520839,0.697124,0.07185
2024-01-15 00:00:49.997,V24-SP1-03-025,V24-SP1-03,P1-SP1-EXF01,25,49.9979,1400.6,2801,0.321231,1.251816,5.982345,0.019392,0.064397,0.007262,3.320761,0.765122,0.07453,0.340282,0.437576,4.054597,0.059174,0.01092,0.009784,0.184542,0.797021,0.070855,0.367905,-0.023104,3.757932,0.03528,0.126789,0.012077,3.593834,0.596889,0.056729,0.35066,0.075318,3.807605,0.048223,0.031173,0.005919,0.646426,0.749919,0.064914
2024-01-15 00:00:51.997,V24-SP1-03-026,V24-SP1-03,P1-SP1-EXF01,26,51.9978,1400.6,2801,0.335348,0.370623,3.453449,0.019796,0.061984,0.009551,3.131115,0.822484,0.069608,0.342544,0.873312,3.904247,0.032429,0.024962,0.008703,0.769743,0.821462,0.068575,0.351518,-0.045437,3.29271,0.02876,0.108337,0.010429,3.766964,0.639356,0.058237,0.364424,0.032898,4.156249,0.057811,0.037216,0.007314,0.643753,0.790888,0.062565
2024-01-15 00:00:53.997,V24-SP1-03-027,V24-SP1-03,P1-SP1-EXF01,27,53.9977,1400.6,2801,0.331242,0.734163,5.258605,0.033733,0.019113,0.005384,0.56659,0.7881,0.071896,0.378991,0.109311,3.640042,0.031029,0.018376,0.01439,0.592202,0.804545,0.083052,0.34798,-0.074989,3.720098,0.025721,0.102574,0.011026,3.988034,0.675513,0.082875,0.369308,-0.1725,3.379313,0.041435,0.032813,0.011151,0.791911,0.801239,0.06285
2024-01-15 00:00:55.997,V24-SP1-03-028,V24-SP1-03,P1-SP1-EXF01,28,55.9976,1400.6,2801,0.342703,1.656706,5.467667,0.036644,0.017142,0.007418,0.467798,0.682731,0.062209,0.350612,0.083952,3.304889,0.06347,0.010535,0.01063,0.165977,0.779259,0.074652,0.350668,0.086005,3.808132,0.031407,0.115488,0.017892,3.677166,0.621728,0.057022,0.337274,0.050855,3.228091,0.041442,0.040014,0.012102,0.965557,0.721121,0.062235
2024-01-15 00:00:57.997,V24-SP1-03-029,V24-SP1-03,P1-SP1-EXF01,29,57.9975,1400.6,2801,0.312592,0.301398,3.847858,0.031216,0.020378,0.004829,0.6528,0.760042,0.069617,0.356756,0.617674,3.870907,0.059369,0.020665,0.003403,0.348081,0.847614,0.08184,0.359797,0.271969,3.465363,0.025175,0.097621,0.011271,3.877786,0.672362,0.060512,0.36367,-0.102532,3.670779,0.040812,0.039188,0.009047,0.960218,0.759671,0.060303
2024-01-15 00:00:59.997,V24-SP1-03-030,V24-SP1-03,P1-SP1-EXF01,30,59.9974,1400.6,2801,0.334252,1.141937,4.806175,0.026006,0.036286,0.008428,1.395271,0.765611,0.064019,0.378487,0.153233,4.24883,0.047,0.024135,0.00767,0.513511,0.801271,0.084166,0.344639,-0.056026,3.491232,0.034636,0.090766,0.008256,2.620549,0.64028,0.0666,0.360436,-0.016764,3.577621,0.055291,0.027554,0.008327,0.498341,0.807566,0.069538
2024-01-15 00:01:01.997,V24-SP1-03-031,V24-SP1-03,P1-SP1-EXF01,31,61.9973,1400.6,2801,0.31409,0.422623,3.684175,0.036193,0.015893,0.006146,0.439132,0.704824,0.056173,0.38234,0.275147,3.95782,0.036029,0.023811,0.010435,0.660891,0.758834,0.070154,0.342424,-0.11291,3.443448,0.030119,0.105162,0.012962,3.491584,0.648372,0.06125,0.344385,-0.095835,3.494599,0.041118,0.03543,0.015023,0.861681,0.702878,0.059476
2024-01-15 00:01:03.997,V24-SP1-03-032,V24-SP1-03,P1-SP1-EXF01,32,63.9972,1400.6,2801,0.323018,0.49864,4.282575,0.018331,0.051652,0.007427,2.817776,0.826482,0.064293,0.346762,0.428682,3.781075,0.029704,0.028084,0.007761,0.945464,0.823871,0.074519,0.358849,-0.058437,3.225711,0.034167,0.099286,0.011876,2.905906,0.678886,0.065841,0.393112,0.035508,3.230302,0.066964,0.038171,0.007348,0.570025,0.792606,0.066933
2024-01-15 00:01:05.997,V24-SP1-03-033,V24-SP1-03,P1-SP1-EXF01,33,65.9972,1400.6,2801,0.32634,0.283574,3.824295,0.019872,0.0651,0.009598,3.275978,0.807685,0.066081,0.360485,0.337023,3.957005,0.044182,0.019391,0.010889,0.438887,0.794483,0.075302,0.329228,0.276793,3.917858,0.030866,0.096558,0.008724,3.128286,0.651243,0.063893,0.37382,-0.054715,3.746812,0.052843,0.044559,0.012194,0.843238,0.788167,0.074363
2024-01-15 00:01:07.997,V24-SP1-03-034,V24-SP1-03,P1-SP1-EXF01,34,67.9971,1400.6,2801,0.317997,0.274907,3.501514,0.019768,0.059939,0.008753,3.032182,0.821006,0.063001,0.340833,0.333035,3.716529,0.058685,0.017574,0.01013,0.299461,0.801637,0.085301,0.330471,0.289474,3.911294,0.03092,0.088542,0.006681,2.863637,0.690434,0.054114,0.361905,-0.138002,3.567309,0.05177,0.044158,0.013201,0.852965,0.770169,0.059313
2024-01-15 00:01:09.997,V24-SP1-03-035,V24-SP1-03,P1-SP1-EXF01,35,69.997,1400.6,2801,0.315729,0.165945,3.593136,0.019769,0.055568,0.005197,2.810861,0.832019,0.047035,0.349064,0.268041,3.314985,0.03247,0.031179,0.011347,0.960251,0.867621,0.081738,0.349359,0.154235,3.571422,0.022975,0.100255,0.01306,4.363638,0.671785,0.061933,0.363598,-0.241472,3.236477,0.04643,0.040994,0.012537,0.882931,0.778172,0.068846
2024-01-15 00:01:11.996,V24-SP1-03-036,V24-SP1-03,P1-SP1-EXF01,36,71.9969,1400.6,2801,0.299483,0.410251,3.710611,0.035275,0.015574,0.002668,0.441492,0.706344,0.059329,0.36752,0.32016,3.76451,0.071208,0.009742,0.009728,0.136816,0.739866,0.072755,0.335897,-0.010592,3.313104,0.019907,0.089542,0.009829,4.49798,0.699734,0.057212,0.335856,0.1896,3.917762,0.04125,0.040375,0.007051,0.978781,0.774685,0.07062
2024-01-15 00:01:13.996,V24-SP1-03-037,V24-SP1-03,P1-SP1-EXF01,37,73.9968,1400.6,2801,0.327852,1.163734,5.442153,0.030978,0.039238,0.01125,1.266641,0.732885,0.058045,0.323257,0.619672,4.26611,0.04796,0.028023,0.003218,0.584299,0.804844,0.071878,0.333992,0.027927,3.4615,0.028197,0.078794,0.013922,2.794388,0.692793,0.0757,0.346695,0.180935,3.529088,0.062098,0.037233,0.006833,0.599582,0.787254,0.068266
2024-01-15 00:01:15.996,V24-SP1-03-038,V24-SP1-03,P1-SP1-EXF01,38,75.9967,1400.6,2801,0.322231,0.86928,5.533703,0.033529,0.017695,0.006543,0.527759,0.757161,0.064208,0.334884,0.522309,4.253783,0.041906,0.008451,0.0078,0.201656,0.774713,0.069074,0.352216,-0.079404,3.15422,0.031594,0.08469,0.010831,2.680563,0.723121,0.061556,0.360355,0.10001,3.704919,0.0425,0.047702,0.012027,1.122398,0.760582,0.063802
2024-01-15 00:01:17.996,V24-SP1-03-039,V24-SP1-03,P1-SP1-EXF01,39,77.9966,1400.6,2801,0.306154,0.215486,3.782699,0.035555,0.010322,0.004203,0.2903,0.71238,0.056227,0.30966,0.384202,4.454498,0.033486,0.022688,0.00431,0.677525,0.842376,0.063825,0.341378,0.029473,3.387698,0.022764,0.081024,0.009655,3.559281,0.715149,0.055121,0.357639,0.153356,3.735172,0.069974,0.044988,0.009434,0.642924,0.758274,0.064839
2024-01-15 00:01:19.996,V24-SP1-03-040,V24-SP1-03,P1-SP1-EXF01,40,79.9966,1400.6,2801,0.322493,0.097271,3.310795,0.03374,0.009913,0.009846,0.293821,0.714563,0.059841,0.338265,0.600805,3.949167,0.033116,0.024648,0.003277,0.744304,0.825576,0.072416,0.347137,0.115212,3.653648,0.020044,0.082489,0.008928,4.115321,0.667218,0.061706,0.373769,-0.045311,3.329627,0.041914,0.042115,0.00496,1.00478,0.794415,0.079249
2024-01-15 00:01:21.996,V24-SP1-03-041,V24-SP1-03,P1-SP1-EXF01,41,81.9965,1400.6,2801,0.321407,0.365555,3.604129,0.026353,0.030991,0.005787,1.176004,0.78242,0.069488,0.365108,0.220194,3.775361,0.033895,0.02261,0.01041,0.66706,0.755364,0.089466,0.341293,-0.057371,3.380202,0.030457,0.094179,0.012996,3.092168,0.699031,0.061465,0.393084,-0.145678,3.220612,0.060607,0.045125,0.008289,0.744553,0.834625,0.061705
2024-01-15 00:01:23.996,V24-SP1-03-042,V24-SP1-03,P1-SP1-EXF01,42,83.9964,1400.6,2801,0.313354,0.342232,3.543749,0.01755,0.060965,0.006051,3.47385,0.78946,0.060312,0.304211,0.689339,4.394281,0.041236,0.032696,0.006457,0.79292,0.75991,0.07611,0.341208,-0.151889,4.046543,0.024492,0.089994,0.00584,3.674414,0.681505,0.064827,0.337543,-0.036931,3.298271,0.06629,0.051229,0.010156,0.7728,0.713764,0.063438
2024-01-15 00:01:25.996,V24-SP1-03-043,V24-SP1-03,P1-SP1-EXF01,43,85.9963,1400.6,2801,0.328231,0.423014,4.071875,0.017482,0.063447,0.008486,3.629314,0.810355,0.073041,0.327341,0.462423,3.66755,0.032906,0.03719,0.005301,1.130175,0.794272,0.075813,0.339953,0.189928,4.260947,0.032788,0.099813,0.014004,3.04418,0.684285,0.071161,0.388872,0.058367,3.840809,0.065623,0.052324,0.010985,0.797349,0.756719,0.065571
2024-01-15 00:01:27.996,V24-SP1-03-044,V24-SP1-03,P1-SP1-EXF01,44,87.9962,1400.6,2801,0.338501,0.289315,4.211773,0.022268,0.047263,0.016526,2.122494,0.751844,0.085305,0.327659,0.592727,3.869886,0.033185,0.037335,0.010094,1.12508,0.806426,0.070577,0.360402,0.147506,3.520968,0.030196,0.097866,0.020527,3.241035,0.683901,0.060524,0.369786,-0.006435,3.374508,0.064979,0.046154,0.012618,0.710287,0.782028,0.066819
2024-01-15 00:01:29.996,V24-SP1-03-045,V24-SP1-03,P1-SP1-EXF01,45,89.9961,1400.6,2801,0.301614,0.171044,3.386703,0.029931,0.034586,0.006089,1.155522,0.757891,0.061742,0.341013,0.527749,3.913755,0.050438,0.023905,0.006439,0.473956,0.782201,0.064292,0.351636,0.038272,3.673043,0.029869,0.098251,0.00868,3.289363,0.707686,0.052717,0.320658,0.014037,3.394457,0.056194,0.045091,0.012105,0.802409,0.701449,0.058794
2024-01-15 00:01:31.996,V24-SP1-03-046,V24-SP1-03,P1-SP1-EXF01,46,91.996,1400.6,2801,0.32156,0.109899,3.877657,0.033834,0.023578,0.006675,0.696892,0.732917,0.073807,0.332934,0.396751,3.884647,0.037976,0.028371,0.003983,0.747088,0.822348,0.06468,0.356029,-0.171912,3.118819,0.033505,0.094134,0.004661,2.80956,0.691511,0.064323,0.34945,-0.072905,3.441151,0.042008,0.037352,0.006609,0.889149,0.782947,0.06405
2024-01-15 00:01:33.996,V24-SP1-03-047,V24-SP1-03,P1-SP1-EXF01,47,93.996,1400.6,2801,0.334872,0.146541,3.589076,0.019476,0.054982,0.007327,2.823036,0.833168,0.080929,0.362532,0.370462,3.554776,0.068143,0.007193,0.005972,0.105557,0.835608,0.06831,0.337234,0.075547,3.494141,0.023385,0.09778,0.007967,4.181374,0.672089,0.067619,0.367595,-0.040922,3.508828,0.043482,0.038815,0.008065,0.892669,0.817566,0.064297
2024-01-15 00:01:35.995,V24-SP1-03-048,V24-SP1-03,P1-SP1-EXF01,48,95.9959,1400.6,2801,0.333072,0.111419,3.409415,0.019868,0.067599,0.004868,3.402402,0.804103,0.067631,0.343249,0.92068,4.681328,0.033484,0.023291,0.007053,0.695595,0.805265,0.064735,0.365304,-0.008904,3.48253,0.032208,0.098325,0.009416,3.052814,0.68919,0.067768,0.317024,0.023133,3.369268,0.041176,0.036107,0.013479,0.876895,0.698088,0.059178
2024-01-15 00:01:37.995,V24-SP1-03-049,V24-SP1-03,P1-SP1-EXF01,49,97.9958,1400.6,2801,0.320288,0.119607,4.173835,0.031739,0.028928,0.006345,0.911431,0.774835,0.069716,0.349214,0.21083,3.57685,0.032477,0.039622,0.005759,1.220021,0.843702,0.070027,0.355755,-0.078888,3.571024,0.027724,0.096604,0.007366,3.484519,0.673703,0.063953,0.323448,-0.028853,3.431956,0.040622,0.035798,0.011949,0.881239,0.711838,0.067233
2024-01-15 00:01:39.995,V24-SP1-03-050,V24-SP1-03,P1-SP1-EXF01,50,99.9957,1400.6,2801,0.317947,0.243531,3.63534,0.034936,0.016986,0.006651,0.486206,0.70923,0.071485,0.348555,0.488995,4.099183,0.032763,0.036336,0.008623,1.109079,0.766914,0.072182,0.354532,0.149009,3.648692,0.023725,0.098304,0.01148,4.143464,0.724004,0.066253,0.371415,-0.095332,3.595822,0.042982,0.034654,0.010706,0.806237,0.800261,0.061009
2024-01-15 00:01:41.995,V24-SP1-03-051,V24-SP1-03,P1-SP1-EXF01,51,101.9956,1400.6,2801,0.317091,0.417028,4.076852,0.017878,0.048087,0.003367,2.689755,0.795718,0.080348,0.3298,0.223894,3.49828,0.062613,0.010458,0.005031,0.167033,0.762525,0.058975,0.365846,0.164434,3.890837,0.03463,0.112157,0.006174,3.238724,0.666081,0.060593,0.350312,-0.186065,3.236109,0.070204,0.04489,0.011071,0.639425,0.731646,0.072009
2024-01-15 00:01:43.995,V24-SP1-03-052,V24-SP1-03,P1-SP1-EXF01,52,103.9955,1400.6,2801,0.315179,0.15194,3.670062,0.028791,0.025555,0.005917,0.887606,0.774682,0.068677,0.339613,0.159897,3.530327,0.054309,0.021423,0.007134,0.39446,0.806706,0.06911,0.358805,-0.028755,3.972638,0.026873,0.101705,0.010198,3.784703,0.541557,0.063388,0.351699,0.158297,3.537974,0.04311,0.031775,0.008282,0.737071,0.800422,0.068763
2024-01-15 00:01:45.995,V24-SP1-03-053,V24-SP1-03,P1-SP1-EXF01,53,105.9954,1400.6,2801,0.313694,0.486,4.116291,0.022388,0.028729,0.012885,1.283266,0.79415,0.071686,0.338063,0.146319,3.34609,0.035652,0.041554,0.004404,1.165567,0.811331,0.07041,0.365032,-0.105668,3.483022,0.029094,0.102205,0.007146,3.512985,0.674973,0.079659,0.323321,-0.152901,3.92125,0.053108,0.025465,0.007953,0.479495,0.706623,0.060867
2024-01-15 00:01:47.995,V24-SP1-03-054,V24-SP1-03,P1-SP1-EXF01,54,107.9954,1400.6,2801,0.291954,0.355393,3.660125,0.033111,0.009617,0.005949,0.290445,0.766443,0.057252,0.325802,0.376816,3.412371,0.068827,0.026376,0.002967,0.383218,0.767646,0.071627,0.352908,0.069853,3.474228,0.031899,0.114923,0.005264,3.602661,0.660149,0.0683,0.309861,-0.098126,3.082082,0.045638,0.031741,0.011889,0.695492,0.731254,0.068818
2024-01-15 00:01:49.995,V24-SP1-03-055,V24-SP1-03,P1-SP1-EXF01,55,109.9953,1400.6,2801,0.308269,0.278035,4.044677,0.034314,0.009886,0.008725,0.288111,0.762661,0.06668,0.326055,0.274164,3.688061,0.033777,0.043976,0.006529,1.301926,0.816608,0.06389,0.379491,-0.060385,3.994939,0.02407,0.111253,0.009344,4.622118,0.694246,0.057016,0.352904,-0.077041,3.346113,0.064596,0.027875,0.01012,0.43153,0.831241,0.060352
2024-01-15 00:01:51.995,V24-SP1-03-056,V24-SP1-03,P1-SP1-EXF01,56,111.9952,1400.6,2801,0.31745,0.040864,3.503182,0.028305,0.039841,0.005893,1.407563,0.792807,0.071547,0.323425,0.185752,3.438415,0.035384,0.038714,0.006707,1.094114,0.805105,0.061455,0.368162,-0.059509,3.636131,0.032237,0.114247,0.00816,3.543994,0.661298,0.0551,0.315102,0.049926,3.743973,0.058251,0.018886,0.007968,0.324216,0.795707,0.060819
2024-01-15 00:01:53.995,V24-SP1-03-057,V24-SP1-03,P1-SP1-EXF01,57,113.9951,1400.6,2801,0.291007,0.256793,3.666617,0.029458,0.064915,0.00576,2.203689,0.74504,0.060916,0.317316,0.609355,4.286966,0.034121,0.044923,0.006444,1.31659,0.784684,0.073126,0.367063,-0.147004,3.033667,0.026758,0.103228,0.005979,3.85779,0.65944,0.059552,0.346147,0.149663,3.538,0.042418,0.01615,0.011467,0.380733,0.82385,0.054803
2024-01-15 00:01:55.995,V24-SP1-03-058,V24-SP1-03,P1-SP1-EXF01,58,115.995,1400.6,2801,0.309995,0.13483,3.726807,0.021602,0.089525,0.008848,4.144266,0.711137,0.058076,0.338963,0.176499,3.802554,0.032392,0.039299,0.006306,1.21323,0.850016,0.077699,0.369754,-0.019847,3.490391,0.036997,0.096543,0.005707,2.609514,0.647667,0.060279,0.312944,0.014324,3.473382,0.046127,0.014883,0.011761,0.322649,0.765249,0.061184
2024-01-15 00:01:57.994,V24-SP1-03-059,V24-SP1-03,P1-SP1-EXF01,59,117.9949,1400.6,2801,0.348243,0.216217,3.835305,0.033815,0.046402,0.005212,1.372255,0.720284,0.076102,0.336315,0.191633,3.444772,0.038274,0.025043,0.003042,0.654317,0.814807,0.065515,0.377938,0.267895,3.889354,0.025268,0.106333,0.006098,4.208234,0.681247,0.061335,0.32383,-0.216062,3.297333,0.065995,0.013361,0.009308,0.202461,0.790209,0.070893
2024-01-15 00:01:59.994,V24-SP1-03-060,V24-SP1-03,P1-SP1-EXF01,60,119.9948,1400.6,2801,0.317427,0.189578,3.509167,0.015983,0.069992,0.006541,4.379127,0.783594,0.071214,0.351163,0.316544,3.682602,0.054824,0.020588,0.003736,0.375528,0.826909,0.067073,0.377283,-0.018326,3.776284,0.021828,0.099849,0.010635,4.574325,0.669112,0.06712,0.332014,0.121899,3.625314,0.061552,0.012414,0.009126,0.201684,0.789024,0.051608
2024-01-15 00:02:01.994,V24-SP1-03-061,V24-SP1-03,P1-SP1-EXF01,61,121.9948,1400.6,2801,0.337833,0.016337,3.558312,0.018082,0.050321,0.003647,2.782891,0.82191,0.09411,0.325483,0.307771,3.698526,0.062548,0.01101,0.005559,0.17603,0.798028,0.07476,0.397841,-0.082074,3.420313,0.026363,0.119036,0.012789,4.515281,0.660496,0.059952,0.324869,-0.241584,3.071993,0.049529,0.019543,0.013184,0.394574,0.794478,0.059501
2024-01-15 00:02:03.994,V24-SP1-03-062,V24-SP1-03,P1-SP1-EXF01,62,123.9947,1400.6,2801,0.316276,0.236589,3.657658,0.033268,0.018979,0.001085,0.570496,0.730152,0.076448,0.317756,0.73015,3.925409,0.029783,0.038202,0.005858,1.282677,0.796089,0.07562,0.390648,-0.063496,3.595556,0.032219,0.12218,0.015665,3.792157,0.627089,0.073297,0.340209,0.003174,3.46361,0.071754,0.015937,0.007638,0.222114,0.786676,0.069228
2024-01-15 00:02:05.994,V24-SP1-03-063,V24-SP1-03,P1-SP1-EXF01,63,125.9946,1400.6,2801,0.339321,0.097658,3.411491,0.017885,0.056113,0.009526,3.137494,0.838813,0.079791,0.32211,0.658958,4.283046,0.043547,0.038782,0.006013,0.89057,0.788335,0.065327,0.391843,-0.090697,3.819293,0.032313,0.119579,0.015678,3.700679,0.65047,0.078867,0.363874,-0.355014,3.243468,0.053939,0.011525,0.016301,0.213671,0.782186,0.064682
2024-01-15 00:02:07.994,V24-SP1-03-064,V24-SP1-03,P1-SP1-EXF01,64,127.9945,1400.6,2801,0.328354,0.237661,3.660558,0.026134,0.037989,0.006669,1.453632,0.817636,0.06288,0.314913,0.642962,3.951008,0.057629,0.031364,0.004663,0.544238,0.74053,0.066491,0.375553,0.075358,3.677294,0.020713,0.10798,0.01038,5.213111,0.576143,0.075508,0.321669,0.020717,3.602771,0.044083,0.00798,0.007689,0.181023,0.773348,0.069209
2024-01-15 00:02:09.994,V24-SP1-03-065,V24-SP1-03,P1-SP1-EXF01,65,129.9944,1400.6,2801,0.320776,0.27699,3.671563,0.034016,0.013469,0.004621,0.395966,0.780539,0.090801,0.338177,0.888838,4.088023,0.068824,0.044169,0.002638,0.64176,0.75942,0.062672,0.381114,0.007716,3.627718,0.022398,0.109709,0.007145,4.898083,0.674063,0.067613,0.344163,-0.077204,3.296295,0.050665,0.013078,0.009246,0.258116,0.798283,0.067062
2024-01-15 00:02:11.994,V24-SP1-03-066,V24-SP1-03,P1-SP1-EXF01,66,131.9943,1400.6,2801,0.355839,-0.074189,3.561828,0.03638,0.023195,0.008614,0.637576,0.751882,0.082241,0.307818,0.271356,3.612825,0.036929,0.043053,0.008001,1.16584,0.774799,0.062834,0.401425,0.029679,3.388098,0.023222,0.109889,0.006568,4.732201,0.684689,0.072881,0.335168,-0.03668,3.315756,0.071337,0.014491,0.009223,0.203137,0.78219,0.070578
2024-01-15 00:02:13.994,V24-SP1-03-067,V24-SP1-03,P1-SP1-EXF01,67,133.9942,1400.6,2801,0.337655,0.134236,3.561533,0.031528,0.031157,0.005282,0.988239,0.772632,0.063917,0.311145,0.418585,3.576684,0.046121,0.035811,0.005839,0.776453,0.771946,0.065892,0.384436,0.134337,3.417619,0.018003,0.108047,0.007648,6.001762,0.716869,0.077857,0.318391,0.011409,3.421173,0.060456,0.012592,0.008739,0.208285,0.796847,0.066805
2024-01-15 00:02:15.994,V24-SP1-03-068,V24-SP1-03,P1-SP1-EXF01,68,135.9942,1400.6,2801,0.336985,0.422873,3.565628,0.025958,0.052597,0.009486,2.026259,0.790332,0.070453,0.313691,0.521935,4.265254,0.06021,0.025564,0.007449,0.424584,0.8054,0.063366,0.394991,-0.173944,3.494327,0.02036,0.101605,0.012568,4.990397,0.695523,0.077766,0.345306,-0.013177,3.871559,0.058353,0.017953,0.008165,0.307667,0.768842,0.073709
2024-01-15 00:02:17.994,V24-SP1-03-069,V24-SP1-03,P1-SP1-EXF01,69,137.9941,1400.6,2801,0.340506,0.49868,3.790184,0.038788,0.04955,0.006359,1.277448,0.667913,0.074196,0.295356,0.258146,4.070294,0.034816,0.050451,0.003636,1.449057,0.763622,0.076758,0.393044,0.066871,3.808609,0.034384,0.133488,0.009535,3.882295,0.637787,0.056856,0.369229,0.042331,4.170247,0.048092,0.017797,0.013981,0.370052,0.782027,0.081208
2024-02-26 00:00:00.000,V24-SP2-02-000,V24-SP2-02,P1-SP2-EXF01,0,0.0,1315.8,2632,1.056316,-0.598126,3.301157,0.203208,0.215841,0.009687,1.06217,0.276647,0.332756,1.592791,-0.921195,2.554702,0.670029,0.229967,0.0169,0.343219,0.221394,0.40322,0.43762,-0.633127,2.844356,0.12794,0.009667,0.034101,0.075556,0.360916,0.105293,1.837343,-0.994589,2.09918,0.680055,0.051799,0.008931,0.076169,0.186078,0.123833
2024-02-26 00:00:02.000,V24-SP2-02-001,V24-SP2-02,P1-SP2-EXF01,1,2.0003,1315.8,2632,1.058264,-0.692611,2.767586,0.258306,0.606912,0.009101,2.349582,0.154695,0.302357,1.618869,-0.918217,2.731149,0.796963,0.118104,0.011195,0.148192,0.216118,0.447013,0.482784,-0.266702,3.227916,0.156723,0.027414,0.03536,0.174918,0.329266,0.106892,1.719595,-1.044084,2.326685,0.811237,0.132031,0.021117,0.162752,0.13416,0.11497
2024-02-26 00:00:04.000,V24-SP2-02-002,V24-SP2-02,P1-SP2-EXF01,2,4.0006,1315.8,2632,1.083655,-0.72771,2.701009,0.203869,0.396875,0.007561,1.946719,0.190156,0.28823,1.608664,-0.949057,2.584255,0.792863,0.136211,0.012107,0.171796,0.198679,0.38296,0.561519,-0.401473,2.98674,0.212783,0.146711,0.026776,0.689486,0.277271,0.11817,1.587343,-1.262916,2.04891,0.985423,0.159866,0.02197,0.162231,0.084316,0.108792
2024-02-26 00:00:06.001,V24-SP2-02-003,V24-SP2-02,P1-SP2-EXF01,3,6.001,1315.8,2632,1.10193,-0.673563,2.779754,0.25914,0.589561,0.009174,2.275067,0.218526,0.373679,1.607501,-1.041569,2.550297,0.788155,0.117398,0.009835,0.148953,0.186991,0.343179,0.657954,-0.395221,2.668894,0.223448,0.278801,0.026545,1.247723,0.141069,0.08731,1.54856,-1.322102,1.900704,1.001878,0.121129,0.027218,0.120902,0.064613,0.099484
2024-02-26 00:00:08.001,V24-SP2-02-004,V24-SP2-02,P1-SP2-EXF01,4,8.0013,1315.8,2632,1.096224,-0.693921,2.607506,0.228982,0.433298,0.005605,1.892282,0.223262,0.333019,1.619032,-0.972781,2.708417,0.811429,0.145234,0.008025,0.178985,0.191707,0.391259,0.715232,-0.356567,3.144447,0.214419,0.308863,0.031101,1.440461,0.116811,0.08837,1.542173,-1.355848,1.975352,0.992975,0.081544,0.017911,0.082121,0.057249,0.112283
2024-02-26 00:00:10.001,V24-SP2-02-005,V24-SP2-02,P1-SP2-EXF01,5,10.0016,1315.8,2632,1.104377,-0.499009,3.345913,0.181422,0.198808,0.008605,1.095831,0.301666,0.337388,1.601502,-1.005456,2.545703,0.786629,0.113518,0.006027,0.144309,0.190961,0.334387,0.74924,-0.559709,2.950559,0.233327,0.428734,0.032205,1.837479,0.07778,0.096875,1.540904,-1.330587,1.999268,1.001573,0.065951,0.024178,0.065847,0.058735,0.095149
2024-02-26 00:00:12.001,V24-SP2-02-006,V24-SP2-02,P1-SP2-EXF01,6,12.0019,1315.8,2632,1.071622,-0.642374,2.912374,0.228219,0.369249,0.005821,1.617961,0.209467,0.343177,1.596221,-0.98909,2.718314,0.740397,0.109774,0.008258,0.148264,0.203852,0.354133,0.832253,-0.648925,2.599021,0.229845,0.463966,0.029668,2.018602,0.087284,0.115203,1.545123,-1.338721,1.964127,1.003734,0.046676,0.022908,0.046502,0.049544,0.084589
2024-02-26 00:00:14.002,V24-SP2-02-007,V24-SP2-02,P1-SP2-EXF01,7,14.0022,1315.8,2632,1.106126,-0.593248,2.766336,0.234312,0.410989,0.005012,1.754022,0.271906,0.392667,1.57516,-1.009096,2.554988,0.697106,0.100097,0.014731,0.14359,0.205772,0.334143,0.829905,-0.654327,2.614137,0.215922,0.396518,0.037492,1.836394,0.121839,0.103696,1.539466,-1.317462,1.966401,0.994236,0.089806,0.016379,0.090326,0.05224,0.101024
2024-02-26 00:00:16.002,V24-SP2-02-008,V24-SP2-02,P1-SP2-EXF01,8,16.0026,1315.8,2632,1.18801,-0.573653,3.211357,0.240902,0.44668,0.007316,1.854197,0.280885,0.422214,1.567541,-1.055939,2.370047,0.688881,0.078007,0.010439,0.113238,0.200665,0.29981,0.833084,-0.784139,2.434779,0.221312,0.387639,0.032537,1.751548,0.142167,0.110201,1.546585,-1.354239,2.144308,0.99812,0.106715,0.018244,0.106916,0.048628,0.091687
2024-02-26 00:00:18.002,V24-SP2-02-009,V24-SP2-02,P1-SP2-EXF01,9,18.0029,1315.8,2632,1.161822,-0.495773,3.130613,0.226885,0.400072,0.007487,1.763327,0.310654,0.471458,1.561031,-1.086793,2.261154,0.704225,0.100311,0.010105,0.142442,0.184088,0.277099,0.873696,-0.784848,2.565078,0.226828,0.473924,0.03675,2.089357,0.095891,0.121957,1.552945,-1.345177,2.132349,0.995153,0.104867,0.015723,0.105378,0.053075,0.100748
2024-02-26 00:00:20.003,V24-SP2-02-010,V24-SP2-02,P1-SP2-EXF01,10,20.0032,1315.8,2632,1.110165,-0.568992,3.084022,0.189658,0.210815,0.007566,1.111553,0.334755,0.365177,1.596422,-0.981537,2.465639,0.718228,0.120713,0.007677,0.168071,0.212661,0.376512,0.859293,-0.765339,2.486246,0.222228,0.409274,0.034451,1.841686,0.123723,0.100845,1.565114,-1.298673,2.068433,1.004439,0.15459,0.015257,0.153907,0.065747,0.102648
2024-02-26 00:00:22.003,V24-SP2-02-011,V24-SP2-02,P1-SP2-EXF01,11,22.0035,1315.8,2632,1.134417,-0.458521,3.389388,0.205936,0.264276,0.012374,1.283289,0.340883,0.440527,1.61306,-0.890582,2.726099,0.779041,0.126485,0.010099,0.16236,0.221531,0.439561,0.881952,-0.853332,2.364313,0.209709,0.397856,0.040186,1.897178,0.13057,0.107298,1.558098,-1.347954,1.991968,1.000235,0.142395,0.016697,0.142361,0.053091,0.082053
2024-02-26 00:00:24.003,V24-SP2-02-012,V24-SP2-02,P1-SP2-EXF01,12,24.0038,1315.8,2632,1.128746,-0.454574,3.476972,0.192569,0.193477,0.017392,1.004716,0.325392,0.43408,1.596624,-1.009895,2.37115,0.7697,0.116068,0.010259,0.150797,0.203769,0.358902,0.885743,-0.793799,2.497662,0.228434,0.487787,0.035948,2.135348,0.076074,0.106458,1.55268,-1.332638,2.068518,1.004861,0.147767,0.018963,0.147053,0.058571,0.08016
2024-02-26 00:00:26.004,V24-SP2-02-013,V24-SP2-02,P1-SP2-EXF01,13,26.0042,1315.8,2632,1.040789,-0.63601,2.92297,0.187667,0.209948,0.006166,1.118724,0.263911,0.264446,1.612418,-0.95077,2.573213,0.802675,0.116386,0.010516,0.144998,0.208049,0.416466,0.873466,-0.777496,2.5461,0.224488,0.50547,0.033974,2.251653,0.068235,0.098291,1.565184,-1.293127,2.07126,0.999093,0.145012,0.019268,0.145144,0.066749,0.098836
2024-02-26 00:00:28.004,V24-SP2-02-014,V24-SP2-02,P1-SP2-EXF01,14,28.0045,1315.8,2632,1.193966,-0.382011,2.958858,0.241331,0.579675,0.009295,2.401991,0.252569,0.394276,1.608637,-0.947183,2.504523,0.935107,0.282826,0.020955,0.302453,0.118036,0.359698,0.857479,-0.784306,2.466287,0.221455,0.385985,0.030263,1.742952,0.12662,0.084956,1.568715,-1.319474,2.015822,0.999635,0.125261,0.017477,0.125307,0.068323,0.098242
2024-02-26 00:00:30.004,V24-SP2-02-015,V24-SP2-02,P1-SP2-EXF01,15,30.0048,1315.8,2632,1.141758,-0.607628,3.002747,0.261622,0.647981,0.008945,2.476784,0.190673,0.3371,1.626247,-0.913606,2.596214,0.855063,0.163526,0.011865,0.191244,0.189828,0.367068,0.869314,-0.813712,2.4338,0.2121,0.401419,0.029296,1.892592,0.123092,0.093988,1.573531,-1.30922,1.958996,0.999878,0.155816,0.023518,0.155835,0.071159,0.106003
2024-02-26 00:00:32.005,V24-SP2-02-016,V24-SP2-02,P1-SP2-EXF01,16,32.0051,1315.8,2632,1.171167,-0.621218,2.93358,0.22743,0.501964,0.008432,2.207111,0.245553,0.366511,1.611861,-1.00481,2.33369,0.858703,0.167736,0.023591,0.195336,0.181228,0.365207,0.860998,-0.653159,2.455909,0.219854,0.383754,0.029718,1.745496,0.123235,0.103064,1.582204,-1.271633,2.100001,0.996921,0.16823,0.025803,0.16875,0.071905,0.104795
2024-02-26 00:00:34.005,V24-SP2-02-017,V24-SP2-02,P1-SP2-EXF01,17,34.0054,1315.8,2632,1.105713,-0.543018,3.000953,0.178792,0.207987,0.005909,1.163288,0.278921,0.356808,1.585307,-1.042147,2.464284,0.825437,0.126024,0.012233,0.152676,0.169509,0.299864,0.891086,-0.727696,2.585178,0.219557,0.399991,0.026197,1.821806,0.15299,0.109692,1.581872,-1.265856,2.097813,1.002436,0.189317,0.018156,0.188856,0.0674,0.093741
2024-02-26 00:00:36.005,V24-SP2-02-018,V24-SP2-02,P1-SP2-EXF01,18,36.0058,1315.8,2632,1.099826,-0.603642,2.810829,0.219757,0.379498,0.004495,1.726899,0.27649,0.367113,1.587683,-0.973239,2.441888,0.765795,0.141433,0.008257,0.184688,0.176536,0.31387,0.868408,-0.840504,2.531947,0.221453,0.477287,0.028385,2.155249,0.076861,0.095964,1.577711,-1.298903,2.008542,1.000793,0.155684,0.024798,0.15556,0.062536,0.086115
2024-02-26 00:00:38.006,V24-SP2-02-019,V24-SP2-02,P1-SP2-EXF01,19,38.0061,1315.8,2632,1.080517,-0.656439,3.00105,0.250988,0.588942,0.006391,2.346497,0.164899,0.31662,1.559748,-1.116031,2.412236,0.713531,0.096166,0.007983,0.134775,0.188993,0.261457,0.874496,-0.816143,2.375981,0.22143,0.406969,0.025092,1.837909,0.133804,0.115816,1.579878,-1.298807,2.002305,0.998638,0.163892,0.026037,0.164115,0.073377,0.09349
2024-02-26 00:00:40.006,V24-SP2-02-020,V24-SP2-02,P1-SP2-EXF01,20,40.0064,1315.8,2632,1.115334,-0.551939,2.992771,0.241265,0.528511,0.006948,2.190581,0.213825,0.359791,1.583052,-0.950728,2.507202,0.708126,0.091496,0.007815,0.129209,0.210061,0.353663,0.863668,-0.661972,2.598468,0.219445,0.438784,0.029291,1.999515,0.124207,0.115789,1.581673,-1.29091,2.077161,0.998503,0.107106,0.038204,0.107266,0.080422,0.103234
2024-02-26 00:00:42.006,V24-SP2-02-021,V24-SP2-02,P1-SP2-EXF01,21,42.0067,1315.8,2632,1.127824,-0.542499,3.065085,0.244531,0.494767,0.007291,2.023332,0.225041,0.358901,1.611228,-0.959735,2.666773,0.755568,0.116876,0.008768,0.154687,0.199313,0.366908,0.892514,-0.725137,2.527924,0.22832,0.487754,0.034134,2.136277,0.089492,0.12094,1.58525,-1.281455,2.026095,0.993419,0.141547,0.036237,0.142484,0.082813,0.093153
2024-02-26 00:00:44.007,V24-SP2-02-022,V24-SP2-02,P1-SP2-EXF01,22,44.007,1315.8,2632,1.126329,-0.438394,3.115813,0.247723,0.525041,0.008752,2.119469,0.264292,0.423001,1.609426,-0.989206,2.431499,0.70141,0.100207,0.005918,0.142865,0.223457,0.374286,0.85798,-0.750969,2.703146,0.210265,0.398831,0.037289,1.896803,0.143924,0.112771,1.580753,-1.259906,2.078829,0.994613,0.171102,0.021525,0.172029,0.0856,0.092885
2024-02-26 00:00:46.007,V24-SP2-02-023,V24-SP2-02,P1-SP2-EXF01,23,46.0074,1315.8,2632,1.131209,-0.274379,3.287517,0.200342,0.386204,0.010166,1.927728,0.272528,0.408706,1.610764,-0.850533,2.659475,0.675391,0.070727,0.009452,0.10472,0.238688,0.406233,0.870279,-0.75897,2.67467,0.21715,0.396577,0.03529,1.826283,0.136082,0.117191,1.581963,-1.30834,2.05906,0.993883,0.162014,0.021425,0.163012,0.073669,0.086174
2024-02-26 00:00:48.007,V24-SP2-02-024,V24-SP2-02,P1-SP2-EXF01,24,48.0077,1315.8,2632,1.125385,-0.384263,3.331618,0.255449,0.563065,0.006697,2.204218,0.235423,0.388991,1.65463,-0.799888,2.797497,0.684363,0.098393,0.009534,0.143773,0.266944,0.502282,0.889286,-0.77946,2.559039,0.215522,0.410586,0.033173,1.905072,0.126036,0.121186,1.580729,-1.26482,2.107154,1.000636,0.173745,0.025063,0.173635,0.083038,0.095187
2024-02-26 00:00:50.008,V24-SP2-02-025,V24-SP2-02,P1-SP2-EXF01,25,50.008,1315.8,2632,1.11393,-0.454969,3.494521,0.222954,0.454696,0.011201,2.039417,0.270881,0.385857,1.616365,-0.871322,2.545211,0.7241,0.107019,0.008537,0.147796,0.212728,0.380879,0.86213,-0.792141,2.510721,0.208077,0.398176,0.032739,1.913597,0.118932,0.097392,1.59169,-1.231946,2.041836,1.001213,0.189913,0.032905,0.189683,0.066839,0.096761
2024-02-26 00:00:52.008,V24-SP2-02-026,V24-SP2-02,P1-SP2-EXF01,26,52.0083,1315.8,2632,1.062954,-0.545052,3.264718,0.255206,0.520587,0.006666,2.039874,0.233533,0.351384,1.63123,-0.907048,2.678909,0.763678,0.133684,0.007037,0.175053,0.216593,0.405549,0.894844,-0.748225,2.56298,0.220513,0.431099,0.022212,1.954979,0.137589,0.09031,1.597711,-1.220077,2.077431,1.003523,0.222544,0.020466,0.221763,0.070247,0.103436
2024-02-26 00:00:54.008,V24-SP2-02-027,V24-SP2-02,P1-SP2-EXF01,27,54.0086,1315.8,2632,1.158044,-0.488618,2.814681,0.236353,0.547298,0.008555,2.315596,0.239581,0.378769,1.620266,-0.887039,2.76496,0.785612,0.133825,0.007365,0.170345,0.204346,0.36881,0.878747,-0.71189,2.410604,0.22051,0.475173,0.028607,2.154885,0.091485,0.115069,1.592808,-1.231088,2.100901,1.004559,0.207382,0.019677,0.20644,0.065965,0.084276
2024-02-26 00:00:56.009,V24-SP2-02-028,V24-SP2-02,P1-SP2-EXF01,28,56.009,1315.8,2632,1.091305,-0.743723,2.551082,0.2077,0.221156,0.009299,1.064786,0.237543,0.275147,1.603682,-0.932413,2.833158,0.812366,0.133656,0.010989,0.164527,0.180902,0.34264,0.884398,-0.82733,2.537305,0.225059,0.439365,0.024143,1.952221,0.150356,0.115519,1.592928,-1.224594,2.274352,1.002078,0.216454,0.018514,0.216005,0.065733,0.087407
2024-02-26 00:00:58.009,V24-SP2-02-029,V24-SP2-02,P1-SP2-EXF01,29,58.0093,1315.8,2632,1.100633,-0.623033,3.048532,0.243897,0.460867,0.006909,1.889594,0.227003,0.352191,1.619057,-0.947489,2.613185,0.810515,0.144518,0.004269,0.178304,0.181408,0.35194,0.870255,-0.81368,2.439574,0.210039,0.421259,0.030084,2.005623,0.129196,0.090336,1.608869,-1.16952,2.254022,1.006349,0.233238,0.020742,0.231766,0.073124,0.100728
2024-02-26 00:01:00.009,V24-SP2-02-030,V24-SP2-02,P1-SP2-EXF01,30,60.0096,1315.8,2632,1.076554,-0.658326,3.105459,0.190699,0.200426,0.012422,1.051008,0.246346,0.286117,1.591492,-0.972584,2.508406,0.865392,0.25896,0.007082,0.29924,0.120054,0.313864,0.894286,-0.798292,2.486994,0.217848,0.427743,0.032099,1.963498,0.14368,0.122679,1.604016,-1.158926,2.217523,0.999658,0.219502,0.023185,0.219577,0.067651,0.110977
2024-02-26 00:01:02.009,V24-SP2-02-031,V24-SP2-02,P1-SP2-EXF01,31,62.0099,1315.8,2632,1.053229,-0.817916,2.691388,0.178823,0.199692,0.009096,1.116704,0.242351,0.2581,1.590318,-1.002088,2.381232,0.75432,0.128091,0.004644,0.169809,0.189844,0.303421,0.860734,-0.780757,2.537384,0.194672,0.449218,0.030734,2.307565,0.143789,0.101298,1.602358,-1.175008,2.409556,1.000622,0.23596,0.030547,0.235813,0.072594,0.105156
2024-02-26 00:01:04.010,V24-SP2-02-032,V24-SP2-02,P1-SP2-EXF01,32,64.0102,1315.8,2632,1.056108,-0.73362,2.872072,0.213405,0.256474,0.008331,1.201822,0.22561,0.304394,1.591119,-1.005874,2.492242,0.740082,0.134082,0.010963,0.181171,0.182026,0.305308,0.892001,-0.828524,2.685739,0.226004,0.49099,0.024433,2.172487,0.082363,0.098009,1.615518,-1.148787,2.391771,0.992772,0.228385,0.02011,0.230047,0.080674,0.099325
2024-02-26 00:01:06.010,V24-SP2-02-033,V24-SP2-02,P1-SP2-EXF01,33,66.0106,1315.8,2632,1.077716,-0.635677,2.799032,0.235855,0.342428,0.00301,1.451859,0.220439,0.338715,1.600557,-0.935193,2.56806,0.73224,0.115376,0.01074,0.157566,0.204641,0.345392,0.867912,-0.738135,2.720958,0.216003,0.427751,0.018686,1.980299,0.118848,0.086574,1.600588,-1.19586,2.07524,1.011697,0.221595,0.025434,0.219033,0.058809,0.080057
2024-02-26 00:01:08.010,V24-SP2-02-034,V24-SP2-02,P1-SP2-EXF01,34,68.0109,1315.8,2632,1.053881,-0.725566,2.84781,0.235419,0.468591,0.006376,1.990453,0.172517,0.288132,1.612415,-0.952713,2.469037,0.764258,0.136289,0.008149,0.178329,0.192547,0.358952,0.879561,-0.711225,2.871269,0.218874,0.415665,0.021955,1.899103,0.115103,0.097277,1.576956,-1.227948,2.275745,0.98971,0.204227,0.015949,0.206351,0.043962,0.07772
2024-02-26 00:01:10.011,V24-SP2-02-035,V24-SP2-02,P1-SP2-EXF01,35,70.0112,1315.8,2632,1.123894,-0.659061,3.204398,0.21048,0.270239,0.010605,1.283917,0.281844,0.390675,1.632008,-0.909307,2.503842,0.937355,0.326302,0.007474,0.34811,0.128226,0.391794,0.888529,-0.745776,2.637599,0.228309,0.493254,0.016128,2.160471,0.074984,0.100974,1.593332,-1.202698,2.25167,0.991553,0.243265,0.022698,0.245337,0.045758,0.077888
2024-02-26 00:01:12.011,V24-SP2-02-036,V24-SP2-02,P1-SP2-EXF01,36,72.0115,1315.8,2632,1.156591,-0.704396,3.00784,0.200908,0.312549,0.011252,1.555684,0.269072,0.327569,1.623515,-0.964498,2.601949,0.793314,0.134169,0.007798,0.169125,0.208501,0.374315,0.900689,-0.77278,2.498318,0.218095,0.440379,0.032303,2.019211,0.128941,0.098609,1.600515,-1.197985,2.168469,1.000257,0.244496,0.017174,0.244433,0.053485,0.084056
2024-02-26 00:01:14.011,V24-SP2-02-037,V24-SP2-02,P1-SP2-EXF01,37,74.0118,1315.8,2632,1.14848,-0.734998,2.941842,0.224894,0.551158,0.015878,2.450747,0.195463,0.318364,1.630286,-0.963968,2.395392,0.786314,0.142218,0.006867,0.180866,0.203999,0.384429,0.87702,-0.733418,2.990622,0.222425,0.441708,0.019851,1.985877,0.120537,0.113763,1.601766,-1.189426,2.123059,0.993766,0.232554,0.017369,0.234013,0.073036,0.087608
2024-02-26 00:01:16.012,V24-SP2-02-038,V24-SP2-02,P1-SP2-EXF01,38,76.0122,1315.8,2632,1.094915,-0.825913,2.676232,0.183137,0.216114,0.007336,1.180069,0.235377,0.269202,1.63682,-0.908026,2.41769,0.802006,0.131728,0.018632,0.164249,0.203684,0.405942,0.882493,-0.801868,2.561546,0.223132,0.422533,0.030331,1.893648,0.126422,0.095425,1.616831,-1.185376,2.14126,1.005589,0.232744,0.037932,0.231451,0.076714,0.108094
2024-02-26 00:01:18.012,V24-SP2-02-039,V24-SP2-02,P1-SP2-EXF01,39,78.0125,1315.8,2632,1.074927,-0.803015,2.471743,0.194628,0.241708,0.013057,1.241895,0.219057,0.305525,1.631229,-0.948101,2.474777,0.820082,0.175146,0.018559,0.213572,0.18296,0.357616,0.874054,-0.804139,2.51878,0.221844,0.482509,0.02471,2.17499,0.086028,0.092119,1.603604,-1.170611,2.050946,0.989844,0.22596,0.027786,0.228279,0.078195,0.10718
2024-02-26 00:01:20.012,V24-SP2-02-040,V24-SP2-02,P1-SP2-EXF01,40,80.0128,1315.8,2632,1.081171,-0.778028,3.008111,0.245974,0.544886,0.003102,2.215219,0.162733,0.303624,1.623737,-0.966292,2.45398,0.825942,0.147496,0.011143,0.178579,0.173009,0.307988,0.890237,-0.768557,2.65484,0.223308,0.442694,0.026628,1.982434,0.114061,0.085407,1.606246,-1.236906,1.984877,0.91567,0.280826,0.024557,0.306689,0.033187,0.091262
2024-02-26 00:01:22.013,V24-SP2-02-041,V24-SP2-02,P1-SP2-EXF01,41,82.0131,1315.8,2632,1.076797,-0.587083,3.374657,0.18707,0.234966,0.005409,1.256035,0.26423,0.308754,1.617392,-0.941293,2.517305,0.814059,0.149558,0.013418,0.183719,0.192322,0.357855,0.884294,-0.778542,2.570939,0.221758,0.464187,0.015749,2.093212,0.096295,0.102425,1.616494,-1.187825,2.104892,1.00255,0.244934,0.030136,0.244311,0.0748,0.10633
2024-02-26 00:01:24.013,V24-SP2-02-042,V24-SP2-02,P1-SP2-EXF01,42,84.0134,1315.8,2632,1.152172,-0.663749,3.152747,0.243099,0.499014,0.009071,2.052724,0.255601,0.410512,1.577497,-1.012931,2.354494,0.75608,0.111107,0.012717,0.146952,0.182452,0.298553,0.877363,-0.848986,2.56185,0.230128,0.508759,0.032579,2.210762,0.057468,0.092412,1.596293,-1.216019,2.150348,1.002083,0.209168,0.014617,0.208733,0.067352,0.118567
2024-02-26 00:01:26.013,V24-SP2-02-043,V24-SP2-02,P1-SP2-EXF01,43,86.0138,1315.8,2632,1.116743,-0.714631,2.938422,0.187415,0.272037,0.008976,1.451522,0.297184,0.339175,1.597406,-0.966894,2.495413,0.763522,0.125907,0.006523,0.164903,0.187862,0.316516,0.883182,-0.769902,2.407061,0.220046,0.448028,0.018823,2.036066,0.099473,0.095598,1.582754,-1.26197,2.124728,0.99885,0.196576,0.019274,0.196803,0.0601,0.106964
2024-02-26 00:01:28.014,V24-SP2-02-044,V24-SP2-02,P1-SP2-EXF01,44,88.0141,1315.8,2632,1.135164,-0.681695,2.682327,0.191134,0.429776,0.010946,2.248554,0.25997,0.345005,1.614167,-0.934845,2.456327,0.787428,0.138106,0.01196,0.175389,0.201752,0.389545,0.897614,-0.810876,2.758672,0.227028,0.504065,0.024358,2.220279,0.08506,0.102651,1.58494,-1.240904,2.205059,1.023251,0.204172,0.027577,0.199533,0.05226,0.114618
2024-02-26 00:01:30.014,V24-SP2-02-045,V24-SP2-02,P1-SP2-EXF01,45,90.0144,1315.8,2632,1.104176,-0.825215,2.67809,0.221104,0.287265,0.016455,1.299234,0.236634,0.263037,1.595749,-1.010493,2.364364,0.770727,0.116373,0.0123,0.150992,0.182391,0.309837,0.94723,-0.804975,2.544966,0.232605,0.56995,0.029098,2.450289,0.053048,0.101559,1.591468,-1.231093,2.285585,0.999568,0.183942,0.024588,0.184022,0.081865,0.142873
2024-02-26 00:01:32.014,V24-SP2-02-046,V24-SP2-02,P1-SP2-EXF01,46,92.0147,1315.8,2632,1.097717,-0.843003,2.552671,0.210286,0.281906,0.012107,1.340586,0.236853,0.304408,1.60063,-0.9529,2.415921,0.76658,0.159154,0.017063,0.207615,0.177984,0.317632,0.908354,-0.840849,2.627619,0.212603,0.440134,0.032559,2.070214,0.107197,0.097136,1.586152,-1.243572,2.160783,1.000189,0.175696,0.02279,0.175663,0.070266,0.116424
2024-02-26 00:01:34.015,V24-SP2-02-047,V24-SP2-02,P1-SP2-EXF01,47,94.015,1315.8,2632,1.07044,-0.673966,3.114178,0.195458,0.224742,0.013622,1.149824,0.271306,0.30885,1.615709,-0.936596,2.431693,0.773297,0.112642,0.020722,0.145664,0.206797,0.37976,0.914793,-0.802182,2.616048,0.216004,0.446645,0.035936,2.067759,0.12184,0.104276,1.583478,-1.267358,2.043802,1.035243,0.226085,0.026517,0.218388,0.026968,0.100705
2024-02-26 00:01:36.015,V24-SP2-02-048,V24-SP2-02,P1-SP2-EXF01,48,96.0154,1315.8,2632,1.089701,-0.726822,2.802108,0.195148,0.224326,0.008123,1.149514,0.289687,0.350035,1.593,-0.988928,2.498012,0.772781,0.126594,0.008745,0.163816,0.175931,0.31861,0.904082,-0.861099,2.698068,0.232054,0.530982,0.026635,2.288181,0.079149,0.118709,1.572206,-1.291096,1.975697,0.996077,0.191073,0.018617,0.191825,0.055007,0.098483
2024-02-26 00:01:38.015,V24-SP2-02-049,V24-SP2-02,P1-SP2-EXF01,49,98.0157,1315.8,2632,1.060903,-0.650112,3.300973,0.177729,0.244547,0.008061,1.375954,0.25496,0.322222,1.593913,-0.982872,2.313046,0.765179,0.120098,0.008753,0.156955,0.185896,0.328662,0.902195,-0.863263,2.617548,0.231229,0.540825,0.025394,2.338912,0.073439,0.11177,1.580163,-1.270772,2.222421,0.995371,0.189382,0.025713,0.190262,0.075549,0.099356
2024-02-26 00:01:40.016,V24-SP2-02-050,V24-SP2-02,P1-SP2-EXF01,50,100.016,1315.8,2632,1.095031,-0.743229,2.846834,0.245724,0.571889,0.006091,2.327361,0.165195,0.287547,1.592224,-1.000383,2.287204,0.789128,0.129423,0.013266,0.164008,0.171759,0.27882,0.933852,-0.889872,2.613133,0.222469,0.456009,0.027095,2.049764,0.124141,0.113976,1.594231,-1.257553,2.333769,0.998376,0.171689,0.028171,0.171968,0.083234,0.104137
2024-02-26 00:01:42.016,V24-SP2-02-051,V24-SP2-02,P1-SP2-EXF01,51,102.0163,1315.8,2632,1.064164,-0.575971,3.266945,0.198153,0.247994,0.009592,1.251528,0.286213,0.335618,1.583497,-1.02084,2.266428,0.745786,0.135712,0.012649,0.181972,0.178261,0.28235,0.950848,-0.815465,2.728792,0.211629,0.469526,0.01696,2.218633,0.119815,0.099043,1.592915,-1.264538,1.981738,0.986999,0.178569,0.032759,0.180921,0.081707,0.101182
2024-02-26 00:01:44.016,V24-SP2-02-052,V24-SP2-02,P1-SP2-EXF01,52,104.0166,1315.8,2632,1.092565,-0.516361,3.07509,0.24199,0.455331,0.004151,1.88161,0.264507,0.362164,1.596252,-0.945207,2.403394,0.741371,0.110492,0.019964,0.149037,0.19753,0.33878,0.934148,-0.873186,2.479946,0.225902,0.461222,0.01935,2.041687,0.1286,0.120375,1.606243,-1.205252,2.117121,1.007487,0.232878,0.023423,0.231147,0.071534,0.091408
2024-02-26 00:01:46.017,V24-SP2-02-053,V24-SP2-02,P1-SP2-EXF01,53,106.017,1315.8,2632,1.140456,-0.58493,2.874389,0.253373,0.540033,0.007112,2.131381,0.27187,0.401283,1.589117,-0.978964,2.425419,0.739856,0.132449,0.010116,0.17902,0.178657,0.311731,0.919194,-0.867868,2.528837,0.217416,0.435288,0.010666,2.002098,0.119159,0.10084,1.600717,-1.1716,2.22089,0.995708,0.241178,0.03282,0.242218,0.050785,0.093709
2024-02-26 00:01:48.017,V24-SP2-02-054,V24-SP2-02,P1-SP2-EXF01,54,108.0173,1315.8,2632,1.116195,-0.646094,2.720993,0.254136,0.607179,0.010746,2.389187,0.185847,0.353604,1.598216,-0.965734,2.449696,0.717389,0.117459,0.00576,0.163731,0.204273,0.320632,0.899029,-0.864477,2.55471,0.226435,0.41283,0.016459,1.823169,0.111885,0.089449,1.613855,-1.146376,2.110643,1.004632,0.253719,0.028975,0.252549,0.066687,0.084106
2024-02-26 00:01:50.017,V24-SP2-02-055,V24-SP2-02,P1-SP2-EXF01,55,110.0176,1315.8,2632,1.081708,-0.671414,2.919739,0.190867,0.327607,0.015846,1.716413,0.255821,0.332711,1.593725,-0.984349,2.50024,0.721982,0.095335,0.011199,0.132047,0.196171,0.315763,0.914879,-0.820849,2.429869,0.232219,0.50531,0.018483,2.176008,0.07874,0.093493,1.610141,-1.177114,2.187045,0.995322,0.2451,0.027838,0.246252,0.059035,0.09999
2024-02-26 00:01:52.017,V24-SP2-02-056,V24-SP2-02,P1-SP2-EXF01,56,112.0179,1315.8,2632,1.141151,-0.659193,3.080943,0.20783,0.253569,0.017752,1.220078,0.277823,0.372979,1.60648,-0.960568,2.826717,0.72183,0.10249,0.00717,0.141986,0.211019,0.346762,0.884416,-0.892943,2.488573,0.215159,0.429579,0.020893,1.996562,0.12842,0.120459,1.611456,-1.220009,2.172493,1.009072,0.226593,0.036396,0.224556,0.066778,0.084659
2024-02-26 00:01:54.018,V24-SP2-02-057,V24-SP2-02,P1-SP2-EXF01,57,114.0182,1315.8,2632,1.081156,-0.662405,3.051208,0.176038,0.18769,0.006984,1.06619,0.261145,0.323992,1.618215,-0.901425,2.478436,0.796254,0.148853,0.008235,0.186942,0.187562,0.375108,0.88922,-0.793749,2.74336,0.224215,0.404221,0.01617,1.802826,0.118621,0.101047,1.592175,-1.216768,2.027948,0.996901,0.233722,0.023574,0.234449,0.06452,0.107796
2024-02-26 00:01:56.018,V24-SP2-02-058,V24-SP2-02,P1-SP2-EXF01,58,116.0186,1315.8,2632,1.108269,-0.599939,2.697721,0.18945,0.312877,0.008404,1.651504,0.280624,0.363867,1.625633,-1.001346,2.447299,0.839463,0.176528,0.011838,0.210286,0.170135,0.338008,0.912622,-0.875106,2.758608,0.223408,0.466911,0.022103,2.089946,0.093671,0.112579,1.600472,-1.228609,2.077093,0.990966,0.240943,0.029392,0.243139,0.047227,0.094948
2024-02-26 00:01:58.018,V24-SP2-02-059,V24-SP2-02,P1-SP2-EXF01,59,118.0189,1315.8,2632,1.069289,-0.516466,3.255502,0.23654,0.393991,0.002897,1.66564,0.267228,0.387564,1.610232,-1.026884,2.45265,0.793974,0.133803,0.004608,0.168523,0.189651,0.349204,0.921567,-0.81204,2.636618,0.22757,0.458098,0.019065,2.013,0.158522,0.119923,1.598395,-1.196537,2.034782,1.000091,0.257663,0.027816,0.25764,0.056725,0.087539
2024-02-26 00:02:00.019,V24-SP2-02-060,V24-SP2-02,P1-SP2-EXF01,60,120.0192,1315.8,2632,1.138939,-0.47851,3.103616,0.209961,0.409122,0.007914,1.948562,0.304648,0.425783,1.615113,-0.951485,2.485576,0.790153,0.127074,0.01292,0.160822,0.198728,0.397596,0.949106,-0.760454,2.546956,0.211579,0.458415,0.018432,2.166632,0.139776,0.093176,1.608741,-1.188765,2.05485,0.990752,0.260272,0.024826,0.262701,0.054838,0.110144
2024-02-26 00:02:02.019,V24-SP2-02-061,V24-SP2-02,P1-SP2-EXF01,61,122.0195,1315.8,2632,1.167644,-0.591815,3.122073,0.202951,0.258524,0.013043,1.273823,0.331956,0.391039,1.64574,-0.873661,2.924194,0.790253,0.160274,0.010647,0.202813,0.21771,0.467292,0.943832,-0.806343,2.427533,0.230261,0.539251,0.019313,2.34191,0.056759,0.102432,1.621965,-1.200731,2.000479,1.011842,0.266046,0.02718,0.262932,0.07096,0.110705
2024-02-26 00:02:04.019,V24-SP2-02-062,V24-SP2-02,P1-SP2-EXF01,62,124.0198,1315.8,2632,1.115769,-0.716641,2.956239,0.23391,0.495243,0.008085,2.117235,0.255303,0.369647,1.647619,-0.85731,2.722234,0.775062,0.142439,0.007569,0.183778,0.202971,0.41885,0.930687,-0.831805,2.541182,0.210521,0.46906,0.022727,2.228089,0.106552,0.103633,1.619892,-1.186724,2.131475,0.994975,0.288332,0.020531,0.289788,0.058187,0.086795
2024-02-26 00:02:06.020,V24-SP2-02-063,V24-SP2-02,P1-SP2-EXF01,63,126.0202,1315.8,2632,1.117514,-0.692418,2.762787,0.233283,0.405192,0.00472,1.736915,0.236176,0.336902,1.621671,-0.912974,2.512608,0.752338,0.106136,0.015323,0.141075,0.204309,0.415339,0.924667,-0.897123,2.425383,0.218892,0.476046,0.025321,2.1748,0.094179,0.110044,1.617185,-1.18922,2.243211,0.996514,0.285478,0.024063,0.286477,0.048806,0.096059
2024-02-26 00:02:08.020,V24-SP2-02-064,V24-SP2-02,P1-SP2-EXF01,64,128.0205,1315.8,2632,1.092548,-0.660254,3.298641,0.248073,0.465938,0.007025,1.878231,0.207174,0.322594,1.604482,-0.985464,2.416455,0.689646,0.113672,0.005953,0.164826,0.192069,0.352456,0.945748,-0.850845,2.384411,0.216503,0.494535,0.034064,2.284196,0.108644,0.111975,1.614338,-1.161878,2.09025,1.012424,0.28444,0.022357,0.280949,0.054465,0.116951
2024-02-26 00:02:10.020,V24-SP2-02-065,V24-SP2-02,P1-SP2-EXF01,65,130.0208,1315.8,2632,1.101018,-0.696942,3.277325,0.229328,0.384158,0.009837,1.675148,0.201998,0.30444,1.581333,-1.000968,2.258594,0.740262,0.104011,0.010809,0.140505,0.187088,0.319352,0.969517,-0.913295,2.452974,0.208831,0.46875,0.03334,2.244638,0.109586,0.107938,1.62148,-1.194839,2.051359,1.004299,0.274469,0.025057,0.273294,0.057012,0.097123
2024-02-26 00:02:12.021,V24-SP2-02-066,V24-SP2-02,P1-SP2-EXF01,66,132.0211,1315.8,2632,1.038472,-0.798136,2.69468,0.179982,0.185118,0.004475,1.028535,0.226903,0.253625,1.611299,-0.985235,2.793089,0.756623,0.121095,0.012107,0.160046,0.202329,0.35573,0.986459,-0.872783,2.426241,0.224703,0.468534,0.02987,2.085124,0.130435,0.102012,1.638264,-1.099238,2.193699,1.008105,0.299033,0.029051,0.296628,0.066207,0.132272
2024-02-26 00:02:14.021,V24-SP2-02-067,V24-SP2-02,P1-SP2-EXF01,67,134.0214,1315.8,2632,1.071699,-0.807157,2.646759,0.205105,0.316144,0.008366,1.541376,0.196695,0.26722,1.612494,-0.995759,2.294966,0.773657,0.137527,0.009509,0.177762,0.197108,0.393411,0.999014,-0.870252,2.456929,0.217429,0.481515,0.027801,2.214583,0.120274,0.088247,1.63078,-1.174286,2.107368,0.998802,0.273316,0.01572,0.273644,0.067524,0.092917
2024-02-26 00:02:16.021,V24-SP2-02-068,V24-SP2-02,P1-SP2-EXF01,68,136.0218,1315.8,2632,1.071876,-0.779089,2.66844,0.192842,0.22255,0.006356,1.154051,0.222946,0.291431,1.602792,-0.966998,2.689515,0.766475,0.10775,0.013991,0.140579,0.205581,0.388142,0.964579,-0.919203,2.391103,0.21717,0.454819,0.036301,2.094297,0.118014,0.100385,1.636537,-1.14143,2.116531,1.002602,0.290614,0.02136,0.28986,0.083602,0.104848
2024-04-08 00:00:00.000,V24-SP1-02-000,V24-SP1-02,P1-SP1-EXF01,0,0.0,1315.8,2632,0.781138,1.097624,4.164583,0.155259,0.264333,0.010973,1.702528,0.309694,0.339477,1.037285,-0.650534,3.072452,0.152541,0.047511,0.006496,0.311466,0.417827,0.418026,0.53979,-0.224976,3.10896,0.144259,0.021821,0.003857,0.151264,0.376696,0.123628,1.826778,-1.182218,2.056924,0.43393,0.069474,0.015643,0.160103,0.236948,0.124118
2024-04-08 00:00:02.000,V24-SP1-02-001,V24-SP1-02,P1-SP1-EXF01,1,2.0003,1315.8,2632,0.986587,-0.551987,2.853698,0.178284,0.164042,0.00893,0.92012,0.31396,0.364461,1.214762,-0.99778,2.604517,0.370512,0.044853,0.01928,0.121058,0.282469,0.331569,0.653617,-0.278027,2.91919,0.1596,0.075185,0.006756,0.471083,0.250529,0.143866,1.820024,-1.105695,2.167019,0.574493,0.062597,0.014902,0.10896,0.224067,0.123112
2024-04-08 00:00:04.000,V24-SP1-02-002,V24-SP1-02,P1-SP1-EXF01,2,4.0006,1315.8,2632,0.970915,-0.297588,3.418786,0.17332,0.139807,0.018695,0.806639,0.317456,0.390342,1.340322,-1.122425,2.212257,0.52738,0.030119,0.017772,0.057111,0.207743,0.301656,0.712973,-0.429,2.713495,0.192316,0.169678,0.009776,0.882287,0.240051,0.117824,1.748597,-1.102131,2.235043,0.860159,0.050606,0.012098,0.058834,0.079677,0.148112
2024-04-08 00:00:06.001,V24-SP1-02-003,V24-SP1-02,P1-SP1-EXF01,3,6.001,1315.8,2632,0.982708,-0.54997,2.893846,0.226883,0.332513,0.00983,1.465574,0.274586,0.403217,1.416872,-1.180756,2.312871,0.623394,0.056777,0.010669,0.091077,0.206636,0.288392,0.736876,-0.363935,3.116527,0.203398,0.173346,0.011822,0.85225,0.258496,0.138427,1.629694,-1.261399,2.006088,0.865726,0.087836,0.014971,0.10146,0.131162,0.139804
2024-04-08 00:00:08.001,V24-SP1-02-004,V24-SP1-02,P1-SP1-EXF01,4,8.0013,1315.8,2632,0.979195,-0.547417,2.709159,0.180206,0.173493,0.010768,0.962749,0.266304,0.324512,1.460924,-1.108482,2.228297,0.730578,0.085894,0.028936,0.11757,0.164982,0.31147,0.739152,-0.529176,3.071379,0.189472,0.327042,0.012068,1.726072,0.150668,0.128694,1.556852,-1.270173,1.99213,0.923049,0.081461,0.023632,0.088252,0.10715,0.142009
2024-04-08 00:00:10.001,V24-SP1-02-005,V24-SP1-02,P1-SP1-EXF01,5,10.0016,1315.8,2632,0.98893,-0.277128,3.036255,0.188473,0.15905,0.018364,0.843888,0.350264,0.439078,1.451071,-1.169907,2.183378,0.740975,0.065333,0.019107,0.088172,0.169577,0.285783,0.778305,-0.447946,2.868765,0.208409,0.265083,0.017817,1.271937,0.238314,0.123197,1.533124,-1.308653,2.07263,0.935165,0.05597,0.01613,0.059851,0.099687,0.113572
2024-04-08 00:00:12.001,V24-SP1-02-006,V24-SP1-02,P1-SP1-EXF01,6,12.0019,1315.8,2632,0.98048,-0.32682,3.454648,0.185717,0.16612,0.022588,0.894477,0.324644,0.413906,1.470415,-1.090497,2.66428,0.739503,0.083047,0.03225,0.112302,0.17829,0.317161,0.7807,-0.51346,2.892851,0.205004,0.232692,0.026498,1.135061,0.229853,0.11077,1.537298,-1.327746,2.131727,0.944242,0.059092,0.012097,0.062581,0.098674,0.142254
2024-04-08 00:00:14.002,V24-SP1-02-007,V24-SP1-02,P1-SP1-EXF01,7,14.0022,1315.8,2632,1.030594,-0.294556,3.294498,0.179863,0.16226,0.017201,0.902131,0.322612,0.424374,1.495498,-1.079467,2.640317,0.75219,0.0967,0.020252,0.128558,0.190449,0.356401,0.776729,-0.500075,2.575802,0.208209,0.232227,0.025601,1.115356,0.221231,0.117624,1.548707,-1.318231,2.111461,0.937894,0.050999,0.015904,0.054376,0.104993,0.154175
2024-04-08 00:00:16.002,V24-SP1-02-008,V24-SP1-02,P1-SP1-EXF01,8,16.0026,1315.8,2632,0.999175,-0.550076,3.068096,0.187777,0.159687,0.008397,0.850412,0.329916,0.39119,1.494987,-1.022883,2.46577,0.734631,0.068828,0.030539,0.09369,0.201318,0.375543,0.783478,-0.600082,2.854944,0.204177,0.24323,0.01314,1.191271,0.211997,0.127785,1.54615,-1.328735,2.047966,0.941711,0.044868,0.015737,0.047645,0.110081,0.160171
2024-04-08 00:00:18.002,V24-SP1-02-009,V24-SP1-02,P1-SP1-EXF01,9,18.0029,1315.8,2632,0.999464,-0.551678,2.895516,0.185371,0.184954,0.012679,0.997752,0.29891,0.396432,1.531875,-1.060888,2.486687,0.760402,0.087179,0.012304,0.114648,0.214142,0.443901,0.80151,-0.51052,3.161061,0.190662,0.340654,0.010121,1.786694,0.159216,0.12797,1.549782,-1.375375,2.090426,0.922441,0.043429,0.025606,0.047081,0.108817,0.139794
2024-04-08 00:00:20.003,V24-SP1-02-010,V24-SP1-02,P1-SP1-EXF01,10,20.0032,1315.8,2632,0.996252,-0.651344,2.767695,0.184686,0.174736,0.015008,0.946123,0.28351,0.360961,1.505692,-1.014564,2.479199,0.767693,0.081087,0.023209,0.105624,0.191269,0.355184,0.82722,-0.550223,3.055539,0.217809,0.389722,0.012477,1.789282,0.134242,0.125468,1.545354,-1.368718,1.947059,0.919088,0.049551,0.023713,0.053913,0.121171,0.141786
2024-04-08 00:00:22.003,V24-SP1-02-011,V24-SP1-02,P1-SP1-EXF01,11,22.0035,1315.8,2632,0.955628,-0.537128,3.01051,0.196985,0.292272,0.016806,1.483725,0.248968,0.334378,1.498003,-0.991732,2.51235,0.737523,0.069909,0.019384,0.094789,0.201679,0.395996,0.809089,-0.660736,2.528373,0.211046,0.347659,0.016711,1.647314,0.190032,0.116241,1.548466,-1.361436,1.945946,0.84703,0.065403,0.029737,0.077215,0.062581,0.147936
2024-04-08 00:00:24.003,V24-SP1-02-012,V24-SP1-02,P1-SP1-EXF01,12,24.0038,1315.8,2632,0.989399,-0.499709,2.973369,0.186991,0.169607,0.021804,0.90703,0.302689,0.387073,1.489025,-1.048607,2.499664,0.716359,0.081934,0.021038,0.114375,0.202818,0.352213,0.822723,-0.629437,2.688903,0.216531,0.334882,0.010987,1.546578,0.205959,0.116107,1.543253,-1.398367,1.915003,0.946966,0.056676,0.029604,0.05985,0.098865,0.125919
2024-04-08 00:00:26.004,V24-SP1-02-013,V24-SP1-02,P1-SP1-EXF01,13,26.0042,1315.8,2632,0.995461,-0.692995,2.85829,0.175742,0.159122,0.008485,0.905425,0.298236,0.335783,1.485042,-1.019111,2.524918,0.709935,0.07416,0.027409,0.10446,0.196434,0.378367,0.853501,-0.619841,2.794624,0.209788,0.348616,0.020407,1.661758,0.186294,0.110431,1.545598,-1.36272,1.882825,0.947449,0.073101,0.022533,0.077155,0.095141,0.126736
2024-04-08 00:00:28.004,V24-SP1-02-014,V24-SP1-02,P1-SP1-EXF01,14,28.0045,1315.8,2632,0.956293,-0.44001,3.013966,0.181952,0.128547,0.013942,0.70649,0.263788,0.310586,1.490263,-1.042828,2.413821,0.712594,0.066431,0.021573,0.093224,0.178282,0.323292,0.841694,-0.600914,2.618517,0.203529,0.438627,0.02215,2.155102,0.113416,0.118002,1.546408,-1.363843,2.018636,0.95937,0.108289,0.026622,0.112875,0.08917,0.135038
2024-04-08 00:00:30.004,V24-SP1-02-015,V24-SP1-02,P1-SP1-EXF01,15,30.0048,1315.8,2632,1.030469,-0.575079,2.877574,0.229949,0.35247,0.013535,1.532821,0.23565,0.386245,1.503661,-1.066206,2.617752,0.70889,0.077009,0.010588,0.108634,0.211994,0.351189,0.83504,-0.563285,2.612628,0.196226,0.266077,0.010282,1.355973,0.214249,0.119149,1.550099,-1.338554,1.973021,0.960038,0.092904,0.021489,0.096771,0.099207,0.12856
2024-04-08 00:00:32.005,V24-SP1-02-016,V24-SP1-02,P1-SP1-EXF01,16,32.0051,1315.8,2632,1.018812,-0.482745,2.96446,0.184628,0.17448,0.006798,0.945034,0.292379,0.383334,1.486625,-1.044577,2.807479,0.720288,0.100881,0.024681,0.140056,0.175488,0.301253,0.867748,-0.686009,2.502473,0.205717,0.329372,0.012308,1.601096,0.19181,0.116964,1.556054,-1.325175,2.264612,0.964422,0.100293,0.023528,0.103993,0.092544,0.134613
2024-04-08 00:00:34.005,V24-SP1-02-017,V24-SP1-02,P1-SP1-EXF01,17,34.0054,1315.8,2632,1.035687,-0.462651,2.923083,0.179175,0.17373,0.011465,0.969609,0.329627,0.383858,1.504991,-1.00396,2.762035,0.728138,0.079503,0.023626,0.109187,0.185463,0.352873,0.890925,-0.619191,2.973878,0.208061,0.338226,0.018153,1.625608,0.217027,0.13538,1.545139,-1.335764,2.040629,0.96975,0.106061,0.01695,0.109369,0.087033,0.113477
2024-04-08 00:00:36.005,V24-SP1-02-018,V24-SP1-02,P1-SP1-EXF01,18,36.0058,1315.8,2632,0.990561,-0.513324,2.992118,0.201643,0.249014,0.019435,1.234927,0.237259,0.323599,1.519226,-0.986154,2.744609,0.735934,0.113092,0.015682,0.153672,0.19552,0.360033,0.905229,-0.635541,2.684025,0.214032,0.356803,0.036031,1.667055,0.203109,0.140873,1.552531,-1.338442,1.93629,0.977523,0.123767,0.012569,0.126613,0.078865,0.126434
2024-04-08 00:00:38.006,V24-SP1-02-019,V24-SP1-02,P1-SP1-EXF01,19,38.0061,1315.8,2632,1.041937,-0.458962,3.082305,0.177957,0.149288,0.012433,0.838897,0.313891,0.40334,1.486168,-1.043206,2.366473,0.70558,0.070146,0.021992,0.099417,0.196072,0.357395,0.917092,-0.64158,2.700966,0.209991,0.374918,0.026605,1.785401,0.214823,0.142796,1.551296,-1.330521,2.044569,0.967279,0.122844,0.01502,0.126999,0.090558,0.112236
2024-04-08 00:00:40.006,V24-SP1-02-020,V24-SP1-02,P1-SP1-EXF01,20,40.0064,1315.8,2632,1.02641,-0.275841,3.131758,0.177239,0.127089,0.020791,0.717047,0.333039,0.445417,1.490471,-1.041536,2.484481,0.695884,0.077293,0.01246,0.111072,0.208642,0.353312,0.96651,-0.692067,2.53778,0.206164,0.406848,0.024184,1.973418,0.201676,0.151235,1.551682,-1.357196,1.964747,0.968402,0.098896,0.012544,0.102122,0.089596,0.128506
2024-04-08 00:00:42.006,V24-SP1-02-021,V24-SP1-02,P1-SP1-EXF01,21,42.0067,1315.8,2632,1.025202,-0.314902,3.684172,0.181519,0.157108,0.010905,0.865517,0.325734,0.416687,1.514451,-0.976554,2.911438,0.709515,0.071304,0.023567,0.100496,0.194774,0.355755,0.943482,-0.673869,2.608947,0.211854,0.358519,0.02944,1.692294,0.20031,0.11923,1.552448,-1.352002,2.052364,0.968937,0.104106,0.015616,0.107444,0.089405,0.104135
2024-04-08 00:00:44.007,V24-SP1-02-022,V24-SP1-02,P1-SP1-EXF01,22,44.007,1315.8,2632,1.035398,-0.668714,3.140948,0.183234,0.165498,0.010698,0.903206,0.297371,0.398952,1.530179,-0.924702,2.914989,0.711277,0.087774,0.005422,0.123403,0.223299,0.41698,0.931608,-0.635892,2.938388,0.208676,0.337265,0.031978,1.616215,0.188576,0.131684,1.55449,-1.330235,1.940153,0.954467,0.110578,0.025384,0.115854,0.097402,0.108736
2024-04-08 00:00:46.007,V24-SP1-02-023,V24-SP1-02,P1-SP1-EXF01,23,46.0074,1315.8,2632,0.994852,-0.573693,2.629289,0.183436,0.174285,0.018449,0.950113,0.281664,0.346507,1.490385,-0.964226,2.520342,0.697432,0.072569,0.017743,0.104052,0.186492,0.338816,0.896113,-0.685975,2.486909,0.193555,0.45854,0.021852,2.369044,0.127228,0.14531,1.564214,-1.337319,2.082269,0.939343,0.077786,0.019529,0.082809,0.103672,0.137891
2024-04-08 00:00:48.007,V24-SP1-02-024,V24-SP1-02,P1-SP1-EXF01,24,48.0077,1315.8,2632,1.057123,-0.520557,3.165258,0.187378,0.186956,0.010321,0.997749,0.326685,0.416706,1.493164,-1.052517,2.52499,0.673268,0.081968,0.0211,0.121746,0.183186,0.296546,0.895523,-0.679898,2.501525,0.19215,0.288822,0.021625,1.503107,0.204703,0.117469,1.552999,-1.360223,1.954366,0.964272,0.097382,0.019992,0.10099,0.094818,0.110656
2024-04-08 00:00:50.008,V24-SP1-02-025,V24-SP1-02,P1-SP1-EXF01,25,50.008,1315.8,2632,1.011926,-0.516234,2.988396,0.190439,0.192317,0.017028,1.009861,0.309241,0.362762,1.513142,-0.898197,2.724443,0.671356,0.086548,0.010797,0.128915,0.213252,0.387079,0.903449,-0.725069,2.65243,0.198115,0.363699,0.023809,1.835793,0.191298,0.103595,1.555075,-1.351849,1.986177,0.942035,0.088826,0.01087,0.094292,0.091368,0.109646
2024-04-08 00:00:52.008,V24-SP1-02-026,V24-SP1-02,P1-SP1-EXF01,26,52.0083,1315.8,2632,0.9987,-0.433076,3.132595,0.182994,0.173296,0.019472,0.947004,0.285063,0.344628,1.499372,-1.057911,2.326719,0.682281,0.078423,0.020321,0.114943,0.21424,0.377947,0.914072,-0.764728,2.461639,0.210559,0.335876,0.022851,1.595165,0.206953,0.137114,1.563933,-1.329063,1.916108,0.945132,0.083447,0.016231,0.088291,0.10449,0.127838
2024-04-08 00:00:54.008,V24-SP1-02-027,V24-SP1-02,P1-SP1-EXF01,27,54.0086,1315.8,2632,1.067827,-0.577975,3.057215,0.1876,0.230903,0.008938,1.230831,0.325265,0.437079,1.499583,-1.014606,2.483963,0.696051,0.082627,0.022376,0.118708,0.194939,0.352643,0.908044,-0.705689,2.829214,0.217771,0.361476,0.028926,1.659891,0.188744,0.111501,1.565812,-1.346493,1.997596,0.944942,0.099527,0.011018,0.105326,0.102873,0.137804
2024-04-08 00:00:56.009,V24-SP1-02-028,V24-SP1-02,P1-SP1-EXF01,28,56.009,1315.8,2632,1.038723,-0.611745,3.129467,0.19287,0.172435,0.019538,0.894046,0.345904,0.423552,1.526714,-0.916969,2.64239,0.695744,0.105327,0.023157,0.151387,0.222688,0.408792,0.908395,-0.87281,2.415052,0.213767,0.35745,0.020366,1.672149,0.185685,0.109217,1.55825,-1.353612,2.011143,0.948589,0.093867,0.025565,0.098955,0.098261,0.117024
2024-04-08 00:00:58.009,V24-SP1-02-029,V24-SP1-02,P1-SP1-EXF01,29,58.0093,1315.8,2632,1.026686,-0.554284,2.885785,0.197344,0.189338,0.009816,0.959435,0.301502,0.348308,1.530558,-0.916167,2.637241,0.689395,0.102972,0.011112,0.149366,0.220003,0.42108,0.887727,-0.76739,2.622669,0.206345,0.305668,0.009046,1.481346,0.187836,0.107136,1.557929,-1.314111,2.062373,0.966426,0.100138,0.016236,0.103617,0.08957,0.11122
2024-04-08 00:01:00.009,V24-SP1-02-030,V24-SP1-02,P1-SP1-EXF01,30,60.0096,1315.8,2632,1.066254,-0.383622,2.979924,0.219274,0.346077,0.017192,1.578288,0.329392,0.495856,1.464056,-1.077589,2.327874,0.676955,0.053382,0.020254,0.078856,0.185622,0.309196,0.888496,-0.719014,2.747351,0.19373,0.329729,0.013412,1.702005,0.170495,0.143059,1.554612,-1.323945,2.155527,0.98005,0.123585,0.024618,0.126101,0.07383,0.096509
2024-04-08 00:01:02.009,V24-SP1-02-031,V24-SP1-02,P1-SP1-EXF01,31,62.0099,1315.8,2632,1.025837,-0.632379,2.972285,0.189502,0.176404,0.008043,0.930881,0.291015,0.369619,1.478894,-1.022582,2.693095,0.669319,0.062197,0.01392,0.092925,0.224882,0.38494,0.911196,-0.77215,2.653697,0.210149,0.436885,0.021629,2.078929,0.162574,0.103612,1.553801,-1.334846,2.059836,0.980286,0.110661,0.017081,0.112886,0.085926,0.110803
2024-04-08 00:01:04.010,V24-SP1-02-032,V24-SP1-02,P1-SP1-EXF01,32,64.0102,1315.8,2632,1.020034,-0.667306,2.770337,0.187032,0.186987,0.006274,0.999758,0.282388,0.355766,1.490245,-1.03775,2.645209,0.678177,0.035133,0.017175,0.051805,0.2231,0.423843,0.893443,-0.715377,2.740324,0.202651,0.383696,0.018194,1.893384,0.140732,0.11189,1.564635,-1.295603,2.065418,0.977102,0.102457,0.022803,0.104858,0.088708,0.145862
2024-04-08 00:01:06.010,V24-SP1-02-033,V24-SP1-02,P1-SP1-EXF01,33,66.0106,1315.8,2632,1.029468,-0.4975,3.034882,0.178425,0.145748,0.013774,0.816858,0.316637,0.4093,1.506176,-0.968372,2.532116,0.681887,0.077921,0.024767,0.114272,0.219308,0.383023,0.859744,-0.724329,2.685522,0.196202,0.297909,0.012235,1.518378,0.213181,0.1207,1.565387,-1.283218,2.127397,0.96385,0.124847,0.010637,0.12953,0.099015,0.136439
2024-04-08 00:01:08.010,V24-SP1-02-034,V24-SP1-02,P1-SP1-EXF01,34,68.0109,1315.8,2632,0.982926,-0.427273,3.028695,0.225113,0.363239,0.025121,1.613584,0.20885,0.331928,1.520523,-0.984008,2.560271,0.683263,0.061644,0.020273,0.09022,0.224675,0.442631,0.870405,-0.769078,2.492662,0.196895,0.294693,0.027904,1.496707,0.212263,0.134865,1.568156,-1.339461,2.002108,0.951798,0.077566,0.018999,0.081494,0.102576,0.140548
2024-04-08 00:01:10.011,V24-SP1-02-035,V24-SP1-02,P1-SP1-EXF01,35,70.0112,1315.8,2632,1.028285,-0.6477,2.889739,0.185108,0.155066,0.005833,0.837704,0.281447,0.397843,1.505362,-1.029896,2.574875,0.687215,0.064182,0.030472,0.093395,0.212522,0.425195,0.867085,-0.792517,2.560834,0.208955,0.374341,0.026251,1.791487,0.192212,0.116695,1.566747,-1.339759,1.954951,0.945311,0.079971,0.024527,0.084597,0.102001,0.104812
2024-04-08 00:01:12.011,V24-SP1-02-036,V24-SP1-02,P1-SP1-EXF01,36,72.0115,1315.8,2632,1.001028,-0.602968,2.894494,0.174076,0.150331,0.014267,0.863596,0.276113,0.351385,1.562616,-0.916389,2.45444,0.691055,0.092006,0.008645,0.133139,0.252686,0.474213,0.865132,-0.718281,2.564428,0.206696,0.312472,0.009392,1.511742,0.210315,0.124827,1.57495,-1.283188,2.131828,0.945214,0.179798,0.024699,0.19022,0.039197,0.126945
2024-04-08 00:01:14.011,V24-SP1-02-037,V24-SP1-02,P1-SP1-EXF01,37,74.0118,1315.8,2632,0.951859,-0.649672,2.706926,0.179483,0.157795,0.026099,0.879167,0.223379,0.292238,1.558773,-0.854312,2.70794,0.69355,0.096792,0.014173,0.13956,0.236881,0.485143,0.858603,-0.74089,2.568299,0.191747,0.409259,0.025025,2.13437,0.134148,0.121996,1.570409,-1.269016,2.040383,0.979785,0.155877,0.01972,0.159093,0.082297,0.125345
2024-04-08 00:01:16.012,V24-SP1-02-038,V24-SP1-02,P1-SP1-EXF01,38,76.0122,1315.8,2632,0.969976,-0.738965,2.702386,0.178215,0.16951,0.005675,0.951157,0.232065,0.254951,1.49974,-0.998682,2.626321,0.67575,0.056799,0.028142,0.084054,0.229324,0.41361,0.833414,-0.780811,2.758842,0.213825,0.416763,0.010873,1.949087,0.096549,0.106264,1.576842,-1.275907,2.046941,0.986749,0.145206,0.025342,0.147156,0.089682,0.137804
2024-04-08 00:01:18.012,V24-SP1-02-039,V24-SP1-02,P1-SP1-EXF01,39,78.0125,1315.8,2632,0.978134,-0.717858,2.723098,0.188544,0.19123,0.007697,1.014246,0.2716,0.333058,1.536057,-0.94495,2.553237,0.675788,0.081442,0.008691,0.120514,0.228905,0.43521,0.810092,-0.695479,2.642821,0.190584,0.232122,0.013407,1.21795,0.224799,0.114433,1.571006,-1.264428,2.006165,0.971858,0.151676,0.024142,0.156068,0.086541,0.123289
2024-04-08 00:01:20.012,V24-SP1-02-040,V24-SP1-02,P1-SP1-EXF01,40,80.0128,1315.8,2632,0.976516,-0.451267,3.35785,0.187965,0.164209,0.006448,0.873616,0.293999,0.324659,1.532864,-0.991537,2.495317,0.688768,0.072372,0.014332,0.105074,0.239799,0.427458,0.847848,-0.759181,2.900889,0.201122,0.355361,0.015315,1.76689,0.218916,0.138716,1.579601,-1.307328,2.081478,0.941481,0.100875,0.020346,0.107145,0.1141,0.150183
2024-04-08 00:01:22.013,V24-SP1-02-041,V24-SP1-02,P1-SP1-EXF01,41,82.0131,1315.8,2632,0.99023,-0.587549,2.803413,0.181498,0.174913,0.005342,0.963723,0.276695,0.324736,1.495075,-1.022478,2.451357,0.69596,0.087014,0.020262,0.125027,0.185457,0.345753,0.831317,-0.656726,3.430468,0.191172,0.282772,0.016393,1.479149,0.176683,0.108943,1.568974,-1.322114,2.049123,0.914668,0.107734,0.023403,0.117784,0.071674,0.094582
2024-04-08 00:01:24.013,V24-SP1-02-042,V24-SP1-02,P1-SP1-EXF01,42,84.0134,1315.8,2632,1.004309,-0.580011,2.784707,0.190139,0.160967,0.009308,0.846572,0.319533,0.40155,1.505568,-1.040365,2.545745,0.69794,0.081702,0.030858,0.117061,0.190995,0.358532,0.841927,-0.650556,3.394416,0.191372,0.43234,0.014867,2.259157,0.128591,0.138095,1.572994,-1.300005,2.060855,0.968622,0.103432,0.035048,0.106783,0.096313,0.130578
2024-04-08 00:01:26.013,V24-SP1-02-043,V24-SP1-02,P1-SP1-EXF01,43,86.0138,1315.8,2632,0.952738,-0.567764,3.586243,0.23561,0.397028,0.005935,1.685109,0.24382,0.358471,1.53282,-1.026604,2.298511,0.712112,0.096591,0.008733,0.135641,0.215885,0.381247,0.805509,-0.627705,2.842306,0.20571,0.275684,0.018625,1.340161,0.212516,0.123969,1.58075,-1.296554,1.941868,0.944698,0.119183,0.020341,0.12616,0.113987,0.154646
2024-04-08 00:01:28.014,V24-SP1-02-044,V24-SP1-02,P1-SP1-EXF01,44,88.0141,1315.8,2632,0.969356,-0.63051,2.86078,0.190889,0.200975,0.00816,1.052834,0.241691,0.299359,1.525236,-0.9871,2.545499,0.711521,0.09921,0.011837,0.139434,0.221603,0.417652,0.831947,-0.618056,2.772039,0.210254,0.308889,0.027414,1.46912,0.226715,0.125336,1.57585,-1.305832,1.883629,0.969915,0.113656,0.015483,0.117181,0.093114,0.123325
2024-04-08 00:01:30.014,V24-SP1-02-045,V24-SP1-02,P1-SP1-EXF01,45,90.0144,1315.8,2632,0.981911,-0.597595,3.111292,0.184328,0.179486,0.006105,0.973736,0.271865,0.317984,1.535306,-0.914008,2.459407,0.712917,0.072453,0.017997,0.101629,0.236249,0.450226,0.824812,-0.707728,2.653006,0.201921,0.320397,0.016502,1.586744,0.217874,0.122439,1.570145,-1.27199,1.996564,0.99407,0.155051,0.015284,0.155976,0.083227,0.103308
2024-04-08 00:01:32.014,V24-SP1-02-046,V24-SP1-02,P1-SP1-EXF01,46,92.0147,1315.8,2632,0.989604,-0.544656,2.912456,0.194715,0.219779,0.011126,1.128725,0.237925,0.289066,1.504846,-1.010164,2.527649,0.795516,0.14854,0.012618,0.186722,0.138554,0.34373,0.854781,-0.734653,2.558989,0.207281,0.333084,0.012917,1.606918,0.215551,0.131481,1.584358,-1.270325,2.022344,0.921975,0.166551,0.022959,0.180646,0.05522,0.126386
2024-04-08 00:01:34.015,V24-SP1-02-047,V24-SP1-02,P1-SP1-EXF01,47,94.015,1315.8,2632,0.952202,-0.519288,2.735926,0.18799,0.171251,0.019587,0.910957,0.232764,0.2772,1.491636,-0.93889,2.66959,0.662823,0.069301,0.012384,0.104555,0.218722,0.370722,0.866712,-0.692466,2.847685,0.214781,0.393878,0.017748,1.833859,0.195259,0.12457,1.577202,-1.272817,1.977821,0.957875,0.115567,0.01421,0.12065,0.10169,0.113475
2024-04-08 00:01:36.015,V24-SP1-02-048,V24-SP1-02,P1-SP1-EXF01,48,96.0154,1315.8,2632,0.963151,-0.658644,3.36531,0.182884,0.168936,0.007841,0.923735,0.261713,0.296258,1.485185,-1.00606,2.683109,0.699452,0.054378,0.018741,0.077744,0.198621,0.345593,0.802524,-0.521558,2.915652,0.207137,0.278864,0.023041,1.346276,0.248296,0.142426,1.572194,-1.320898,2.00333,0.949152,0.093706,0.017686,0.098726,0.099508,0.121563
2024-04-08 00:01:38.015,V24-SP1-02-049,V24-SP1-02,P1-SP1-EXF01,49,98.0157,1315.8,2632,0.976072,-0.597396,3.318471,0.188909,0.144557,0.007238,0.765218,0.305665,0.330798,1.502112,-1.077765,2.643142,0.715669,0.092702,0.006822,0.129532,0.181011,0.262976,0.854015,-0.585545,2.729828,0.201505,0.349589,0.017807,1.734891,0.214917,0.15232,1.581232,-1.255779,2.106893,0.928594,0.128538,0.013197,0.138422,0.091608,0.126668
2024-04-08 00:01:40.016,V24-SP1-02-050,V24-SP1-02,P1-SP1-EXF01,50,100.016,1315.8,2632,0.956913,-0.525272,3.092521,0.183231,0.141614,0.023677,0.772872,0.273914,0.312368,1.519881,-0.951696,2.626712,0.72043,0.087343,0.008798,0.121237,0.213881,0.37638,0.848778,-0.670384,2.855792,0.193837,0.464328,0.019873,2.395459,0.102587,0.107749,1.580933,-1.265063,2.078515,0.960626,0.143387,0.01939,0.149264,0.09739,0.110273
2024-04-08 00:01:42.016,V24-SP1-02-051,V24-SP1-02,P1-SP1-EXF01,51,102.0163,1315.8,2632,1.009673,-0.676447,2.918097,0.183322,0.196096,0.009461,1.069684,0.285298,0.358323,1.5291,-0.942762,2.610461,0.714568,0.089984,0.025707,0.125927,0.203614,0.423169,0.851986,-0.704517,2.878097,0.212562,0.348446,0.020525,1.639269,0.181122,0.115771,1.586175,-1.298425,1.916914,0.94001,0.117962,0.017329,0.12549,0.101912,0.123948
2024-04-08 00:01:44.016,V24-SP1-02-052,V24-SP1-02,P1-SP1-EXF01,52,104.0166,1315.8,2632,1.008269,-0.569214,3.255076,0.184213,0.159067,0.008632,0.863493,0.329094,0.356034,1.536087,-0.958187,2.449129,0.734584,0.100644,0.008338,0.137009,0.224158,0.417468,0.841585,-0.721934,2.688009,0.194768,0.310346,0.013819,1.593414,0.206492,0.11134,1.5903,-1.257526,2.043672,0.945859,0.105736,0.017333,0.111789,0.110334,0.126854
2024-04-08 00:01:46.017,V24-SP1-02-053,V24-SP1-02,P1-SP1-EXF01,53,106.017,1315.8,2632,1.017209,-0.683077,3.274587,0.191319,0.210565,0.008201,1.100597,0.2663,0.345971,1.539507,-0.871772,3.146835,0.713187,0.082734,0.009099,0.116006,0.214831,0.407088,0.850753,-0.752086,2.623725,0.19966,0.317956,0.014108,1.592487,0.194511,0.145999,1.587901,-1.265242,2.082476,0.954551,0.119716,0.029759,0.125416,0.09998,0.133897
2024-04-08 00:01:48.017,V24-SP1-02-054,V24-SP1-02,P1-SP1-EXF01,54,108.0173,1315.8,2632,1.008255,-0.552671,3.308952,0.174114,0.173325,0.003422,0.995472,0.319331,0.36974,1.541791,-0.950593,3.113786,0.711228,0.095299,0.008291,0.133993,0.21779,0.388367,0.825332,-0.649363,2.977276,0.199812,0.308775,0.021457,1.545329,0.22182,0.133742,1.587191,-1.263116,2.046355,0.959134,0.156886,0.024259,0.163571,0.097803,0.118759
2024-04-08 00:01:50.017,V24-SP1-02-055,V24-SP1-02,P1-SP1-EXF01,55,110.0176,1315.8,2632,1.063755,-0.387253,3.023732,0.183582,0.17431,0.01496,0.949493,0.314835,0.453039,1.510662,-1.014688,2.4316,0.703567,0.098061,0.012112,0.139377,0.192027,0.32631,0.853303,-0.666191,2.806525,0.188658,0.41377,0.01729,2.19323,0.125686,0.133958,1.592588,-1.221894,2.036486,0.965549,0.15663,0.029865,0.162219,0.093152,0.112857
2024-04-08 00:01:52.017,V24-SP1-02-056,V24-SP1-02,P1-SP1-EXF01,56,112.0179,1315.8,2632,1.001972,-0.477084,3.449418,0.180756,0.139083,0.01355,0.76945,0.347738,0.387277,1.49065,-1.010994,2.402593,0.690439,0.080862,0.014606,0.117117,0.195099,0.304183,0.849108,-0.703725,2.67052,0.207283,0.320205,0.007564,1.544773,0.219665,0.137141,1.592678,-1.243826,2.009963,0.954894,0.142456,0.027321,0.149185,0.105002,0.135987
2024-04-08 00:01:54.018,V24-SP1-02-057,V24-SP1-02,P1-SP1-EXF01,57,114.0182,1315.8,2632,1.014089,-0.77993,2.938649,0.232439,0.370089,0.006483,1.592201,0.217341,0.314183,1.497713,-1.026911,2.522473,0.672756,0.075925,0.017003,0.112857,0.205755,0.33864,0.886977,-0.733818,2.710666,0.204451,0.351329,0.016719,1.718404,0.18947,0.121476,1.585009,-1.266134,2.077808,0.93839,0.149235,0.020007,0.159033,0.089546,0.112011
2024-04-08 00:01:56.018,V24-SP1-02-058,V24-SP1-02,P1-SP1-EXF01,58,116.0186,1315.8,2632,1.005595,-0.691607,2.641319,0.188346,0.171448,0.009052,0.910282,0.275264,0.331733,1.525513,-0.956057,2.566682,0.729825,0.112383,0.009164,0.153987,0.196854,0.357571,0.895202,-0.690843,2.938712,0.197188,0.440728,0.008871,2.235069,0.110956,0.113787,1.577699,-1.291792,1.952785,0.913423,0.14045,0.020782,0.153762,0.07594,0.133923
2024-04-08 00:01:58.018,V24-SP1-02-059,V24-SP1-02,P1-SP1-EXF01,59,118.0189,1315.8,2632,1.025365,-0.645271,2.680229,0.176622,0.177425,0.007743,1.004545,0.317372,0.354134,1.504216,-0.933671,2.711953,0.728964,0.093665,0.015245,0.12849,0.197949,0.335935,0.891503,-0.794001,2.572046,0.219249,0.415427,0.009516,1.894776,0.185509,0.119742,1.589705,-1.2683,1.98528,0.958077,0.171202,0.020418,0.178693,0.103565,0.125689
2024-04-08 00:02:00.019,V24-SP1-02-060,V24-SP1-02,P1-SP1-EXF01,60,120.0192,1315.8,2632,0.998129,-0.64862,3.205009,0.185762,0.20323,0.009705,1.094035,0.238812,0.303502,1.486028,-1.038148,2.30123,0.677554,0.088959,0.013293,0.131294,0.182525,0.32802,0.894163,-0.789345,2.622206,0.207783,0.396298,0.019842,1.907273,0.184618,0.131206,1.58499,-1.235902,2.007322,0.92413,0.185297,0.02817,0.20051,0.056416,0.117268
2024-04-08 00:02:02.019,V24-SP1-02-061,V24-SP1-02,P1-SP1-EXF01,61,122.0195,1315.8,2632,1.012701,-0.614098,2.836694,0.174276,0.156937,0.00767,0.900507,0.302301,0.360643,1.49141,-1.01281,2.324137,0.670897,0.073726,0.010492,0.109892,0.19272,0.268845,0.857306,-0.69261,3.112742,0.205798,0.383837,0.010263,1.865112,0.200704,0.140284,1.588068,-1.270134,2.067271,0.939353,0.251442,0.021427,0.267676,0.030164,0.119559
2024-04-08 00:02:04.019,V24-SP1-02-062,V24-SP1-02,P1-SP1-EXF01,62,124.0198,1315.8,2632,1.021305,-0.446004,3.343173,0.19491,0.248455,0.009991,1.274714,0.271261,0.390356,1.52759,-0.992999,2.352067,0.692107,0.108549,0.009544,0.156838,0.192407,0.332228,0.875497,-0.741174,2.493399,0.206623,0.342142,0.00781,1.655871,0.204847,0.123211,1.597171,-1.250729,2.030779,0.97238,0.176351,0.032483,0.18136,0.092138,0.136005
2024-04-08 00:02:06.020,V24-SP1-02-063,V24-SP1-02,P1-SP1-EXF01,63,126.0202,1315.8,2632,1.019572,-0.572069,2.843775,0.176299,0.153322,0.02049,0.869668,0.287712,0.40461,1.514038,-0.959063,2.579446,0.695167,0.094989,0.019444,0.136642,0.187263,0.32724,0.837191,-0.672116,2.614626,0.20111,0.438498,0.009437,2.180392,0.100686,0.105468,1.60265,-1.224674,1.971794,0.963683,0.201005,0.022914,0.20858,0.100062,0.13863
2024-04-08 00:02:08.020,V24-SP1-02-064,V24-SP1-02,P1-SP1-EXF01,64,128.0205,1315.8,2632,1.019306,-0.618005,2.769094,0.17433,0.149312,0.007404,0.856491,0.315068,0.372239,1.505275,-0.972984,2.485537,0.67596,0.074542,0.010807,0.110276,0.206118,0.343651,0.889194,-0.766524,2.609874,0.201018,0.509999,0.013263,2.537082,0.093037,0.106652,1.601361,-1.271641,2.13489,0.9225,0.153956,0.034852,0.16689,0.105171,0.165017
2024-04-08 00:02:10.020,V24-SP1-02-065,V24-SP1-02,P1-SP1-EXF01,65,130.0208,1315.8,2632,0.990109,-0.526318,2.83568,0.192063,0.185587,0.018733,0.966279,0.315238,0.3999,1.511425,-0.915866,2.741061,0.651947,0.09897,0.007084,0.151807,0.215464,0.352411,0.906517,-0.696092,2.696199,0.197176,0.369295,0.012161,1.872924,0.187368,0.126057,1.601922,-1.286605,1.963288,0.994444,0.152006,0.032529,0.152855,0.082822,0.129504
2024-04-08 00:02:12.021,V24-SP1-02-066,V24-SP1-02,P1-SP1-EXF01,66,132.0211,1315.8,2632,0.944092,-0.786723,2.89998,0.175557,0.148686,0.006491,0.846936,0.258508,0.270619,1.490298,-1.014937,2.539373,0.652915,0.054394,0.018671,0.083309,0.218219,0.330739,0.853041,-0.723908,2.647026,0.19101,0.276803,0.012939,1.449156,0.207117,0.119019,1.567585,-1.3222,1.878476,0.971234,0.148861,0.016009,0.15327,0.092618,0.131909
2024-04-08 00:02:14.021,V24-SP1-02-067,V24-SP1-02,P1-SP1-EXF01,67,134.0214,1315.8,2632,0.964904,-0.637296,2.877647,0.172744,0.148639,0.010762,0.860458,0.313167,0.355215,1.535769,-0.943892,2.645306,0.712506,0.11665,0.007581,0.163717,0.206346,0.380005,0.881667,-0.681174,2.629541,0.182652,0.405645,0.012647,2.220869,0.140639,0.110064,1.568656,-1.322212,1.897463,0.98275,0.168588,0.017353,0.171547,0.075653,0.114026
2024-04-08 00:02:16.021,V24-SP1-02-068,V24-SP1-02,P1-SP1-EXF01,68,136.0218,1315.8,2632,0.997901,-0.700813,2.998981,0.178802,0.164818,0.010334,0.921789,0.30758,0.35807,1.529043,-0.961031,2.614744,0.917799,0.284329,0.003541,0.309794,0.118888,0.382309,0.865159,-0.66473,2.677774,0.207073,0.28591,0.01699,1.38072,0.212573,0.1236,1.557209,-1.334448,1.895787,0.977711,0.132679,0.011433,0.135704,0.088329,0.113125
2024-05-20 00:00:00.000,V24-SP1-01-000,V24-SP1-01,P1-SP1-EXF01,0,0.0,1358.7,2717,0.71853,-0.88962,3.020557,0.33338,0.023738,0.006027,0.071205,0.258632,0.23633,3.738389,-1.429903,1.794511,0.59774,0.051939,0.028979,0.086893,0.44744,0.241181,0.929155,-0.974485,2.307743,0.415947,0.039894,0.005544,0.095911,0.2335,0.198242,4.475945,-1.472403,1.680214,1.202854,0.045325,0.020786,0.037681,0.294511,0.190774
2024-05-20 00:00:01.999,V24-SP1-01-001,V24-SP1-01,P1-SP1-EXF01,1,1.9997,1358.7,2717,0.696707,-1.033233,2.367662,0.405353,0.017824,0.004558,0.043971,0.243971,0.206119,2.669108,-1.391094,2.013832,1.020913,0.019522,0.022911,0.019123,0.208892,0.226695,0.838016,-0.814043,2.823987,0.471224,0.034085,0.00338,0.072334,0.16198,0.2008,3.966389,-1.452448,1.742174,1.634541,0.04728,0.020928,0.028925,0.187459,0.197864
2024-05-20 00:00:03.999,V24-SP1-01-002,V24-SP1-01,P1-SP1-EXF01,2,3.9994,1358.7,2717,0.713921,-0.965654,2.610514,0.397609,0.013092,0.004792,0.032927,0.247405,0.221323,1.981001,-1.40979,1.956346,1.155704,0.011484,0.030812,0.009937,0.064075,0.200989,0.782608,-0.898901,3.016248,0.466133,0.058785,0.002328,0.126112,0.142473,0.187593,2.96776,-1.319449,1.876217,1.716596,0.080607,0.009341,0.046957,0.066685,0.203472
2024-05-20 00:00:05.999,V24-SP1-01-003,V24-SP1-01,P1-SP1-EXF01,3,5.9991,1358.7,2717,0.706617,-0.869388,2.857752,0.407422,0.011188,0.01767,0.027461,0.236021,0.230638,1.70935,-1.323901,1.924424,1.128708,0.00915,0.006129,0.008106,0.043082,0.162519,0.751014,-0.904699,2.567298,0.449932,0.080488,0.00241,0.178889,0.142559,0.19932,2.116462,-1.224678,2.069937,1.379896,0.097325,0.002649,0.070531,0.025015,0.197362
2024-05-20 00:00:07.998,V24-SP1-01-004,V24-SP1-01,P1-SP1-EXF01,4,7.9988,1358.7,2717,0.70364,-1.030658,2.501806,0.409898,0.017011,0.006732,0.0415,0.25491,0.224167,1.571451,-1.369746,1.971993,1.072648,0.009476,0.026819,0.008834,0.027851,0.173968,0.73867,-0.819238,2.429621,0.439044,0.096856,0.001628,0.220607,0.167106,0.194128,1.796272,-1.278092,2.218178,1.207641,0.146101,0.003851,0.12098,0.03442,0.183416
2024-05-20 00:00:09.998,V24-SP1-01-005,V24-SP1-01,P1-SP1-EXF01,5,9.9986,1358.7,2717,0.701017,-0.97377,2.476328,0.408998,0.015367,0.015874,0.037572,0.240057,0.228502,1.551477,-1.33005,1.984886,1.062338,0.010803,0.018796,0.010169,0.032988,0.169184,0.72641,-0.892136,2.627851,0.419489,0.127333,0.001688,0.303543,0.152479,0.172254,1.72243,-1.283154,2.047712,1.166276,0.144837,0.004052,0.124187,0.029438,0.154486
2024-05-20 00:00:11.998,V24-SP1-01-006,V24-SP1-01,P1-SP1-EXF01,6,11.9983,1358.7,2717,0.701108,-0.903663,2.455493,0.407075,0.020516,0.023882,0.050398,0.240285,0.22589,1.541647,-1.344895,2.044557,1.053059,0.009938,0.024537,0.009437,0.040884,0.196826,0.728954,-0.774629,2.800255,0.421869,0.11507,0.00294,0.272762,0.173403,0.170634,1.743742,-1.236577,2.128137,1.171379,0.143446,0.002561,0.122459,0.048271,0.224784
2024-05-20 00:00:13.998,V24-SP1-01-007,V24-SP1-01,P1-SP1-EXF01,7,13.998,1358.7,2717,0.722217,-0.780094,3.110796,0.4066,0.015433,0.012253,0.037956,0.269496,0.220663,1.550465,-1.256366,2.081549,1.054862,0.01419,0.0081,0.013452,0.055707,0.2271,0.718518,-0.938322,2.391926,0.427245,0.130261,0.001804,0.304885,0.129541,0.164037,1.784615,-1.263183,2.165113,1.197036,0.148453,0.005118,0.124017,0.048621,0.21606
2024-05-20 00:00:15.997,V24-SP1-01-008,V24-SP1-01,P1-SP1-EXF01,8,15.9977,1358.7,2717,0.714282,-0.933156,2.853719,0.409187,0.016998,0.003972,0.04154,0.251266,0.23249,1.5563,-1.313813,2.012204,1.062384,0.012938,0.031171,0.012178,0.045982,0.224029,0.719179,-0.914836,2.627754,0.432707,0.101413,0.00365,0.234369,0.128954,0.140497,1.804415,-1.277283,2.123262,1.223106,0.135958,0.002642,0.111158,0.034463,0.182599
2024-05-20 00:00:17.997,V24-SP1-01-009,V24-SP1-01,P1-SP1-EXF01,9,17.9974,1358.7,2717,0.706583,-0.933707,2.675685,0.407724,0.021245,0.001944,0.052107,0.228509,0.22166,1.531749,-1.30009,2.055884,1.04608,0.017606,0.032375,0.016831,0.048238,0.227995,0.733145,-0.84958,2.573865,0.4343,0.109828,0.003263,0.252885,0.151056,0.16771,1.833087,-1.292122,2.090397,1.241579,0.134573,0.003191,0.108389,0.032549,0.187444
2024-05-20 00:00:19.997,V24-SP1-01-010,V24-SP1-01,P1-SP1-EXF01,10,19.9971,1358.7,2717,0.695972,-0.85345,2.8242,0.410707,0.021081,0.01088,0.051329,0.224768,0.223394,1.539535,-1.257867,2.166334,1.048414,0.015383,0.008675,0.014673,0.056412,0.228072,0.707802,-0.913211,2.621523,0.422802,0.11493,0.003365,0.271831,0.121643,0.145186,1.795352,-1.25801,2.135599,1.203072,0.138075,0.003985,0.114769,0.051047,0.223375
2024-05-20 00:00:21.996,V24-SP1-01-011,V24-SP1-01,P1-SP1-EXF01,11,21.9968,1358.7,2717,0.69455,-0.981074,2.798144,0.409409,0.013001,0.004613,0.031756,0.244058,0.220297,1.571971,-1.316727,2.210405,1.067681,0.009598,0.031357,0.008989,0.042527,0.21229,0.739869,-0.795883,2.711528,0.427639,0.119224,0.004501,0.278797,0.182609,0.173472,1.773234,-1.322988,2.02708,1.218595,0.130808,0.005204,0.107343,0.0246,0.152816
2024-05-20 00:00:23.996,V24-SP1-01-012,V24-SP1-01,P1-SP1-EXF01,12,23.9965,1358.7,2717,0.684607,-0.976062,2.563892,0.407482,0.021177,0.021493,0.05197,0.203559,0.187678,1.57281,-1.361563,1.945247,1.070675,0.010533,0.034785,0.009838,0.036057,0.191507,0.744314,-0.778103,2.668899,0.428618,0.11267,0.002182,0.262869,0.168817,0.186403,1.753399,-1.304253,2.052328,1.184004,0.131594,0.002441,0.111144,0.030363,0.163259
2024-05-20 00:00:25.996,V24-SP1-01-013,V24-SP1-01,P1-SP1-EXF01,13,25.9963,1358.7,2717,0.703067,-0.911852,2.798314,0.409912,0.019685,0.003172,0.048022,0.2381,0.211154,1.594473,-1.360914,1.957059,1.081708,0.0102,0.012477,0.00943,0.040946,0.191708,0.700562,-0.753445,2.844853,0.389242,0.129735,0.005547,0.333302,0.173205,0.183314,1.738967,-1.294221,2.044364,1.175798,0.145538,0.004025,0.123778,0.034613,0.169965
2024-05-20 00:00:27.996,V24-SP1-01-014,V24-SP1-01,P1-SP1-EXF01,14,27.996,1358.7,2717,0.700199,-1.026083,2.894788,0.411948,0.011608,0.003295,0.028178,0.235388,0.217604,1.605774,-1.344402,2.130464,1.083985,0.011297,0.029211,0.010422,0.041769,0.192593,0.6903,-0.84305,2.480588,0.37861,0.153271,0.007343,0.404825,0.125302,0.138818,1.688233,-1.294484,2.109008,1.128472,0.146401,0.005032,0.129734,0.036287,0.172164
2024-05-20 00:00:29.995,V24-SP1-01-015,V24-SP1-01,P1-SP1-EXF01,15,29.9957,1358.7,2717,0.686688,-1.008743,2.512977,0.410357,0.012287,0.024467,0.029942,0.183379,0.179721,1.602943,-1.270977,1.996104,1.083736,0.0179,0.004048,0.016517,0.052648,0.209949,0.714597,-0.869187,2.512759,0.40983,0.130351,0.003945,0.318061,0.158427,0.176334,1.700708,-1.27705,2.192412,1.136028,0.14754,0.002733,0.129874,0.038371,0.167295
2024-05-20 00:00:31.995,V24-SP1-01-016,V24-SP1-01,P1-SP1-EXF01,16,31.9954,1358.7,2717,0.713141,-0.945787,2.603385,0.409752,0.014338,0.001946,0.034993,0.23952,0.197868,1.591303,-1.3676,2.017108,1.079466,0.012816,0.023248,0.011872,0.038047,0.188378,0.722868,-0.956196,2.460642,0.421816,0.154625,0.001628,0.366571,0.11307,0.14764,1.661256,-1.23599,2.108058,1.100806,0.150886,0.002527,0.137068,0.045953,0.179138
2024-05-20 00:00:33.995,V24-SP1-01-017,V24-SP1-01,P1-SP1-EXF01,17,33.9951,1358.7,2717,0.712436,-0.889643,2.778571,0.410961,0.011495,0.01063,0.02797,0.242493,0.208527,1.594807,-1.317024,2.039516,1.07568,0.011628,0.030951,0.01081,0.042849,0.206548,0.742095,-0.863871,2.392058,0.441882,0.11674,0.003113,0.264188,0.128322,0.174477,1.65361,-1.296978,2.119411,1.120383,0.144912,0.007115,0.129342,0.032731,0.14126
2024-05-20 00:00:35.994,V24-SP1-01-018,V24-SP1-01,P1-SP1-EXF01,18,35.9948,1358.7,2717,0.707708,-0.914232,2.750933,0.41152,0.014878,0.005958,0.036155,0.227601,0.204306,1.599049,-1.335526,2.032833,1.058881,0.007361,0.019858,0.006951,0.036213,0.188077,0.737815,-0.903195,2.660739,0.423883,0.126788,0.00199,0.299111,0.152518,0.176386,1.587661,-1.260333,2.071636,1.032083,0.152771,0.00364,0.148022,0.050787,0.177982
2024-05-20 00:00:37.994,V24-SP1-01-019,V24-SP1-01,P1-SP1-EXF01,19,37.9945,1358.7,2717,0.6977,-1.013483,2.62879,0.412295,0.008933,0.005706,0.021667,0.211923,0.209499,1.626843,-1.307512,1.971292,1.096077,0.011627,0.011782,0.010608,0.042815,0.181601,0.753035,-0.687033,2.710826,0.420598,0.127214,0.004505,0.30246,0.198144,0.196566,1.630841,-1.298888,1.958139,1.092789,0.152413,0.005293,0.139472,0.039357,0.176161
2024-05-20 00:00:39.994,V24-SP1-01-020,V24-SP1-01,P1-SP1-EXF01,20,39.9942,1358.7,2717,0.719329,-0.815538,2.763629,0.414252,0.010684,0.019264,0.025791,0.247675,0.223611,1.61142,-1.326864,1.986484,1.088455,0.014627,0.030806,0.013438,0.038946,0.187344,0.73571,-0.743601,2.826987,0.408986,0.126436,0.003457,0.309144,0.182981,0.179491,1.650515,-1.275082,1.979856,1.090529,0.154671,0.004444,0.141831,0.040535,0.178378
2024-05-20 00:00:41.994,V24-SP1-01-021,V24-SP1-01,P1-SP1-EXF01,21,41.994,1358.7,2717,0.744439,-0.869655,2.513505,0.410193,0.015889,0.006386,0.038736,0.257111,0.222412,1.609784,-1.25585,2.20355,1.083884,0.013541,0.014103,0.012493,0.047567,0.219394,0.730752,-0.787364,2.742083,0.380899,0.179464,0.004656,0.471159,0.183649,0.194193,1.66862,-1.308251,2.004096,1.10337,0.155234,0.006137,0.140691,0.038914,0.157716
2024-05-20 00:00:43.993,V24-SP1-01-022,V24-SP1-01,P1-SP1-EXF01,22,43.9937,1358.7,2717,0.718931,-0.892939,2.60424,0.409871,0.014234,0.009751,0.034727,0.261934,0.226509,1.612663,-1.339935,1.978394,1.091677,0.012349,0.025812,0.011312,0.038392,0.185216,0.749173,-0.692008,2.671629,0.405881,0.135421,0.00209,0.333646,0.2042,0.195268,1.70689,-1.302789,1.976039,1.146344,0.144866,0.004867,0.126372,0.031592,0.156619
2024-05-20 00:00:45.993,V24-SP1-01-023,V24-SP1-01,P1-SP1-EXF01,23,45.9934,1358.7,2717,0.706656,-1.016161,2.594525,0.414567,0.013405,0.007118,0.032334,0.22108,0.203082,1.638811,-1.358828,2.096876,1.102882,0.012444,0.022587,0.011283,0.034873,0.18744,0.754487,-0.775049,2.756478,0.42553,0.12163,0.00258,0.285833,0.172518,0.190105,1.798656,-1.287181,1.960971,1.235373,0.135542,0.003313,0.109717,0.028669,0.196793
2024-05-20 00:00:47.993,V24-SP1-01-024,V24-SP1-01,P1-SP1-EXF01,24,47.9931,1358.7,2717,0.710636,-0.997589,2.739855,0.412934,0.016892,0.008269,0.040907,0.226902,0.206297,1.676625,-1.238262,2.084859,1.110053,0.012359,0.005392,0.011134,0.056568,0.215866,0.745654,-0.833565,2.386275,0.425624,0.127251,0.00298,0.298974,0.154778,0.170627,1.717462,-1.294913,2.031355,1.152998,0.146376,0.006073,0.126953,0.031501,0.15934
2024-05-20 00:00:49.992,V24-SP1-01-025,V24-SP1-01,P1-SP1-EXF01,25,49.9928,1358.7,2717,0.708425,-0.919773,2.847537,0.414289,0.018505,0.012567,0.044666,0.241394,0.226207,1.653638,-1.318627,2.068313,1.105242,0.012182,0.019789,0.011022,0.043898,0.225876,0.748636,-0.7801,2.82614,0.430368,0.116594,0.002666,0.270917,0.152094,0.17539,1.748656,-1.312309,2.001039,1.196315,0.146597,0.003526,0.122541,0.025471,0.150412
2024-05-20 00:00:51.992,V24-SP1-01-026,V24-SP1-01,P1-SP1-EXF01,26,51.9925,1358.7,2717,0.697829,-1.022761,2.411215,0.410909,0.018664,0.005199,0.04542,0.215399,0.198236,1.625085,-1.351999,1.972507,1.097951,0.014502,0.021011,0.013208,0.037663,0.20353,0.746923,-0.752639,2.83253,0.436107,0.110088,0.002408,0.252434,0.149577,0.183676,1.745676,-1.299777,2.048131,1.178503,0.138949,0.002403,0.117903,0.031471,0.169499
2024-05-20 00:00:53.992,V24-SP1-01-027,V24-SP1-01,P1-SP1-EXF01,27,53.9922,1358.7,2717,0.685696,-0.902916,2.898567,0.409661,0.020314,0.028328,0.049586,0.183712,0.210122,1.629269,-1.324152,2.090047,1.096383,0.013667,0.018485,0.012466,0.043747,0.212279,0.734635,-0.852495,2.418732,0.434782,0.110969,0.002295,0.255229,0.118856,0.167735,1.802219,-1.308508,2.063772,1.232899,0.140808,0.004665,0.114209,0.026067,0.172343
2024-05-20 00:00:55.991,V24-SP1-01-028,V24-SP1-01,P1-SP1-EXF01,28,55.9919,1358.7,2717,0.710622,-0.935204,2.533799,0.412336,0.018169,0.005447,0.044062,0.228528,0.210909,1.64702,-1.246468,2.04668,1.100041,0.014549,0.007163,0.013226,0.051515,0.209265,0.703527,-0.901641,2.934058,0.406618,0.147282,0.002759,0.362211,0.098955,0.140331,1.766683,-1.315934,1.929922,1.206659,0.140191,0.003303,0.116181,0.027622,0.161411
2024-05-20 00:00:57.991,V24-SP1-01-029,V24-SP1-01,P1-SP1-EXF01,29,57.9916,1358.7,2717,0.72169,-0.854872,2.910274,0.412445,0.021329,0.007976,0.051713,0.27131,0.248238,1.643703,-1.302638,1.976177,1.101292,0.014757,0.021712,0.0134,0.040016,0.210608,0.735632,-0.885482,2.801302,0.423069,0.121808,0.003475,0.287916,0.173203,0.194625,1.688547,-1.303492,2.038787,1.130155,0.143865,0.002929,0.127296,0.036738,0.164788
2024-05-20 00:00:59.991,V24-SP1-01-030,V24-SP1-01,P1-SP1-EXF01,30,59.9914,1358.7,2717,0.702523,-0.836388,2.69248,0.413263,0.024683,0.012326,0.059728,0.232145,0.216614,1.672463,-1.278154,2.021264,1.110931,0.013072,0.004275,0.011767,0.053022,0.221309,0.72003,-0.84754,2.47929,0.409966,0.12632,0.004953,0.308124,0.165598,0.188174,1.61576,-1.314064,1.990896,1.055449,0.153238,0.004063,0.145188,0.041156,0.142657
2024-05-20 00:01:01.991,V24-SP1-01-031,V24-SP1-01,P1-SP1-EXF01,31,61.9911,1358.7,2717,0.698555,-1.028046,2.402209,0.414809,0.017654,0.003405,0.04256,0.224559,0.205092,1.66029,-1.296459,1.994467,1.106029,0.00988,0.018394,0.008933,0.049418,0.241941,0.712455,-0.838665,2.652149,0.41411,0.126728,0.003002,0.306025,0.145831,0.14747,1.629833,-1.296916,2.056081,1.073674,0.149215,0.004505,0.138976,0.036293,0.170596
2024-05-20 00:01:03.990,V24-SP1-01-032,V24-SP1-01,P1-SP1-EXF01,32,63.9908,1358.7,2717,0.722307,-0.910811,3.107537,0.413253,0.016822,0.010052,0.040707,0.287083,0.24921,1.654028,-1.297025,2.084534,1.106533,0.0144,0.010052,0.013013,0.051102,0.221796,0.707705,-0.852909,2.778275,0.418138,0.115196,0.002111,0.275498,0.130975,0.150918,1.637802,-1.262074,2.138686,1.077803,0.153702,0.006286,0.142607,0.046912,0.169278
2024-05-20 00:01:05.990,V24-SP1-01-033,V24-SP1-01,P1-SP1-EXF01,33,65.9905,1358.7,2717,0.705363,-0.923094,2.439991,0.412869,0.020811,0.007106,0.050406,0.207054,0.199209,1.653681,-1.330314,1.990765,1.100877,0.014293,0.026518,0.012983,0.053971,0.246596,0.701548,-0.794693,2.956484,0.401475,0.11982,0.002698,0.29845,0.147065,0.160941,1.65229,-1.285256,2.087019,1.096836,0.138368,0.002667,0.126152,0.042498,0.180727
2024-05-20 00:01:07.990,V24-SP1-01-034,V24-SP1-01,P1-SP1-EXF01,34,67.9902,1358.7,2717,0.71474,-0.952585,2.731374,0.413973,0.013117,0.001822,0.031686,0.228271,0.202387,1.640109,-1.333934,2.004605,1.098295,0.008878,0.022735,0.008083,0.045931,0.221906,0.696634,-0.75739,2.968079,0.368664,0.146457,0.003247,0.397265,0.165257,0.179727,1.738492,-1.296268,2.091787,1.175788,0.139759,0.001481,0.118864,0.031616,0.176921
2024-05-20 00:01:09.989,V24-SP1-01-035,V24-SP1-01,P1-SP1-EXF01,35,69.9899,1358.7,2717,0.732074,-0.908209,2.661116,0.414895,0.012122,0.002434,0.029217,0.260882,0.24403,1.649688,-1.265201,2.034684,1.099868,0.011921,0.005517,0.010839,0.058204,0.234365,0.682245,-0.905238,2.50147,0.391757,0.122728,0.003256,0.313277,0.154551,0.167133,1.790537,-1.305618,2.028716,1.222438,0.129402,0.003198,0.105856,0.026897,0.176663
2024-05-20 00:01:11.989,V24-SP1-01-036,V24-SP1-01,P1-SP1-EXF01,36,71.9896,1358.7,2717,0.710802,-1.043189,2.57849,0.415725,0.014165,0.015938,0.034073,0.207362,0.177286,1.65033,-1.249051,2.056173,1.099919,0.012848,0.004703,0.011681,0.064989,0.255309,0.69326,-0.889533,2.728757,0.401101,0.117863,0.002606,0.293848,0.148256,0.164471,1.732697,-1.275393,2.167426,1.158054,0.154006,0.004498,0.132987,0.03651,0.176874
2024-05-20 00:01:13.989,V24-SP1-01-037,V24-SP1-01,P1-SP1-EXF01,37,73.9893,1358.7,2717,0.699052,-1.049296,2.462981,0.412211,0.012903,0.006481,0.031303,0.230253,0.196382,1.645805,-1.322899,2.075074,1.102704,0.009646,0.017974,0.008748,0.045713,0.240912,0.724465,-0.799741,2.816093,0.423387,0.117582,0.001992,0.277718,0.146629,0.175131,1.668941,-1.26441,2.244457,1.07601,0.193308,0.005171,0.179653,0.033882,0.171242
2024-05-20 00:01:15.989,V24-SP1-01-038,V24-SP1-01,P1-SP1-EXF01,38,75.9891,1358.7,2717,0.721632,-1.10809,2.386358,0.414794,0.0117,0.007156,0.028208,0.227972,0.220305,1.668784,-1.305665,2.180088,1.108977,0.012485,0.020641,0.011258,0.045912,0.230576,0.728446,-0.727588,2.900924,0.413308,0.116312,0.002904,0.281418,0.184115,0.217242,1.629297,-1.236239,2.251925,1.056442,0.163352,0.00625,0.154625,0.049178,0.178468
2024-05-20 00:01:17.988,V24-SP1-01-039,V24-SP1-01,P1-SP1-EXF01,39,77.9888,1358.7,2717,0.705131,-1.036268,2.332611,0.413646,0.010921,0.019109,0.026402,0.214568,0.196144,1.681729,-1.215314,2.100636,1.11668,0.011381,0.00262,0.010192,0.063166,0.273833,0.697751,-0.761865,3.193048,0.37904,0.133746,0.004491,0.352855,0.186058,0.189829,1.643985,-1.26824,2.143269,1.078101,0.154499,0.005602,0.143306,0.045425,0.189014
2024-05-20 00:01:19.988,V24-SP1-01-040,V24-SP1-01,P1-SP1-EXF01,40,79.9885,1358.7,2717,0.701669,-1.077829,2.500559,0.418029,0.009923,0.007589,0.023737,0.214473,0.191306,1.631967,-1.308918,2.236992,1.098352,0.015842,0.029763,0.014423,0.040339,0.206245,0.710006,-0.839835,2.764661,0.407452,0.111793,0.003372,0.274372,0.183981,0.17509,1.788507,-1.272422,2.040534,1.215428,0.1422,0.005164,0.116996,0.035278,0.178452
2024-05-20 00:01:21.988,V24-SP1-01-041,V24-SP1-01,P1-SP1-EXF01,41,81.9882,1358.7,2717,0.701278,-1.117505,2.348057,0.416761,0.019487,0.004418,0.046758,0.221374,0.192953,1.630491,-1.32152,1.989149,1.093338,0.013521,0.011386,0.012366,0.047266,0.212143,0.694243,-0.883955,2.502175,0.405428,0.112441,0.003327,0.277339,0.155055,0.153532,1.824847,-1.295223,1.99551,1.240525,0.145792,0.002353,0.117524,0.024078,0.143878
2024-05-20 00:01:23.987,V24-SP1-01-042,V24-SP1-01,P1-SP1-EXF01,42,83.9879,1358.7,2717,0.698503,-1.089632,2.415381,0.413334,0.015922,0.005683,0.038521,0.221797,0.203559,1.620451,-1.295336,2.052467,1.091916,0.015735,0.008774,0.01441,0.052987,0.212349,0.701724,-0.944978,2.433129,0.413124,0.13735,0.003382,0.332466,0.121544,0.159868,1.696481,-1.287372,2.193862,1.117679,0.157839,0.00455,0.14122,0.034491,0.140908
2024-05-20 00:01:25.987,V24-SP1-01-043,V24-SP1-01,P1-SP1-EXF01,43,85.9876,1358.7,2717,0.711933,-0.999586,2.738251,0.415259,0.019548,0.005433,0.047075,0.241023,0.20948,1.624521,-1.238877,2.095861,1.090835,0.014453,0.002744,0.013249,0.052887,0.235243,0.713228,-0.891322,2.758027,0.432353,0.107213,0.003194,0.247975,0.115329,0.15978,1.733528,-1.273484,2.143653,1.160121,0.154384,0.005322,0.133076,0.036255,0.170587
2024-05-20 00:01:27.987,V24-SP1-01-044,V24-SP1-01,P1-SP1-EXF01,44,87.9873,1358.7,2717,0.709261,-1.054791,2.743796,0.413852,0.018653,0.005782,0.045072,0.233558,0.200729,1.631032,-1.191686,2.135118,1.087585,0.018168,0.001908,0.016704,0.083663,0.303466,0.707106,-0.851873,3.234065,0.399836,0.11954,0.002266,0.298974,0.172038,0.182475,1.786855,-1.28524,2.034136,1.220184,0.144653,0.002221,0.11855,0.026845,0.156114
2024-05-20 00:01:29.987,V24-SP1-01-045,V24-SP1-01,P1-SP1-EXF01,45,89.987,1358.7,2717,0.701763,-1.044709,2.873631,0.416311,0.017896,0.006441,0.042987,0.206736,0.187498,1.572197,-1.329662,2.002693,1.070347,0.014109,0.031594,0.013182,0.038672,0.203641,0.701029,-0.82722,2.839465,0.399929,0.128619,0.003594,0.321605,0.146199,0.163302,1.658403,-1.281682,1.983306,1.116789,0.162245,0.005596,0.145278,0.037008,0.169213
2024-05-20 00:01:31.986,V24-SP1-01-046,V24-SP1-01,P1-SP1-EXF01,46,91.9868,1358.7,2717,0.700897,-1.031259,2.878813,0.416931,0.021194,0.006995,0.050834,0.225815,0.222119,1.591275,-1.289445,1.911442,1.078314,0.014063,0.008042,0.013042,0.050416,0.191054,0.704108,-0.778399,3.27884,0.382683,0.117662,0.004499,0.307467,0.222205,0.20932,1.601867,-1.287337,1.982813,1.046625,0.1686,0.007066,0.161089,0.041916,0.144179
2024-05-20 00:01:33.986,V24-SP1-01-047,V24-SP1-01,P1-SP1-EXF01,47,93.9865,1358.7,2717,0.690547,-1.085384,2.493918,0.41454,0.021557,0.005289,0.052003,0.219022,0.213605,1.673127,-1.279415,2.049127,1.110417,0.011849,0.005072,0.010671,0.05337,0.212803,0.70565,-0.842483,2.544635,0.40774,0.117237,0.004815,0.287529,0.159277,0.170834,1.689679,-1.255482,2.138403,1.127613,0.163715,0.004963,0.145187,0.036168,0.155214
2024-05-20 00:01:35.986,V24-SP1-01-048,V24-SP1-01,P1-SP1-EXF01,48,95.9862,1358.7,2717,0.70634,-0.998114,2.388397,0.412484,0.016157,0.00626,0.03917,0.265592,0.220827,1.636973,-1.306056,2.090591,1.099905,0.008151,0.022424,0.007411,0.047024,0.209313,0.712481,-0.86936,2.649888,0.398701,0.154367,0.002603,0.387175,0.140188,0.167296,1.750466,-1.303075,1.975975,1.185517,0.153609,0.004388,0.129572,0.027224,0.145325
2024-05-20 00:01:37.985,V24-SP1-01-049,V24-SP1-01,P1-SP1-EXF01,49,97.9859,1358.7,2717,0.684958,-1.012681,2.516277,0.412298,0.02099,0.010917,0.05091,0.199756,0.18759,1.626644,-1.255553,2.050752,1.097974,0.014529,0.003887,0.013233,0.048887,0.228681,0.710034,-0.804102,2.49758,0.40536,0.129286,0.002203,0.318941,0.146306,0.177505,1.778383,-1.293069,1.962092,1.211753,0.14775,0.002621,0.121931,0.029368,0.165205
2024-05-20 00:01:39.985,V24-SP1-01-050,V24-SP1-01,P1-SP1-EXF01,50,99.9856,1358.7,2717,0.702383,-0.939574,2.771625,0.414972,0.02023,0.010792,0.048751,0.22188,0.217946,1.615503,-1.25781,1.963922,1.091878,0.015624,0.003944,0.01431,0.050587,0.203616,0.714437,-0.792483,2.773123,0.393138,0.16725,0.002614,0.425423,0.16171,0.182229,1.748131,-1.281795,2.013567,1.172919,0.155755,0.003726,0.132793,0.033288,0.15814
2024-05-20 00:01:41.985,V24-SP1-01-051,V24-SP1-01,P1-SP1-EXF01,51,101.9853,1358.7,2717,0.696286,-1.100032,2.501215,0.416945,0.015027,0.002944,0.036042,0.192758,0.18015,1.607613,-1.28763,2.028515,1.087159,0.015505,0.010408,0.014262,0.053221,0.229295,0.708069,-0.745755,2.666633,0.347426,0.16738,0.005317,0.481773,0.195679,0.198657,1.729175,-1.270007,2.039117,1.153417,0.169123,0.006065,0.146628,0.034951,0.175164
2024-05-20 00:01:43.985,V24-SP1-01-052,V24-SP1-01,P1-SP1-EXF01,52,103.985,1358.7,2717,0.698696,-1.044993,2.465001,0.413794,0.013352,0.015945,0.032268,0.221032,0.203773,1.614269,-1.250428,2.031914,1.086702,0.018532,0.028379,0.017054,0.058802,0.225198,0.725049,-0.720119,2.736763,0.402438,0.129326,0.002776,0.321356,0.198677,0.191947,1.775822,-1.27457,2.030347,1.201076,0.16325,0.003005,0.13592,0.031746,0.184361
2024-05-20 00:01:45.984,V24-SP1-01-053,V24-SP1-01,P1-SP1-EXF01,53,105.9847,1358.7,2717,0.695016,-0.964068,2.855021,0.416102,0.020123,0.00704,0.04836,0.217417,0.203678,1.622925,-1.231809,2.221007,1.091625,0.019039,0.00183,0.017441,0.063823,0.24232,0.715747,-0.640953,3.214542,0.371185,0.170591,0.003725,0.459585,0.192226,0.194019,1.837961,-1.266101,2.126209,1.247887,0.147205,0.003052,0.117964,0.036114,0.212642
2024-05-20 00:01:47.984,V24-SP1-01-054,V24-SP1-01,P1-SP1-EXF01,54,107.9844,1358.7,2717,0.709945,-1.037802,2.715327,0.413686,0.012342,0.005064,0.029833,0.245832,0.221419,1.633717,-1.193983,2.215106,1.099142,0.015281,0.003102,0.013903,0.063174,0.257339,0.69857,-0.810467,2.578769,0.404389,0.13167,0.00408,0.325603,0.138214,0.161129,1.806812,-1.261505,2.099045,1.210225,0.158167,0.004067,0.130692,0.03371,0.184223
2024-05-20 00:01:49.984,V24-SP1-01-055,V24-SP1-01,P1-SP1-EXF01,55,109.9842,1358.7,2717,0.715346,-1.001182,2.698618,0.413966,0.020091,0.004025,0.048534,0.242958,0.227229,1.640475,-1.259136,2.050254,1.104442,0.011075,0.004422,0.010028,0.054925,0.217557,0.702905,-0.850143,2.66557,0.404665,0.129506,0.004287,0.320034,0.127974,0.157276,1.770241,-1.273115,2.010136,1.181609,0.15455,0.004479,0.130796,0.033581,0.180359
2024-05-20 00:01:51.983,V24-SP1-01-056,V24-SP1-01,P1-SP1-EXF01,56,111.9839,1358.7,2717,0.70757,-1.057342,2.380645,0.414893,0.020536,0.002639,0.049497,0.235482,0.236132,1.635459,-1.274595,2.085532,1.102491,0.015772,0.005122,0.014306,0.038476,0.1768,0.71985,-0.771498,2.604598,0.417101,0.126666,0.002266,0.303682,0.14875,0.164099,1.742083,-1.279456,2.10458,1.173644,0.159052,0.00279,0.13552,0.033159,0.181662
2024-05-20 00:01:53.983,V24-SP1-01-057,V24-SP1-01,P1-SP1-EXF01,57,113.9836,1358.7,2717,0.726587,-0.926005,2.544408,0.413118,0.012269,0.005481,0.029697,0.280374,0.249824,1.650085,-1.35013,1.908692,1.111573,0.009895,0.035509,0.008901,0.033867,0.193792,0.741195,-0.764116,2.858759,0.422778,0.125903,0.002232,0.2978,0.188756,0.213554,1.711678,-1.275795,2.035571,1.139504,0.161516,0.004479,0.141742,0.035059,0.161983
2024-05-20 00:01:55.983,V24-SP1-01-058,V24-SP1-01,P1-SP1-EXF01,58,115.9833,1358.7,2717,0.731681,-0.913359,2.609549,0.405743,0.012902,0.017367,0.031798,0.288192,0.243997,1.637772,-1.270437,1.975071,1.105112,0.019237,0.002309,0.017407,0.044069,0.221319,0.715577,-0.826584,2.802294,0.409288,0.129252,0.002729,0.315797,0.150896,0.166769,1.748181,-1.268283,2.068971,1.175922,0.158179,0.004369,0.134515,0.035458,0.171415
2024-05-20 00:01:57.983,V24-SP1-01-059,V24-SP1-01,P1-SP1-EXF01,59,117.983,1358.7,2717,0.733652,-0.832826,2.753265,0.41308,0.017797,0.004851,0.043085,0.292879,0.263434,1.614249,-1.258164,2.074348,1.095415,0.017507,0.002995,0.015982,0.049663,0.217136,0.70949,-0.86883,2.824744,0.406487,0.125822,0.002748,0.309534,0.150877,0.167344,1.724343,-1.260394,2.18551,1.154588,0.156855,0.003022,0.135853,0.038716,0.175248
2024-05-20 00:01:59.982,V24-SP1-01-060,V24-SP1-01,P1-SP1-EXF01,60,119.9827,1358.7,2717,0.701214,-1.174664,2.53989,0.415626,0.013159,0.004866,0.031662,0.207485,0.184639,1.632609,-1.324065,2.16722,1.109343,0.011818,0.014017,0.010653,0.037453,0.177731,0.721218,-0.82028,2.880594,0.411366,0.126053,0.00444,0.306425,0.175304,0.172376,1.729799,-1.265687,2.17668,1.150812,0.161832,0.007174,0.140624,0.036351,0.170766
2024-05-20 00:02:01.982,V24-SP1-01-061,V24-SP1-01,P1-SP1-EXF01,61,121.9824,1358.7,2717,0.71783,-1.043271,2.612339,0.412493,0.018,0.004708,0.043638,0.24817,0.199533,1.667957,-1.324472,1.999347,1.124848,0.016256,0.010455,0.014451,0.040349,0.172819,0.722396,-0.799267,2.652041,0.416669,0.132845,0.003009,0.318825,0.13874,0.170832,1.714879,-1.294824,2.09708,1.132021,0.152889,0.005265,0.135058,0.043602,0.18633
2024-05-20 00:02:03.982,V24-SP1-01-062,V24-SP1-01,P1-SP1-EXF01,62,123.9821,1358.7,2717,0.72629,-0.952955,2.582053,0.410542,0.016229,0.004101,0.039531,0.270063,0.237106,1.672589,-1.287544,2.014746,1.118456,0.016126,0.002401,0.014418,0.050812,0.21987,0.712914,-0.821724,2.60642,0.407023,0.132057,0.004105,0.324445,0.156674,0.166013,1.717026,-1.296495,1.960508,1.154626,0.147065,0.005296,0.12737,0.037366,0.170298
2024-05-20 00:02:05.981,V24-SP1-01-063,V24-SP1-01,P1-SP1-EXF01,63,125.9819,1358.7,2717,0.717609,-0.980136,2.660119,0.410367,0.011808,0.004067,0.028774,0.262074,0.229529,1.652767,-1.264645,2.080516,1.111141,0.012835,0.002974,0.011552,0.050407,0.212134,0.700892,-0.836914,2.594849,0.381257,0.13927,0.003851,0.365291,0.194602,0.197228,1.664059,-1.281535,2.001301,1.097336,0.169082,0.007948,0.154084,0.038256,0.15706
2024-05-20 00:02:07.981,V24-SP1-01-064,V24-SP1-01,P1-SP1-EXF01,64,127.9816,1358.7,2717,0.716179,-1.057209,2.438227,0.411638,0.013796,0.003188,0.033515,0.243563,0.219272,1.664947,-1.315127,1.993045,1.113221,0.014045,0.015751,0.012616,0.043514,0.195356,0.712418,-0.77343,2.647696,0.345007,0.171513,0.0032,0.49713,0.175984,0.203866,1.663961,-1.263214,1.923582,1.102191,0.165555,0.003005,0.150205,0.036882,0.155351
2024-05-20 00:02:09.981,V24-SP1-01-065,V24-SP1-01,P1-SP1-EXF01,65,129.9813,1358.7,2717,0.720125,-1.008961,2.702338,0.412883,0.013314,0.005924,0.032245,0.257811,0.225474,1.701808,-1.276077,1.898775,1.126134,0.009946,0.006729,0.008832,0.054401,0.23621,0.71767,-0.653179,3.004849,0.399167,0.126359,0.005724,0.316557,0.186884,0.183508,1.666372,-1.270569,2.18152,1.090921,0.158432,0.007488,0.145227,0.049625,0.168466
2024-05-20 00:02:11.981,V24-SP1-01-066,V24-SP1-01,P1-SP1-EXF01,66,131.981,1358.7,2717,0.702659,-0.927231,2.720995,0.411536,0.011792,0.02032,0.028654,0.21057,0.193917,1.722487,-1.26844,2.048183,1.135053,0.008783,0.002781,0.007738,0.056867,0.212379,0.714445,-0.719745,2.83344,0.392058,0.126264,0.004052,0.322054,0.194983,0.186449,1.677225,-1.258685,2.126005,1.10323,0.160135,0.004748,0.145152,0.043366,0.166657
2024-05-20 00:02:13.980,V24-SP1-01-067,V24-SP1-01,P1-SP1-EXF01,67,133.9807,1358.7,2717,0.722611,-0.9186,2.746244,0.406026,0.018007,0.005463,0.044349,0.290946,0.243298,1.652439,-1.243282,2.125369,1.105302,0.014932,0.002353,0.01351,0.052321,0.217344,0.711746,-0.86589,2.548642,0.415314,0.123137,0.002593,0.296491,0.147475,0.167475,1.754285,-1.207843,2.072131,1.156816,0.174112,0.008971,0.15051,0.050093,0.218917
2024-05-20 00:02:15.980,V24-SP1-01-068,V24-SP1-01,P1-SP1-EXF01,68,135.9804,1358.7,2717,0.70692,-1.123058,2.486804,0.409052,0.013813,0.004296,0.033767,0.220149,0.21975,1.629697,-1.269979,2.03833,1.102567,0.016182,0.004785,0.014676,0.050809,0.19169,0.69654,-0.915294,2.602536,0.413853,0.118277,0.001751,0.285795,0.116941,0.136304,1.778328,-1.231192,2.093905,1.188148,0.164354,0.004007,0.138328,0.040395,0.192465
2024-05-20 00:02:17.980,V24-SP1-01-069,V24-SP1-01,P1-SP1-EXF01,69,137.9801,1358.7,2717,0.707216,-0.912627,2.599118,0.408832,0.01134,0.028918,0.027738,0.21498,0.215457,1.617355,-1.254879,2.073857,1.092847,0.016924,0.00517,0.015486,0.052667,0.218106,0.691709,-0.879613,2.574254,0.37319,0.158268,0.005927,0.424096,0.130482,0.165442,1.677805,-1.209867,2.125051,1.09142,0.188192,0.004502,0.172428,0.040057,0.171032
2024-07-01 00:00:00.000,V24-SP2-01-000,V24-SP2-01,P1-SP2-EXF01,0,0.0,1358.7,2717,0.579387,0.212823,3.880563,0.097241,0.018209,0.008026,0.187256,0.842279,0.398592,1.078374,-0.713003,2.957897,0.421326,0.023111,0.013383,0.054853,0.422836,0.443035,0.615108,0.002907,3.543551,0.13105,0.034971,0.069774,0.266854,0.672381,0.358397,1.88026,-1.174805,2.126883,0.954976,0.045354,0.010876,0.047493,0.139805,0.209267
2024-07-01 00:00:01.999,V24-SP2-01-001,V24-SP2-01,P1-SP2-EXF01,1,1.9997,1358.7,2717,0.566525,0.00234,4.665227,0.097708,0.018729,0.003797,0.191684,0.82707,0.353664,1.058405,-0.517488,3.013565,0.580084,0.021348,0.009231,0.036802,0.348746,0.444687,0.606448,0.07672,3.900451,0.147782,0.029368,0.040115,0.198722,0.63578,0.349242,1.245395,-0.712739,2.915958,0.762931,0.068629,0.013453,0.089954,0.100278,0.216969
2024-07-01 00:00:03.999,V24-SP2-01-002,V24-SP2-01,P1-SP2-EXF01,2,3.9994,1358.7,2717,0.526535,0.302843,5.020106,0.097595,0.021451,0.007008,0.2198,0.795571,0.33618,1.019834,-0.717982,2.871065,0.589221,0.020304,0.010195,0.034459,0.28028,0.365786,0.640593,-0.006293,3.448268,0.128835,0.056475,0.010849,0.438349,0.748712,0.423328,0.953907,-0.795606,2.645974,0.570374,0.10862,0.029254,0.190436,0.171213,0.214087
2024-07-01 00:00:05.999,V24-SP2-01-003,V24-SP2-01,P1-SP2-EXF01,3,5.9991,1358.7,2717,0.65106,0.296286,4.117196,0.096088,0.02146,0.003698,0.223336,0.842726,0.420437,1.023796,-0.647726,3.445567,0.583021,0.019958,0.011229,0.034232,0.29711,0.384263,0.59873,0.173644,3.85205,0.09344,0.096484,0.032916,1.032577,0.747771,0.393848,0.81541,-0.589489,3.669549,0.454893,0.084576,0.019122,0.185925,0.216216,0.21425
2024-07-01 00:00:07.998,V24-SP2-01-004,V24-SP2-01,P1-SP2-EXF01,4,7.9988,1358.7,2717,0.612635,0.145978,3.851445,0.095135,0.021502,0.011174,0.226014,0.839151,0.327218,1.04155,-0.510513,3.385903,0.579065,0.020368,0.007185,0.035174,0.328373,0.406744,0.501491,-0.005122,3.438703,0.083147,0.088684,0.006452,1.066589,0.724829,0.306161,0.793598,-0.715749,3.142186,0.419726,0.084866,0.018099,0.202193,0.263945,0.237079
2024-07-01 00:00:09.998,V24-SP2-01-005,V24-SP2-01,P1-SP2-EXF01,5,9.9986,1358.7,2717,0.651495,0.041803,3.450514,0.098878,0.01356,0.008032,0.137141,0.860978,0.40264,1.020278,-0.787714,2.720021,0.596207,0.016738,0.010789,0.028074,0.259556,0.334688,0.575036,0.412295,4.133772,0.074656,0.081965,0.007287,1.097903,0.747931,0.379106,0.790513,-0.75201,3.012006,0.400214,0.096012,0.014368,0.239901,0.222972,0.217978
2024-07-01 00:00:11.998,V24-SP2-01-006,V24-SP2-01,P1-SP2-EXF01,6,11.9983,1358.7,2717,0.66201,-0.003704,3.451911,0.101205,0.009275,0.010161,0.09164,0.791202,0.441398,1.05475,-0.848161,2.876799,0.62401,0.009437,0.007806,0.015124,0.198471,0.314203,0.663947,0.001498,3.698115,0.093999,0.108422,0.009879,1.15344,0.756618,0.411536,0.765022,-0.725186,2.599751,0.403476,0.078613,0.020948,0.194841,0.21982,0.175101
2024-07-01 00:00:13.998,V24-SP2-01-007,V24-SP2-01,P1-SP2-EXF01,7,13.998,1358.7,2717,0.646121,-0.065727,3.477838,0.100693,0.011818,0.010222,0.11737,0.817632,0.392911,1.096254,-0.732652,2.978445,0.626354,0.01223,0.008791,0.019526,0.272005,0.36045,0.71174,-0.071487,3.548787,0.093786,0.108332,0.010467,1.155092,0.797561,0.443612,0.760485,-0.723528,2.772699,0.380015,0.087134,0.018332,0.229291,0.297197,0.233388
2024-07-01 00:00:15.997,V24-SP2-01-008,V24-SP2-01,P1-SP2-EXF01,8,15.9977,1358.7,2717,0.666141,0.068782,3.880773,0.099494,0.018069,0.007173,0.181611,0.830979,0.413492,1.068718,-0.810886,2.787842,0.623925,0.007528,0.003267,0.012066,0.23536,0.335655,0.647958,0.227649,3.562034,0.088585,0.088804,0.012758,1.002474,0.790914,0.413156,0.749913,-0.665162,3.457909,0.365749,0.087159,0.017337,0.238303,0.262822,0.204947
2024-07-01 00:00:17.997,V24-SP2-01-009,V24-SP2-01,P1-SP2-EXF01,9,17.9974,1358.7,2717,0.655376,0.098221,3.572118,0.100238,0.0152,0.00706,0.15164,0.843999,0.429534,1.045302,-0.832375,2.651788,0.62207,0.011432,0.00538,0.018377,0.20866,0.318845,0.701866,0.039708,3.362911,0.08852,0.100393,0.00745,1.13413,0.801455,0.504462,0.77948,-0.564743,3.328169,0.37863,0.10582,0.014931,0.279481,0.291221,0.212025
2024-07-01 00:00:19.997,V24-SP2-01-010,V24-SP2-01,P1-SP2-EXF01,10,19.9971,1358.7,2717,0.804979,0.156576,3.752034,0.10011,0.019475,0.007188,0.194533,0.86215,0.520054,1.0759,-0.714669,3.099498,0.617113,0.013409,0.008375,0.021729,0.301718,0.391386,0.676533,0.266736,3.660901,0.084903,0.100198,0.010815,1.180149,0.805677,0.463921,0.748118,-0.837773,2.570959,0.409807,0.091352,0.019049,0.222916,0.194917,0.185068
2024-07-01 00:00:21.996,V24-SP2-01-011,V24-SP2-01,P1-SP2-EXF01,11,21.9968,1358.7,2717,0.768061,0.169448,3.761174,0.099166,0.017679,0.008031,0.178275,0.861312,0.496449,1.102319,-0.674477,2.639249,0.597333,0.018051,0.009883,0.03022,0.376645,0.451072,0.665248,0.201212,4.00167,0.088294,0.095223,0.00897,1.078488,0.801586,0.44699,0.753134,-0.797012,2.925862,0.409685,0.096018,0.019804,0.234371,0.204561,0.195492
2024-07-01 00:00:23.996,V24-SP2-01-012,V24-SP2-01,P1-SP2-EXF01,12,23.9965,1358.7,2717,0.743452,0.061432,3.70605,0.09912,0.017827,0.004897,0.179853,0.864826,0.479843,1.081426,-0.648492,2.77382,0.593241,0.014953,0.010641,0.025205,0.34037,0.438768,0.626313,0.052791,3.735842,0.084801,0.108581,0.010099,1.280423,0.731723,0.398819,0.788952,-0.697633,2.881771,0.424957,0.09741,0.018056,0.229224,0.23233,0.198059
2024-07-01 00:00:25.996,V24-SP2-01-013,V24-SP2-01,P1-SP2-EXF01,13,25.9963,1358.7,2717,0.694735,0.040055,3.396257,0.099358,0.016866,0.012598,0.16975,0.807117,0.457402,1.062515,-0.547353,3.655978,0.586126,0.018935,0.01079,0.032306,0.372622,0.471951,0.610479,0.284967,3.837463,0.087714,0.100125,0.009554,1.141494,0.770763,0.415073,0.802274,-0.716363,2.860092,0.421201,0.102168,0.019853,0.242563,0.225916,0.211629
2024-07-01 00:00:27.996,V24-SP2-01-014,V24-SP2-01,P1-SP2-EXF01,14,27.996,1358.7,2717,0.742868,-0.022831,3.709313,0.101732,0.009323,0.007993,0.091646,0.858506,0.486171,0.991027,-0.615455,2.838035,0.556068,0.023204,0.00901,0.041729,0.334553,0.408357,0.59967,0.069924,3.562001,0.083295,0.103516,0.012119,1.242767,0.750402,0.383489,0.821334,-0.710601,2.905202,0.448751,0.107325,0.024035,0.239164,0.23249,0.223725
2024-07-01 00:00:29.995,V24-SP2-01-015,V24-SP2-01,P1-SP2-EXF01,15,29.9957,1358.7,2717,0.717623,0.084164,3.838579,0.100431,0.018379,0.008157,0.182996,0.827509,0.425704,1.024529,-0.566837,2.96429,0.554288,0.026834,0.011989,0.048412,0.356285,0.430769,0.555139,0.111062,3.846668,0.083465,0.1021,0.007925,1.223259,0.695122,0.314546,0.812867,-0.662665,2.942961,0.447166,0.104024,0.024109,0.232629,0.200865,0.190251
2024-07-01 00:00:31.995,V24-SP2-01-016,V24-SP2-01,P1-SP2-EXF01,16,31.9954,1358.7,2717,0.603504,0.139591,4.131369,0.09932,0.011821,0.005392,0.119024,0.826826,0.370587,0.965331,-0.606794,3.146561,0.550692,0.026769,0.016961,0.048609,0.308425,0.36192,0.56778,0.083424,4.061302,0.086703,0.10582,0.009413,1.220486,0.759926,0.375539,0.776757,-0.777133,2.762951,0.430274,0.104644,0.020332,0.243202,0.192674,0.17931
2024-07-01 00:00:33.995,V24-SP2-01-017,V24-SP2-01,P1-SP2-EXF01,17,33.9951,1358.7,2717,0.637277,0.074856,3.408146,0.098736,0.017702,0.012151,0.179282,0.825134,0.408041,0.949278,-0.749013,2.823216,0.558553,0.028171,0.014618,0.050436,0.27594,0.333458,0.695867,0.361554,4.231077,0.084524,0.104555,0.010124,1.236975,0.776538,0.449215,0.793401,-0.858329,2.633,0.449978,0.10189,0.02352,0.226433,0.186167,0.190364
2024-07-01 00:00:35.994,V24-SP2-01-018,V24-SP2-01,P1-SP2-EXF01,18,35.9948,1358.7,2717,0.738797,0.218087,3.807662,0.091515,0.030879,0.013818,0.337418,0.847239,0.445348,0.960525,-0.847805,2.80996,0.583698,0.023515,0.013153,0.040286,0.235168,0.304192,0.63817,0.297467,4.520954,0.083517,0.103834,0.00699,1.243268,0.763582,0.397458,0.856392,-0.760957,2.732832,0.50396,0.108259,0.022485,0.214817,0.18022,0.182041
2024-07-01 00:00:37.994,V24-SP2-01-019,V24-SP2-01,P1-SP2-EXF01,19,37.9945,1358.7,2717,0.747138,0.04555,3.282619,0.09298,0.025035,0.008682,0.269251,0.863535,0.458019,1.018392,-1.002115,2.578445,0.614596,0.012982,0.007142,0.021122,0.215146,0.34197,0.682144,0.105013,3.322521,0.086524,0.102436,0.011175,1.183906,0.741123,0.440052,0.849642,-0.832471,2.929898,0.49844,0.099851,0.023434,0.200328,0.172105,0.200928
2024-07-01 00:00:39.994,V24-SP2-01-020,V24-SP2-01,P1-SP2-EXF01,20,39.9942,1358.7,2717,0.666486,-0.004477,3.401461,0.094975,0.024073,0.009913,0.253466,0.859248,0.443492,1.049776,-0.857728,3.112942,0.623514,0.012279,0.008057,0.019693,0.209546,0.326198,0.698052,0.119959,3.386092,0.091481,0.116554,0.009086,1.274076,0.762158,0.432892,0.868468,-0.722387,2.85968,0.489757,0.120929,0.015659,0.246915,0.225111,0.228602
2024-07-01 00:00:41.994,V24-SP2-01-021,V24-SP2-01,P1-SP2-EXF01,21,41.994,1358.7,2717,0.642344,0.070482,3.938716,0.09703,0.010617,0.004353,0.109424,0.82965,0.431417,1.083133,-0.612473,3.203687,0.615551,0.013351,0.010087,0.02169,0.277288,0.375423,0.688735,0.231679,3.974103,0.097144,0.120184,0.008812,1.237171,0.801205,0.490752,0.819875,-0.862905,2.902207,0.487658,0.102218,0.020153,0.209611,0.152683,0.17403
2024-07-01 00:00:43.993,V24-SP2-01-022,V24-SP2-01,P1-SP2-EXF01,22,43.9937,1358.7,2717,0.678052,0.004559,3.923603,0.098079,0.004651,0.003153,0.047422,0.839031,0.450616,1.132356,-0.584025,3.113335,0.619196,0.014849,0.006309,0.023981,0.336011,0.424848,0.67363,0.099541,3.867135,0.092167,0.110859,0.010414,1.20281,0.782279,0.464302,0.816231,-0.785145,2.619382,0.468102,0.101556,0.018702,0.216953,0.19923,0.200632
2024-07-01 00:00:45.993,V24-SP2-01-023,V24-SP2-01,P1-SP2-EXF01,23,45.9934,1358.7,2717,0.638049,0.232107,4.171249,0.097534,0.020535,0.010899,0.210538,0.862386,0.410444,1.159066,-0.636341,3.012321,0.629288,0.008936,0.010884,0.0142,0.322135,0.474473,0.632574,0.294092,3.940466,0.082743,0.10511,0.014391,1.270321,0.729665,0.414044,0.785327,-0.67969,2.988112,0.43086,0.101493,0.017057,0.23556,0.236993,0.225179
2024-07-01 00:00:47.993,V24-SP2-01-024,V24-SP2-01,P1-SP2-EXF01,24,47.9931,1358.7,2717,0.559758,0.03291,4.585549,0.097028,0.023179,0.011342,0.238888,0.835705,0.33412,1.207983,-0.600863,3.361565,0.635057,0.008779,0.006164,0.013823,0.361666,0.496253,0.691781,0.391228,4.642077,0.080986,0.104555,0.006721,1.291022,0.848058,0.548164,0.796003,-0.652474,3.143628,0.425317,0.102294,0.014641,0.240512,0.232217,0.193004
2024-07-01 00:00:49.992,V24-SP2-01-025,V24-SP2-01,P1-SP2-EXF01,25,49.9928,1358.7,2717,0.683158,0.230326,3.785289,0.096322,0.026486,0.012381,0.274971,0.857828,0.474778,1.135179,-0.645411,2.644359,0.622109,0.012596,0.00982,0.020247,0.312455,0.397238,0.646459,0.01405,3.769336,0.082317,0.113574,0.014326,1.379717,0.752791,0.459149,0.778997,-0.685413,3.244704,0.397944,0.118836,0.014746,0.298626,0.202913,0.194298
2024-07-01 00:00:51.992,V24-SP2-01-026,V24-SP2-01,P1-SP2-EXF01,26,51.9925,1358.7,2717,0.717103,0.051435,3.186939,0.098469,0.018817,0.011517,0.191095,0.833453,0.463762,1.111359,-0.61192,2.964907,0.617114,0.014578,0.008105,0.023623,0.311352,0.403789,0.683916,0.024344,3.809577,0.085233,0.117222,0.010023,1.375318,0.720609,0.44737,0.793717,-0.609727,2.986753,0.423806,0.108689,0.01815,0.25646,0.226329,0.19937
2024-07-01 00:00:53.992,V24-SP2-01-027,V24-SP2-01,P1-SP2-EXF01,27,53.9922,1358.7,2717,0.715989,-0.004245,3.92671,0.096347,0.023273,0.010478,0.241557,0.827629,0.451798,1.091229,-0.681302,2.941755,0.600717,0.017781,0.008861,0.0296,0.342533,0.415552,0.662974,0.180806,3.784864,0.088051,0.113717,0.016138,1.291493,0.759384,0.430043,0.79652,-0.589542,2.959995,0.422339,0.114463,0.013618,0.271023,0.23073,0.202687
2024-07-01 00:00:55.991,V24-SP2-01-028,V24-SP2-01,P1-SP2-EXF01,28,55.9919,1358.7,2717,0.71588,-0.2128,3.166361,0.097956,0.025441,0.010334,0.259718,0.856066,0.46546,1.044401,-0.633032,2.891771,0.594285,0.02159,0.012835,0.036329,0.304551,0.387705,0.72623,0.109355,3.589466,0.091321,0.11464,0.010021,1.255345,0.763231,0.4881,0.815907,-0.519255,3.008997,0.42842,0.111598,0.015687,0.260488,0.257435,0.208859
2024-07-01 00:00:57.991,V24-SP2-01-029,V24-SP2-01,P1-SP2-EXF01,29,57.9916,1358.7,2717,0.724079,-0.047641,3.936146,0.097819,0.023746,0.008777,0.242758,0.863006,0.498336,0.990688,-0.677838,2.686116,0.576429,0.023531,0.009547,0.040823,0.273959,0.329346,0.582845,0.026015,3.218799,0.091532,0.117192,0.009558,1.28034,0.716899,0.351179,0.818965,-0.676964,2.993694,0.402874,0.130567,0.008593,0.32409,0.231584,0.214071
2024-07-01 00:00:59.991,V24-SP2-01-030,V24-SP2-01,P1-SP2-EXF01,30,59.9914,1358.7,2717,0.638651,-0.034624,3.517931,0.098192,0.026332,0.011933,0.268173,0.866187,0.429385,0.997921,-0.759379,2.856068,0.586277,0.019365,0.006415,0.03303,0.272621,0.307479,0.60908,0.173698,3.933832,0.089459,0.117325,0.012406,1.311496,0.750514,0.411953,0.728927,-0.746718,2.856381,0.391932,0.110222,0.010705,0.281228,0.202753,0.167391
2024-07-01 00:01:01.991,V24-SP2-01-031,V24-SP2-01,P1-SP2-EXF01,31,61.9911,1358.7,2717,0.682434,0.135395,3.594996,0.09734,0.017903,0.008916,0.183918,0.869451,0.514771,1.008068,-0.885034,2.842827,0.606638,0.018502,0.007407,0.030499,0.217733,0.30185,0.617519,0.220066,4.678777,0.091148,0.117483,0.007769,1.288927,0.754801,0.450732,0.699527,-0.774803,2.745156,0.354389,0.090717,0.00924,0.255982,0.217908,0.194044
2024-07-01 00:01:03.990,V24-SP2-01-032,V24-SP2-01,P1-SP2-EXF01,32,63.9908,1358.7,2717,0.665034,-0.145586,3.125803,0.097324,0.0222,0.00995,0.228102,0.873505,0.472816,1.036771,-0.850352,2.762674,0.606935,0.016556,0.005133,0.027278,0.267175,0.385648,0.570379,0.040286,3.671891,0.082953,0.11233,0.010511,1.354142,0.722306,0.358264,0.685052,-0.816669,2.791692,0.349488,0.108945,0.013736,0.311728,0.18971,0.156617
2024-07-01 00:01:05.990,V24-SP2-01-033,V24-SP2-01,P1-SP2-EXF01,33,65.9905,1358.7,2717,0.566465,0.26894,3.567673,0.097602,0.023511,0.010619,0.240886,0.792508,0.343829,1.054708,-0.74349,2.787322,0.611963,0.014443,0.005056,0.023601,0.249556,0.344546,0.574734,-0.082112,3.7905,0.095958,0.12724,0.006269,1.325992,0.740314,0.372007,0.728396,-0.778998,3.062326,0.379488,0.110417,0.010329,0.290963,0.210253,0.176647
2024-07-01 00:01:07.990,V24-SP2-01-034,V24-SP2-01,P1-SP2-EXF01,34,67.9902,1358.7,2717,0.595434,0.275515,4.629397,0.101219,0.011062,0.00898,0.109289,0.840271,0.398524,1.065319,-0.709991,2.604911,0.612185,0.014042,0.011165,0.022937,0.271014,0.392913,0.604699,0.204738,3.407977,0.090476,0.10776,0.007952,1.191025,0.700621,0.392122,0.817249,-0.805226,3.096452,0.465788,0.116451,0.016173,0.250008,0.198283,0.19369
2024-07-01 00:01:09.989,V24-SP2-01-035,V24-SP2-01,P1-SP2-EXF01,35,69.9899,1358.7,2717,0.587612,0.145085,3.633058,0.100087,0.016801,0.002854,0.167868,0.836759,0.406209,1.093321,-0.603053,3.005656,0.603065,0.018568,0.011787,0.030789,0.332634,0.421574,0.644076,-0.059674,3.458667,0.088857,0.119522,0.010919,1.345114,0.788359,0.438964,0.815316,-0.68458,2.830904,0.453718,0.11408,0.016887,0.251434,0.208289,0.188627
2024-07-01 00:01:11.989,V24-SP2-01-036,V24-SP2-01,P1-SP2-EXF01,36,71.9896,1358.7,2717,0.544694,-0.066069,3.50684,0.101936,0.013194,0.007774,0.12943,0.808912,0.380352,1.05327,-0.730701,2.738964,0.584934,0.023185,0.009037,0.039637,0.340996,0.39072,0.639011,0.262028,3.933063,0.084516,0.10853,0.010328,1.284127,0.773626,0.414957,0.840703,-0.849038,2.613594,0.501628,0.10864,0.016305,0.216575,0.160815,0.187953
2024-07-01 00:01:13.989,V24-SP2-01-037,V24-SP2-01,P1-SP2-EXF01,37,73.9893,1358.7,2717,0.614163,0.099817,3.44633,0.100605,0.00839,0.006783,0.083399,0.822416,0.40226,1.041166,-0.596301,3.405959,0.584263,0.021009,0.01079,0.035957,0.317547,0.389562,0.656774,-0.099745,3.650492,0.090364,0.116869,0.006409,1.293307,0.757328,0.428209,0.831077,-0.798626,3.003465,0.458589,0.134648,0.014228,0.293613,0.181156,0.204553
2024-07-01 00:01:15.989,V24-SP2-01-038,V24-SP2-01,P1-SP2-EXF01,38,75.9891,1358.7,2717,0.583158,-0.035215,3.727575,0.101029,0.016911,0.004936,0.167389,0.847951,0.374914,1.056733,-0.674146,3.354436,0.595884,0.0197,0.008214,0.03306,0.322961,0.389946,0.622954,0.221921,4.301253,0.081701,0.114136,0.007453,1.396997,0.745105,0.412546,0.790962,-0.71612,2.726243,0.399212,0.116934,0.021938,0.292912,0.248751,0.212362
2024-07-01 00:01:17.988,V24-SP2-01-039,V24-SP2-01,P1-SP2-EXF01,39,77.9888,1358.7,2717,0.590905,0.253593,4.247037,0.097955,0.019538,0.010683,0.199462,0.840337,0.391469,1.062936,-0.710346,2.768794,0.593778,0.021508,0.009363,0.036222,0.332027,0.436526,0.541679,0.121328,3.457127,0.083183,0.106959,0.006883,1.285828,0.694909,0.334162,0.78943,-0.522462,3.017462,0.385959,0.112349,0.010485,0.29109,0.277033,0.224252
2024-07-01 00:01:19.988,V24-SP2-01-040,V24-SP2-01,P1-SP2-EXF01,40,79.9885,1358.7,2717,0.662562,0.107194,3.790669,0.090522,0.032257,0.009799,0.356343,0.873011,0.450067,1.050465,-0.511854,3.374407,0.579287,0.024212,0.009462,0.041797,0.348332,0.398423,0.534566,0.041279,3.779036,0.088075,0.107013,0.012032,1.215024,0.668439,0.3255,0.785278,-0.49452,3.020737,0.3574,0.11051,0.007941,0.309204,0.319534,0.266696
2024-07-01 00:01:21.988,V24-SP2-01-041,V24-SP2-01,P1-SP2-EXF01,41,81.9882,1358.7,2717,0.53405,-0.027839,3.856653,0.092462,0.036958,0.0098,0.399703,0.839045,0.33016,1.006096,-0.680754,3.20816,0.575915,0.023752,0.008322,0.041242,0.300483,0.362537,0.635007,0.200755,3.975995,0.077063,0.104406,0.005663,1.354813,0.743995,0.418329,0.868915,-0.18332,3.638392,0.406861,0.109373,0.015433,0.268822,0.370131,0.300986
2024-07-01 00:01:23.987,V24-SP2-01-042,V24-SP2-01,P1-SP2-EXF01,42,83.9879,1358.7,2717,0.553036,0.037266,3.55284,0.095817,0.020928,0.007907,0.218415,0.840042,0.371349,1.033363,-0.524217,3.233397,0.57038,0.025902,0.016782,0.045412,0.346441,0.399702,0.564725,-0.026322,3.949421,0.077701,0.093249,0.006858,1.200103,0.752499,0.383091,0.830827,-0.576661,2.916178,0.437631,0.108511,0.015996,0.247952,0.263364,0.257446
2024-07-01 00:01:25.987,V24-SP2-01-043,V24-SP2-01,P1-SP2-EXF01,43,85.9876,1358.7,2717,0.503246,-0.136464,3.64143,0.09606,0.007812,0.004746,0.081324,0.80577,0.316793,1.036421,-0.755966,3.223438,0.596419,0.013867,0.009114,0.023251,0.291514,0.357095,0.586916,0.175407,3.888844,0.09119,0.100444,0.015976,1.101479,0.771008,0.397998,0.800019,-0.4986,3.31626,0.400743,0.111644,0.013655,0.278593,0.292183,0.240465
2024-07-01 00:01:27.987,V24-SP2-01-044,V24-SP2-01,P1-SP2-EXF01,44,87.9873,1358.7,2717,0.528721,0.079298,3.575395,0.096791,0.013723,0.003567,0.141775,0.810673,0.33276,1.025583,-0.780285,2.762798,0.604787,0.017167,0.007686,0.028386,0.257751,0.345075,0.606548,0.048328,3.712111,0.100027,0.128291,0.01367,1.282562,0.682049,0.352928,0.734176,-0.717684,2.873554,0.375042,0.109319,0.009621,0.291484,0.236474,0.210598
2024-07-01 00:01:29.987,V24-SP2-01-045,V24-SP2-01,P1-SP2-EXF01,45,89.987,1358.7,2717,0.62689,0.306935,4.032516,0.097569,0.016037,0.006731,0.164369,0.840602,0.425426,1.041748,-0.642083,2.974437,0.596418,0.014533,0.009269,0.024367,0.291489,0.360198,0.583548,0.00584,3.430401,0.081482,0.103063,0.011228,1.26485,0.752116,0.371002,0.726136,-0.800337,2.714105,0.384117,0.109242,0.011096,0.284397,0.206271,0.181529
2024-07-01 00:01:31.986,V24-SP2-01-046,V24-SP2-01,P1-SP2-EXF01,46,91.9868,1358.7,2717,0.634836,0.142593,4.339137,0.096546,0.016826,0.00502,0.17428,0.857955,0.425911,0.998118,-0.806567,3.104084,0.595758,0.017536,0.014093,0.029435,0.230793,0.322015,0.579368,0.145867,3.69194,0.080266,0.099927,0.0093,1.244952,0.738434,0.380055,0.798436,-0.764957,2.992753,0.454355,0.114944,0.018391,0.252983,0.20163,0.20764
2024-07-01 00:01:33.986,V24-SP2-01-047,V24-SP2-01,P1-SP2-EXF01,47,93.9865,1358.7,2717,0.728446,0.252422,3.653363,0.094368,0.026604,0.012675,0.281921,0.822023,0.481804,1.015202,-0.80234,2.901839,0.600593,0.016789,0.009591,0.027953,0.252969,0.32432,0.634338,0.727904,4.499221,0.075691,0.105021,0.008469,1.387491,0.765163,0.454284,0.852779,-0.764928,2.959408,0.477977,0.110884,0.01925,0.231987,0.206784,0.20664
2024-07-01 00:01:35.986,V24-SP2-01-048,V24-SP2-01,P1-SP2-EXF01,48,95.9862,1358.7,2717,0.687666,-0.122558,3.406017,0.092886,0.03058,0.015349,0.329222,0.8479,0.46147,1.038388,-0.759168,2.727771,0.607223,0.016098,0.009689,0.026512,0.275903,0.356153,0.727647,0.056855,3.942862,0.085423,0.109454,0.007694,1.281324,0.803638,0.482924,0.836097,-0.864027,2.739145,0.465331,0.145492,0.012931,0.312664,0.16478,0.201574
2024-07-01 00:01:37.985,V24-SP2-01-049,V24-SP2-01,P1-SP2-EXF01,49,97.9859,1358.7,2717,0.585248,0.026408,3.420037,0.091539,0.03325,0.013002,0.363226,0.820939,0.385627,1.041995,-0.690453,2.736071,0.603203,0.016382,0.009696,0.027158,0.308174,0.393304,0.674927,0.326154,3.78239,0.084759,0.103088,0.008192,1.21624,0.756889,0.442298,0.745899,-0.740043,2.952897,0.397254,0.111287,0.01253,0.280141,0.199312,0.168057
2024-07-01 00:01:39.985,V24-SP2-01-050,V24-SP2-01,P1-SP2-EXF01,50,99.9856,1358.7,2717,0.497197,0.07879,3.763979,0.0914,0.034038,0.013613,0.372406,0.822364,0.303694,0.998308,-0.80503,2.895153,0.598366,0.017024,0.009261,0.028451,0.229099,0.340867,0.654,-0.006159,3.64445,0.084792,0.115971,0.01149,1.36771,0.777896,0.433543,0.727895,-0.70554,2.848219,0.374162,0.117999,0.010301,0.315368,0.208008,0.18278
2024-07-01 00:01:41.985,V24-SP2-01-051,V24-SP2-01,P1-SP2-EXF01,51,101.9853,1358.7,2717,0.554367,-0.20299,3.511257,0.094064,0.018755,0.007331,0.199382,0.796062,0.34903,1.009135,-0.779788,2.677937,0.607737,0.01466,0.011724,0.024122,0.215267,0.313878,0.596367,0.170398,3.643174,0.090216,0.112307,0.013674,1.244873,0.711984,0.371766,0.75023,-0.652489,2.790502,0.349344,0.113366,0.01549,0.324512,0.269749,0.220806
2024-07-01 00:01:43.985,V24-SP2-01-052,V24-SP2-01,P1-SP2-EXF01,52,103.985,1358.7,2717,0.57549,0.248138,4.004019,0.096229,0.018298,0.008758,0.190145,0.841076,0.353211,0.975971,-0.832503,2.688705,0.598298,0.019786,0.009778,0.03307,0.210706,0.315747,0.712302,0.198556,4.162693,0.08752,0.108825,0.013313,1.243438,0.774741,0.479758,0.759778,-0.660294,3.694344,0.400916,0.125756,0.00859,0.313672,0.195629,0.180931
2024-07-01 00:01:45.984,V24-SP2-01-053,V24-SP2-01,P1-SP2-EXF01,53,105.9847,1358.7,2717,0.672708,0.361825,4.096859,0.097583,0.016924,0.012876,0.173427,0.848719,0.430515,1.026272,-0.840476,2.944996,0.619283,0.017777,0.011214,0.028705,0.240778,0.333311,0.610333,0.349249,3.809462,0.099011,0.124206,0.004442,1.254464,0.730168,0.390954,0.739638,-0.520115,3.02419,0.370574,0.108065,0.012864,0.291615,0.248045,0.205762
2024-07-01 00:01:47.984,V24-SP2-01-054,V24-SP2-01,P1-SP2-EXF01,54,107.9844,1358.7,2717,0.535037,0.021585,3.604311,0.096553,0.023391,0.010082,0.242262,0.835411,0.311875,1.03532,-0.853784,2.591392,0.611222,0.017296,0.010747,0.028297,0.238765,0.3447,0.551274,0.079313,4.219823,0.086507,0.107112,0.008974,1.238182,0.684711,0.346777,0.712649,-0.625234,3.249104,0.375367,0.103818,0.007704,0.276577,0.174891,0.170182
2024-07-01 00:01:49.984,V24-SP2-01-055,V24-SP2-01,P1-SP2-EXF01,55,109.9842,1358.7,2717,0.486248,-0.01942,3.809209,0.09327,0.02358,0.010842,0.252818,0.797382,0.287315,1.063243,-0.800344,2.436201,0.614911,0.014465,0.008411,0.023524,0.270256,0.386219,0.555874,0.03218,3.431653,0.083447,0.100039,0.004795,1.198831,0.707534,0.340757,0.756114,-0.652738,3.049782,0.371495,0.107268,0.011164,0.288748,0.280507,0.238892
2024-07-01 00:01:51.983,V24-SP2-01-056,V24-SP2-01,P1-SP2-EXF01,56,111.9839,1358.7,2717,0.577519,0.129188,3.856704,0.099185,0.016154,0.004919,0.162871,0.834409,0.363905,1.071381,-0.748924,2.911064,0.615211,0.01441,0.007586,0.023422,0.248293,0.33596,0.706555,0.328055,4.328248,0.085261,0.104019,0.008065,1.220005,0.808264,0.487625,0.759526,-0.78888,2.681415,0.405726,0.120196,0.014914,0.29625,0.202619,0.197226
2024-07-01 00:01:53.983,V24-SP2-01-057,V24-SP2-01,P1-SP2-EXF01,57,113.9836,1358.7,2717,0.694851,0.451233,4.076168,0.100981,0.00856,0.006922,0.084773,0.853418,0.45503,1.072947,-0.821808,2.915743,0.618994,0.013298,0.010443,0.021483,0.278988,0.362125,0.665818,0.361906,4.421468,0.087322,0.093604,0.011241,1.07194,0.756325,0.408706,0.724583,-0.475628,3.690817,0.366531,0.105627,0.014619,0.28818,0.255007,0.201846
2024-07-01 00:01:55.983,V24-SP2-01-058,V24-SP2-01,P1-SP2-EXF01,58,115.9833,1358.7,2717,0.677801,-0.052117,3.730333,0.099641,0.01859,0.005582,0.186573,0.807211,0.444518,1.072258,-0.773162,2.958645,0.618219,0.016213,0.007259,0.026226,0.273612,0.401853,0.665022,0.3189,3.603101,0.082362,0.106116,0.008872,1.288411,0.758847,0.49344,0.70727,-0.622662,2.853828,0.339757,0.111051,0.014333,0.326854,0.263846,0.213905
2024-07-01 00:01:57.983,V24-SP2-01-059,V24-SP2-01,P1-SP2-EXF01,59,117.983,1358.7,2717,0.725987,0.397894,4.858186,0.093375,0.02347,0.010404,0.251347,0.841199,0.461223,1.045907,-0.67922,2.926853,0.596654,0.021955,0.011439,0.036797,0.307162,0.380399,0.642273,0.377804,3.7049,0.09597,0.122445,0.014354,1.275866,0.747476,0.433819,0.733665,-0.577987,3.026785,0.33671,0.109628,0.012864,0.325587,0.273919,0.227241
2024-07-01 00:01:59.982,V24-SP2-01-060,V24-SP2-01,P1-SP2-EXF01,60,119.9827,1358.7,2717,0.750383,0.392354,4.697262,0.098153,0.019394,0.01127,0.197585,0.834507,0.476398,1.001233,-0.730827,2.941977,0.572675,0.023218,0.008043,0.040543,0.302154,0.374873,0.616709,0.530578,4.657895,0.105083,0.126749,0.018779,1.206176,0.6897,0.341909,0.763884,-0.5792,3.122093,0.390018,0.118089,0.017711,0.302779,0.254845,0.222423
2024-07-01 00:02:01.982,V24-SP2-01-061,V24-SP2-01,P1-SP2-EXF01,61,121.9824,1358.7,2717,0.653324,0.09193,3.554808,0.093048,0.025246,0.013634,0.271329,0.862155,0.436015,1.013569,-0.703637,2.662749,0.588326,0.021115,0.011703,0.03589,0.265827,0.345681,0.635173,-0.028456,3.301502,0.089567,0.123097,0.007683,1.374355,0.748027,0.415945,0.798981,-0.581693,3.109104,0.392682,0.116524,0.009202,0.296738,0.320247,0.274408
2024-07-01 00:02:03.982,V24-SP2-01-062,V24-SP2-01,P1-SP2-EXF01,62,123.9821,1358.7,2717,0.595054,0.077997,3.619625,0.092605,0.029701,0.011754,0.320729,0.84067,0.393015,1.068602,-0.523422,2.966972,0.590667,0.020834,0.009603,0.035271,0.348351,0.440355,0.624393,0.195967,3.60449,0.078031,0.106994,0.004939,1.371179,0.707693,0.442496,0.804489,-0.533794,3.370865,0.417651,0.118567,0.015133,0.28389,0.235931,0.212727
2024-07-01 00:02:05.981,V24-SP2-01-063,V24-SP2-01,P1-SP2-EXF01,63,125.9819,1358.7,2717,0.576612,0.182925,3.733651,0.095284,0.022159,0.010044,0.232557,0.798115,0.355394,1.123445,-0.445283,2.804419,0.5893,0.021653,0.011889,0.036743,0.397417,0.482317,0.679485,0.321947,3.918334,0.079859,0.101885,0.006749,1.275807,0.756418,0.465704,0.834051,-0.624726,3.172841,0.462786,0.107712,0.015123,0.232747,0.268525,0.263481
2024-07-01 00:02:07.981,V24-SP2-01-064,V24-SP2-01,P1-SP2-EXF01,64,127.9816,1358.7,2717,0.61662,0.352913,3.952916,0.093712,0.027479,0.01592,0.29323,0.851731,0.395576,1.112986,-0.321665,3.405258,0.59455,0.018326,0.008034,0.030823,0.386549,0.484196,0.70166,-0.013193,3.799507,0.085389,0.101853,0.013599,1.192817,0.775175,0.442438,0.773961,-0.642753,3.129944,0.387966,0.111939,0.009164,0.288528,0.263338,0.22392
2024-07-01 00:02:09.981,V24-SP2-01-065,V24-SP2-01,P1-SP2-EXF01,65,129.9813,1358.7,2717,0.641049,0.108813,3.945583,0.098477,0.017384,0.007865,0.176524,0.838198,0.433263,1.083088,-0.553,3.688929,0.607523,0.015976,0.009178,0.026297,0.28558,0.407831,0.626859,0.125058,4.007165,0.084658,0.111671,0.008394,1.319076,0.734879,0.420704,0.73905,-0.388475,3.029075,0.390681,0.11336,0.009265,0.290159,0.293379,0.227623
2024-07-01 00:02:11.981,V24-SP2-01-066,V24-SP2-01,P1-SP2-EXF01,66,131.981,1358.7,2717,0.637016,-0.219118,3.497916,0.101715,0.009055,0.010142,0.08902,0.81782,0.42131,1.064351,-0.667242,2.75166,0.603082,0.021593,0.009988,0.035804,0.298919,0.379978,0.57924,-0.124104,3.360538,0.091554,0.125061,0.01574,1.365983,0.70753,0.354448,0.717187,-0.632352,2.964131,0.339499,0.104874,0.008636,0.308909,0.274373,0.206235
2024-07-01 00:02:13.980,V24-SP2-01-067,V24-SP2-01,P1-SP2-EXF01,67,133.9807,1358.7,2717,0.6573,0.028104,4.02223,0.096791,0.020185,0.009401,0.208541,0.835193,0.471782,1.053274,-0.739763,2.831295,0.608026,0.011567,0.008943,0.019023,0.26692,0.356291,0.629761,-0.014296,3.633582,0.09874,0.132673,0.01249,1.343654,0.730791,0.425451,0.724088,-0.535364,2.939109,0.388197,0.118561,0.012332,0.305414,0.275459,0.222612
2024-07-01 00:02:15.980,V24-SP2-01-068,V24-SP2-01,P1-SP2-EXF01,68,135.9804,1358.7,2717,0.671868,0.186557,3.711757,0.098285,0.008392,0.007849,0.085386,0.836505,0.425225,1.06186,-0.646136,3.071588,0.607884,0.016444,0.009472,0.027051,0.28516,0.370253,0.660604,-0.074387,3.264897,0.095752,0.123509,0.011825,1.289886,0.763445,0.453818,0.73637,-0.660365,2.987001,0.345341,0.109281,0.016256,0.316443,0.260779,0.218297
2024-07-01 00:02:17.980,V24-SP2-01-069,V24-SP2-01,P1-SP2-EXF01,69,137.9801,1358.7,2717,0.73218,0.15859,3.377515,0.097731,0.016354,0.00715,0.167334,0.846626,0.459762,1.054242,-0.718789,2.878986,0.5992,0.016581,0.008479,0.027671,0.302146,0.374789,0.665913,0.299488,4.222941,0.087315,0.124932,0.011131,1.430806,0.742476,0.44914,0.732233,-0.758333,2.892953,0.384492,0.095268,0.014403,0.247775,0.211172,0.190515
2024-08-12 00:00:00.000,V24-SP1-04-000,V24-SP1-04,P1-SP1-EXF01,0,0.0,1314.1,2628,0.662189,-0.229453,3.443693,0.102752,0.087285,0.01397,0.849473,0.632989,0.223099,0.964174,-0.641111,2.690606,0.105501,0.010509,0.005287,0.099606,0.835859,0.213175,1.06364,-0.711097,2.744648,0.144479,0.027807,0.013539,0.192467,0.751107,0.213108,1.159948,-1.013673,2.686496,0.248181,0.027714,0.011568,0.111668,0.662658,0.157786
2024-08-12 00:00:01.999,V24-SP1-04-001,V24-SP1-04,P1-SP1-EXF01,1,1.9999,1314.1,2628,0.655603,-0.296607,3.534205,0.165692,0.04692,0.015901,0.283177,0.623562,0.223757,0.740431,-0.244969,3.052453,0.157985,0.00586,0.017205,0.037091,0.692972,0.167279,1.016345,-0.730327,2.740489,0.173149,0.123948,0.008429,0.715843,0.47384,0.215628,1.336964,-0.481663,3.172731,0.307286,0.076863,0.012331,0.250136,0.67185,0.169775
2024-08-12 00:00:03.999,V24-SP1-04-002,V24-SP1-04,P1-SP1-EXF01,2,3.9998,1314.1,2628,0.651626,-0.136515,3.117904,0.189817,0.028052,0.008542,0.147785,0.587607,0.222539,0.565565,0.07452,4.032245,0.134442,0.005653,0.016299,0.042045,0.661581,0.148857,0.997393,-0.756209,2.796927,0.193393,0.195773,0.020874,1.012305,0.361086,0.17216,1.727354,-0.780548,2.465118,0.314992,0.04938,0.018842,0.156765,0.641976,0.186959
2024-08-12 00:00:05.999,V24-SP1-04-003,V24-SP1-04,P1-SP1-EXF01,3,5.9997,1314.1,2628,0.66803,-0.337096,3.097526,0.159845,0.046698,0.013436,0.292146,0.655706,0.22717,0.597411,-0.040041,3.809098,0.138028,0.02087,0.019665,0.151199,0.747309,0.169497,0.938656,-0.730699,2.690184,0.202345,0.245207,0.021878,1.211826,0.361159,0.179069,1.689445,-0.986641,2.506177,0.344178,0.275072,0.033368,0.799214,0.353572,0.184851
2024-08-12 00:00:07.999,V24-SP1-04-004,V24-SP1-04,P1-SP1-EXF01,4,7.9996,1314.1,2628,0.66032,-0.279982,3.342124,0.167479,0.044624,0.01356,0.266444,0.621758,0.188035,0.557867,-0.119066,3.108715,0.139397,0.023581,0.032134,0.169165,0.670806,0.163863,0.961261,-0.658856,2.841595,0.211583,0.283329,0.030185,1.339093,0.297741,0.196687,1.30682,-0.7922,2.562381,0.315353,0.414469,0.024571,1.314302,0.2229,0.215986
2024-08-12 00:00:09.999,V24-SP1-04-005,V24-SP1-04,P1-SP1-EXF01,5,9.9995,1314.1,2628,0.652942,-0.306088,3.131292,0.166869,0.048424,0.017924,0.290192,0.615562,0.206643,0.54919,0.065111,3.731558,0.14006,0.029369,0.038258,0.209686,0.670816,0.153304,0.946019,-0.741356,2.715351,0.215176,0.304666,0.030787,1.415893,0.322366,0.181472,1.112896,-0.730734,2.718642,0.312405,0.34608,0.028032,1.107793,0.281414,0.14448
2024-08-12 00:00:11.999,V24-SP1-04-006,V24-SP1-04,P1-SP1-EXF01,6,11.9994,1314.1,2628,0.655606,-0.204126,3.426757,0.168803,0.042889,0.029218,0.254078,0.591609,0.223154,0.562976,-0.133828,3.362721,0.14076,0.025576,0.030279,0.1817,0.695332,0.17572,0.960105,-0.666588,2.75661,0.211774,0.316498,0.037052,1.49451,0.325217,0.178883,1.153417,-0.779696,2.771372,0.314383,0.4667,0.020055,1.484497,0.209627,0.190144
2024-08-12 00:00:13.999,V24-SP1-04-007,V24-SP1-04,P1-SP1-EXF01,7,13.9994,1314.1,2628,0.673227,-0.157948,3.549415,0.16444,0.048116,0.016399,0.292607,0.635167,0.222983,0.579789,-0.220687,3.200262,0.139343,0.03272,0.019758,0.234814,0.715751,0.18068,0.953421,-0.747104,2.765994,0.206428,0.295863,0.030466,1.433246,0.327762,0.169113,1.18175,-0.663052,2.60505,0.329845,0.346253,0.025008,1.049746,0.319755,0.215155
2024-08-12 00:00:15.999,V24-SP1-04-008,V24-SP1-04,P1-SP1-EXF01,8,15.9993,1314.1,2628,0.662417,-0.183168,3.155416,0.166495,0.052765,0.01625,0.316918,0.633016,0.218411,0.586776,-0.184852,3.610596,0.140705,0.034755,0.036171,0.247007,0.709164,0.19424,0.949956,-0.683461,2.877437,0.213975,0.308533,0.031103,1.441909,0.310144,0.164712,1.165429,-0.766016,2.769463,0.353414,0.441048,0.006896,1.247965,0.179401,0.177542
2024-08-12 00:00:17.999,V24-SP1-04-009,V24-SP1-04,P1-SP1-EXF01,9,17.9992,1314.1,2628,0.660652,-0.125424,4.326087,0.169522,0.048261,0.029839,0.284689,0.610061,0.220541,0.580766,-0.159352,3.653484,0.140901,0.037524,0.030288,0.266312,0.660981,0.227514,0.967021,-0.702954,2.624855,0.218857,0.304555,0.02427,1.391571,0.307036,0.161792,1.187771,-0.698759,2.600811,0.325595,0.299854,0.031008,0.92094,0.287687,0.173659
2024-08-12 00:00:19.999,V24-SP1-04-010,V24-SP1-04,P1-SP1-EXF01,10,19.9991,1314.1,2628,0.658094,-0.150582,2.881024,0.173149,0.05238,0.015376,0.302516,0.628344,0.221887,0.584288,-0.113824,3.327872,0.175599,0.043065,0.014262,0.245245,0.654506,0.214306,0.99206,-0.72684,2.987975,0.202093,0.327368,0.028869,1.619887,0.329301,0.163106,1.129561,-0.709842,2.828962,0.321268,0.3073,0.04121,0.956524,0.298123,0.172463
2024-08-12 00:00:21.999,V24-SP1-04-011,V24-SP1-04,P1-SP1-EXF01,11,21.999,1314.1,2628,0.62947,-0.299977,3.312817,0.186015,0.044405,0.029364,0.238717,0.527461,0.180699,0.584132,-0.204014,3.427172,0.143742,0.03078,0.019307,0.214135,0.685016,0.201938,0.957817,-0.686448,2.632973,0.219121,0.326383,0.034735,1.489512,0.280894,0.163755,1.131663,-0.679204,2.640904,0.295911,0.382944,0.027134,1.294117,0.229152,0.166072
2024-08-12 00:00:23.998,V24-SP1-04-012,V24-SP1-04,P1-SP1-EXF01,12,23.9989,1314.1,2628,0.643371,-0.250184,3.249741,0.211462,0.025888,0.002851,0.122425,0.534743,0.185186,0.567011,-0.326943,3.552194,0.138917,0.035799,0.025585,0.257703,0.690199,0.191983,1.007264,-0.651837,2.702102,0.218825,0.338012,0.036796,1.544671,0.319124,0.19558,1.150606,-0.735414,2.620367,0.344242,0.35508,0.034233,1.031481,0.279555,0.177926
2024-08-12 00:00:25.998,V24-SP1-04-013,V24-SP1-04,P1-SP1-EXF01,13,25.9988,1314.1,2628,0.639393,-0.426345,3.164822,0.163954,0.038864,0.030947,0.237041,0.581972,0.187765,0.563768,-0.144953,3.251982,0.141439,0.028454,0.034317,0.201176,0.647225,0.169306,0.998279,-0.68818,2.670888,0.212726,0.329018,0.036409,1.546674,0.28969,0.169232,1.089342,-0.604218,2.816064,0.331486,0.348817,0.023648,1.052282,0.258537,0.159711
2024-08-12 00:00:27.998,V24-SP1-04-014,V24-SP1-04,P1-SP1-EXF01,14,27.9987,1314.1,2628,0.643954,-0.376311,3.212206,0.163306,0.047335,0.013037,0.289858,0.590223,0.208005,0.588727,-0.120984,3.200765,0.141207,0.035771,0.025242,0.253323,0.715705,0.19321,0.947747,-0.723701,2.701037,0.212406,0.372242,0.041495,1.752497,0.278786,0.163996,1.123409,-0.711611,2.796719,0.323579,0.505555,0.012434,1.562388,0.201648,0.195238
2024-08-12 00:00:29.998,V24-SP1-04-015,V24-SP1-04,P1-SP1-EXF01,15,29.9986,1314.1,2628,0.664301,-0.052839,2.999819,0.166667,0.046794,0.013374,0.280762,0.639876,0.211423,0.607486,-0.122279,3.309141,0.13803,0.037656,0.01707,0.27281,0.715088,0.20491,0.938394,-0.699312,2.660455,0.222269,0.362689,0.03156,1.631753,0.29046,0.159712,1.099512,-0.609297,2.770337,0.340014,0.345762,0.034534,1.016904,0.27589,0.18547
2024-08-12 00:00:31.998,V24-SP1-04-016,V24-SP1-04,P1-SP1-EXF01,16,31.9985,1314.1,2628,0.658993,-0.148839,3.262141,0.167116,0.046802,0.022175,0.280059,0.600356,0.224872,0.585689,-0.325889,3.155618,0.164297,0.029892,0.033812,0.18194,0.62894,0.214424,0.982263,-0.745268,2.663328,0.20973,0.3569,0.034191,1.701709,0.277944,0.176539,1.071128,-0.637663,2.733561,0.343557,0.362846,0.061474,1.056144,0.272937,0.197164
2024-08-12 00:00:33.998,V24-SP1-04-017,V24-SP1-04,P1-SP1-EXF01,17,33.9984,1314.1,2628,0.651113,-0.220612,3.410668,0.161279,0.052023,0.007554,0.322562,0.615824,0.197068,0.598281,-0.129887,3.745312,0.142229,0.037378,0.0203,0.262799,0.701841,0.210446,0.987475,-0.774048,2.712463,0.217337,0.329447,0.039979,1.515836,0.302343,0.162669,1.078329,-0.61683,2.64389,0.333707,0.384919,0.030227,1.153463,0.26853,0.163886
2024-08-12 00:00:35.998,V24-SP1-04-018,V24-SP1-04,P1-SP1-EXF01,18,35.9983,1314.1,2628,0.636167,-0.378791,3.204346,0.16461,0.040696,0.028258,0.24723,0.585842,0.180827,0.579294,-0.329779,2.932475,0.142039,0.030919,0.026902,0.217677,0.684558,0.178523,1.026878,-0.759521,2.697887,0.215315,0.313953,0.025938,1.458111,0.263676,0.175293,1.100704,-0.699637,2.607031,0.333458,0.358108,0.049766,1.073923,0.268051,0.16747
2024-08-12 00:00:37.998,V24-SP1-04-019,V24-SP1-04,P1-SP1-EXF01,19,37.9983,1314.1,2628,0.693366,-0.256941,3.151523,0.15291,0.046183,0.00442,0.302029,0.659498,0.261937,0.606256,-0.111267,3.184988,0.140311,0.035486,0.018525,0.252907,0.72235,0.208829,1.048545,-0.748876,2.531894,0.205533,0.303135,0.024826,1.474869,0.298991,0.180177,1.120372,-0.798196,2.56083,0.335522,0.358383,0.03493,1.068134,0.281372,0.152442
2024-08-12 00:00:39.998,V24-SP1-04-020,V24-SP1-04,P1-SP1-EXF01,20,39.9982,1314.1,2628,0.686358,-0.089356,3.605341,0.167595,0.042452,0.014696,0.253299,0.626615,0.228808,0.595954,-0.298519,3.114971,0.141142,0.031256,0.020422,0.221451,0.684174,0.204333,1.036686,-0.81788,2.745475,0.206035,0.349767,0.028761,1.697607,0.272954,0.16843,1.18155,-0.717991,2.798784,0.313167,0.349273,0.036679,1.115295,0.232855,0.18216
2024-08-12 00:00:41.998,V24-SP1-04-021,V24-SP1-04,P1-SP1-EXF01,21,41.9981,1314.1,2628,0.665368,-0.238927,3.399426,0.153288,0.049634,0.010502,0.323793,0.630499,0.214119,0.612601,-0.177733,3.782467,0.130094,0.041429,0.01218,0.318457,0.723371,0.193907,1.043327,-0.797874,2.723384,0.222142,0.357808,0.027839,1.610718,0.304275,0.183719,1.132565,-0.783179,2.873961,0.33832,0.356027,0.03874,1.052339,0.280806,0.165725
2024-08-12 00:00:43.998,V24-SP1-04-022,V24-SP1-04,P1-SP1-EXF01,22,43.998,1314.1,2628,0.652571,-0.237836,3.963407,0.169517,0.044716,0.020126,0.263783,0.625469,0.209303,0.566401,-0.280564,3.412486,0.142837,0.037633,0.018641,0.263469,0.649614,0.169661,1.029483,-0.710734,2.686198,0.215266,0.363303,0.036357,1.687695,0.306275,0.215603,1.150709,-0.801915,2.648561,0.349951,0.351432,0.02457,1.004233,0.258318,0.156663
2024-08-12 00:00:45.997,V24-SP1-04-023,V24-SP1-04,P1-SP1-EXF01,23,45.9979,1314.1,2628,0.664105,-0.331353,3.889465,0.162036,0.057051,0.009743,0.352086,0.584911,0.246348,0.626964,0.070398,3.890191,0.139718,0.025916,0.012423,0.185486,0.70111,0.219963,1.004116,-0.706876,2.75657,0.210242,0.38542,0.041982,1.833225,0.290554,0.204489,1.160514,-0.706034,2.633244,0.336679,0.449493,0.024147,1.335079,0.192893,0.1751
2024-08-12 00:00:47.997,V24-SP1-04-024,V24-SP1-04,P1-SP1-EXF01,24,47.9978,1314.1,2628,0.637561,-0.275187,3.031806,0.170782,0.049664,0.033653,0.290802,0.585631,0.187124,0.632193,0.044077,3.290812,0.1394,0.037183,0.014678,0.266735,0.721393,0.189597,1.0187,-0.7242,2.6378,0.223083,0.368786,0.041444,1.653137,0.314555,0.2167,1.158212,-0.734981,2.669458,0.346655,0.315987,0.037319,0.911531,0.271544,0.164208
2024-08-12 00:00:49.997,V24-SP1-04-025,V24-SP1-04,P1-SP1-EXF01,25,49.9977,1314.1,2628,0.665075,-0.147693,3.777067,0.168501,0.043583,0.009817,0.258651,0.608265,0.197607,0.564799,-0.293193,3.276555,0.140711,0.025967,0.027742,0.184542,0.643749,0.172027,1.040465,-0.706104,2.603776,0.208798,0.364948,0.026665,1.747855,0.302129,0.226655,1.089072,-0.630704,2.588102,0.314134,0.425166,0.021358,1.353455,0.197399,0.16475
2024-08-12 00:00:51.997,V24-SP1-04-026,V24-SP1-04,P1-SP1-EXF01,26,51.9976,1314.1,2628,0.667426,-0.210899,3.76497,0.169108,0.053278,0.01623,0.315052,0.613944,0.224748,0.596023,-0.328742,3.146458,0.140036,0.033715,0.027098,0.24076,0.679401,0.193053,1.048773,-0.752287,2.584398,0.20783,0.352383,0.024667,1.695537,0.319264,0.195354,1.074599,-0.637626,2.991013,0.318041,0.375603,0.029993,1.18099,0.275907,0.17651
2024-08-12 00:00:53.997,V24-SP1-04-027,V24-SP1-04,P1-SP1-EXF01,27,53.9975,1314.1,2628,0.663911,-0.320259,3.088578,0.176044,0.057012,0.017147,0.32385,0.590847,0.221205,0.616515,-0.205655,3.509794,0.13881,0.03251,0.008501,0.234202,0.704687,0.206534,1.067717,-0.783036,2.805552,0.215676,0.353365,0.018885,1.638408,0.289602,0.19481,1.093042,-0.654191,2.785292,0.324724,0.36664,0.043398,1.129081,0.27676,0.194261
2024-08-12 00:00:55.997,V24-SP1-04-028,V24-SP1-04,P1-SP1-EXF01,28,55.9974,1314.1,2628,0.676229,-0.218949,3.223336,0.177122,0.058761,0.01376,0.331757,0.610775,0.214122,0.624186,-0.078649,3.78084,0.139677,0.038331,0.009283,0.274423,0.717412,0.216512,1.045285,-0.877202,2.499194,0.21495,0.336439,0.023354,1.565198,0.294301,0.168539,1.106087,-0.715102,2.647866,0.323121,0.346897,0.039363,1.073583,0.273042,0.180845
2024-08-12 00:00:57.997,V24-SP1-04-029,V24-SP1-04,P1-SP1-EXF01,29,57.9973,1314.1,2628,0.657774,-0.194882,3.376645,0.158433,0.050276,0.02707,0.317335,0.609394,0.209731,0.611882,0.040006,3.351953,0.138155,0.032539,0.01299,0.235526,0.721818,0.16544,1.073106,-0.772763,2.949895,0.199195,0.311067,0.020174,1.561624,0.296125,0.222109,1.170697,-0.678914,2.70187,0.315535,0.294029,0.02672,0.931844,0.253629,0.182936
2024-08-12 00:00:59.997,V24-SP1-04-030,V24-SP1-04,P1-SP1-EXF01,30,59.9972,1314.1,2628,0.661684,-0.19792,3.348562,0.16701,0.049424,0.012484,0.295937,0.605966,0.223917,0.611708,-0.143969,3.593753,0.170362,0.020353,0.011333,0.119467,0.649017,0.201743,1.052502,-0.834252,2.482823,0.201876,0.307384,0.028259,1.522638,0.293776,0.190516,1.166249,-0.696711,2.736327,0.334629,0.519788,0.01421,1.553327,0.180683,0.174048
2024-08-12 00:01:01.997,V24-SP1-04-031,V24-SP1-04,P1-SP1-EXF01,31,61.9971,1314.1,2628,0.66564,-0.335972,3.136302,0.151769,0.04415,0.014879,0.290901,0.647772,0.213856,0.625098,-0.223574,3.339791,0.137212,0.034975,0.013912,0.254893,0.720719,0.228703,1.011964,-0.793515,2.575729,0.222339,0.358931,0.035599,1.614345,0.27189,0.143152,1.115157,-0.717277,2.877957,0.349591,0.387382,0.037215,1.1081,0.274153,0.168439
2024-08-12 00:01:03.997,V24-SP1-04-032,V24-SP1-04,P1-SP1-EXF01,32,63.9971,1314.1,2628,0.638001,-0.37115,2.987727,0.194252,0.028601,0.013624,0.147236,0.547877,0.181601,0.618787,-0.184306,3.047684,0.139274,0.029958,0.02299,0.215103,0.689912,0.237462,1.01557,-0.799294,2.41771,0.209624,0.34724,0.033985,1.656493,0.265152,0.164502,1.117722,-0.715815,2.771111,0.338836,0.372724,0.018101,1.100014,0.252897,0.190412
2024-08-12 00:01:05.997,V24-SP1-04-033,V24-SP1-04,P1-SP1-EXF01,33,65.997,1314.1,2628,0.664218,-0.156562,3.733543,0.166642,0.052164,0.012355,0.313031,0.642254,0.215677,0.60309,-0.245017,3.205931,0.135763,0.03429,0.030757,0.252571,0.723015,0.23486,1.009894,-0.757417,2.55068,0.209077,0.360285,0.034809,1.723216,0.302237,0.190292,1.140493,-0.778838,2.932013,0.342166,0.554491,0.018651,1.620533,0.18039,0.183696
2024-08-12 00:01:07.996,V24-SP1-04-034,V24-SP1-04,P1-SP1-EXF01,34,67.9969,1314.1,2628,0.659401,-0.221077,3.754761,0.179056,0.034028,0.011665,0.190041,0.602326,0.193956,0.652633,0.084986,3.553195,0.13831,0.029284,0.01288,0.211724,0.722048,0.251591,0.996527,-0.787835,2.658772,0.21747,0.354929,0.022515,1.632082,0.263045,0.168987,1.196053,-0.791831,2.65227,0.301974,0.395782,0.019837,1.31065,0.193362,0.141978
2024-08-12 00:01:09.996,V24-SP1-04-035,V24-SP1-04,P1-SP1-EXF01,35,69.9968,1314.1,2628,0.633764,-0.21395,3.168373,0.164193,0.042935,0.018763,0.26149,0.596186,0.196946,0.681089,0.137129,3.860134,0.136133,0.041821,0.01285,0.307205,0.732116,0.298635,1.00007,-0.767295,2.651205,0.216483,0.356347,0.028163,1.646075,0.30071,0.178721,1.135782,-0.7664,2.694985,0.34833,0.385859,0.035935,1.107741,0.257156,0.148201
2024-08-12 00:01:11.996,V24-SP1-04-036,V24-SP1-04,P1-SP1-EXF01,36,71.9967,1314.1,2628,0.638028,-0.299746,3.484012,0.16504,0.042777,0.012304,0.25919,0.584225,0.179191,0.612079,-0.385369,3.603351,0.136879,0.031605,0.023385,0.230898,0.687688,0.204855,0.968105,-0.695672,2.770601,0.200865,0.32152,0.023545,1.600672,0.280641,0.169157,1.179683,-0.643894,2.929555,0.320591,0.494113,0.027377,1.541255,0.201595,0.184581
2024-08-12 00:01:13.996,V24-SP1-04-037,V24-SP1-04,P1-SP1-EXF01,37,73.9966,1314.1,2628,0.64324,-0.442969,3.143706,0.171395,0.047443,0.011215,0.276805,0.60443,0.177452,0.634193,0.033423,3.646371,0.138097,0.034869,0.019151,0.252495,0.682508,0.25247,0.94563,-0.600292,2.725546,0.214527,0.327079,0.033436,1.52465,0.308129,0.174746,1.173925,-0.694391,2.794794,0.331222,0.544758,0.040981,1.644693,0.176515,0.186073
2024-08-12 00:01:15.996,V24-SP1-04-038,V24-SP1-04,P1-SP1-EXF01,38,75.9965,1314.1,2628,0.66154,-0.290917,3.621379,0.21177,0.025592,0.005772,0.120848,0.567045,0.212443,0.655438,0.188398,3.659939,0.136613,0.042724,0.00906,0.312741,0.732566,0.220631,0.946548,-0.642401,2.671362,0.212799,0.341011,0.042395,1.602503,0.334016,0.192871,1.125099,-0.71904,2.574099,0.32887,0.548791,0.059111,1.668718,0.170511,0.162113
2024-08-12 00:01:17.996,V24-SP1-04-039,V24-SP1-04,P1-SP1-EXF01,39,77.9964,1314.1,2628,0.662307,-0.26756,2.970634,0.1694,0.049608,0.011484,0.292844,0.640173,0.218306,0.60587,0.018388,3.3126,0.139266,0.039177,0.036558,0.281309,0.668301,0.212352,0.903659,-0.586178,2.720849,0.205552,0.345917,0.039558,1.682869,0.286613,0.164308,1.158261,-0.775028,2.585262,0.342162,0.365144,0.031245,1.067167,0.251195,0.177575
2024-08-12 00:01:19.996,V24-SP1-04-040,V24-SP1-04,P1-SP1-EXF01,40,79.9963,1314.1,2628,0.646382,-0.440025,3.092515,0.168692,0.057024,0.009904,0.338038,0.595236,0.172841,0.597889,-0.125534,3.557443,0.137325,0.042116,0.014429,0.306691,0.695412,0.197423,0.934421,-0.650852,3.077945,0.218536,0.352036,0.029912,1.610887,0.287284,0.157418,1.182835,-0.710984,2.62808,0.361306,0.567615,0.017679,1.571011,0.150066,0.165789
2024-08-12 00:01:21.996,V24-SP1-04-041,V24-SP1-04,P1-SP1-EXF01,41,81.9962,1314.1,2628,0.633069,-0.377927,2.937022,0.173727,0.050338,0.013881,0.289753,0.586545,0.161828,0.638437,-0.08332,3.261692,0.138391,0.032684,0.022608,0.236174,0.714822,0.209682,0.94883,-0.684087,2.709587,0.205757,0.294552,0.02727,1.431554,0.298151,0.171196,1.214353,-0.805979,2.549263,0.30907,0.448855,0.022026,1.452276,0.198686,0.163479
2024-08-12 00:01:23.996,V24-SP1-04-042,V24-SP1-04,P1-SP1-EXF01,42,83.9961,1314.1,2628,0.634785,-0.41636,2.906744,0.169269,0.053275,0.008658,0.314738,0.599193,0.184514,0.662502,0.175622,4.144513,0.138807,0.042241,0.01922,0.304319,0.731668,0.238405,0.999095,-0.634331,2.611236,0.204971,0.310853,0.028674,1.516573,0.337689,0.209409,1.218583,-0.829543,2.527332,0.359446,0.406764,0.050145,1.131643,0.259999,0.184596
2024-08-12 00:01:25.996,V24-SP1-04-043,V24-SP1-04,P1-SP1-EXF01,43,85.996,1314.1,2628,0.665483,-0.178895,3.404438,0.175355,0.051796,0.01471,0.295376,0.608692,0.198853,0.634353,0.069857,4.145759,0.15788,0.047712,0.017608,0.302204,0.659712,0.233973,0.964046,-0.561982,2.709492,0.212399,0.318407,0.038286,1.499098,0.303595,0.187101,1.264893,-0.822143,2.685182,0.344797,0.382284,0.034461,1.108721,0.218276,0.157546
2024-08-12 00:01:27.996,V24-SP1-04-044,V24-SP1-04,P1-SP1-EXF01,44,87.996,1314.1,2628,0.634986,-0.403285,2.819698,0.169337,0.051768,0.027555,0.305711,0.599768,0.172837,0.602473,-0.106075,3.459865,0.128844,0.04507,0.01258,0.349807,0.685351,0.187994,0.933137,-0.571727,2.840883,0.211131,0.355328,0.037981,1.682978,0.303823,0.192945,1.268855,-0.84162,2.597988,0.335034,0.32373,0.02721,0.96626,0.272855,0.193725
2024-08-12 00:01:29.995,V24-SP1-04-045,V24-SP1-04,P1-SP1-EXF01,45,89.9959,1314.1,2628,0.647483,-0.358964,3.199124,0.210254,0.027425,0.004142,0.130437,0.532722,0.209705,0.624226,-0.075181,3.288553,0.134777,0.036818,0.006294,0.273176,0.722225,0.191045,0.947406,-0.630898,2.837185,0.210986,0.323137,0.03029,1.531558,0.347565,0.22493,1.200403,-0.72863,2.617351,0.346236,0.380748,0.02495,1.09968,0.252911,0.161924
2024-08-12 00:01:31.995,V24-SP1-04-046,V24-SP1-04,P1-SP1-EXF01,46,91.9958,1314.1,2628,0.658099,-0.243822,3.038741,0.174069,0.047593,0.017035,0.273417,0.619723,0.205115,0.647821,-0.059964,3.568877,0.140021,0.039025,0.015256,0.27871,0.741281,0.242607,0.937775,-0.58321,3.077433,0.218501,0.335456,0.038171,1.535264,0.304929,0.195164,1.197406,-0.811149,2.575429,0.343151,0.403381,0.041023,1.175522,0.242212,0.166248
2024-08-12 00:01:33.995,V24-SP1-04-047,V24-SP1-04,P1-SP1-EXF01,47,93.9957,1314.1,2628,0.626774,-0.252712,3.201198,0.161439,0.046787,0.020888,0.289812,0.579903,0.187159,0.609022,0.088942,3.616068,0.139354,0.041127,0.010289,0.295125,0.70314,0.161971,0.94703,-0.657079,2.608647,0.20418,0.319616,0.032116,1.565363,0.301289,0.162494,1.198015,-0.740764,2.588401,0.348593,0.398291,0.040375,1.142567,0.282464,0.203557
2024-08-12 00:01:35.995,V24-SP1-04-048,V24-SP1-04,P1-SP1-EXF01,48,95.9956,1314.1,2628,0.640137,-0.329916,2.916877,0.167154,0.048903,0.011019,0.292564,0.592158,0.198326,0.651449,0.081844,3.976722,0.136747,0.036719,0.015919,0.268521,0.734098,0.236432,0.943953,-0.690928,2.938703,0.205,0.292143,0.032719,1.42509,0.284927,0.164953,1.188609,-0.792316,2.433426,0.336175,0.403728,0.048382,1.200945,0.231239,0.17377
2024-08-12 00:01:37.995,V24-SP1-04-049,V24-SP1-04,P1-SP1-EXF01,49,97.9955,1314.1,2628,0.671687,-0.355695,3.191506,0.159157,0.050988,0.016518,0.320363,0.642962,0.200966,0.642489,-0.068113,3.374151,0.172856,0.026276,0.031291,0.152011,0.655113,0.249632,0.971015,-0.637465,2.840645,0.224783,0.43924,0.005806,1.954062,0.178626,0.165875,1.176661,-0.805982,2.720562,0.356613,0.391504,0.031598,1.097841,0.265832,0.189417
2024-08-12 00:01:39.995,V24-SP1-04-050,V24-SP1-04,P1-SP1-EXF01,50,99.9954,1314.1,2628,0.65737,-0.309763,2.917016,0.171547,0.042891,0.013922,0.250027,0.624469,0.197279,0.667409,0.107089,3.38234,0.139081,0.041977,0.020464,0.301821,0.716218,0.253664,0.941816,-0.591332,2.981555,0.2003,0.311484,0.023112,1.555093,0.286428,0.183151,1.146058,-0.7312,2.772308,0.355957,0.378736,0.031846,1.063995,0.254345,0.151348
2024-08-12 00:01:41.995,V24-SP1-04-051,V24-SP1-04,P1-SP1-EXF01,51,101.9953,1314.1,2628,0.670992,-0.424149,3.285825,0.21279,0.019733,0.003947,0.092735,0.574252,0.228554,0.668908,0.186835,3.789366,0.127987,0.044553,0.013245,0.348107,0.745026,0.256398,0.922203,-0.670858,2.821066,0.212326,0.331338,0.024207,1.56051,0.319225,0.18584,1.139764,-0.709931,2.723175,0.349406,0.367687,0.032011,1.05232,0.286067,0.182275
2024-08-12 00:01:43.995,V24-SP1-04-052,V24-SP1-04,P1-SP1-EXF01,52,103.9952,1314.1,2628,0.695454,-0.253453,3.665296,0.202382,0.028373,0.024126,0.140196,0.584043,0.266261,0.645109,-0.126672,3.535393,0.137438,0.037312,0.016646,0.271483,0.729962,0.197861,0.935302,-0.702719,2.73142,0.199856,0.459302,0.013837,2.298166,0.224254,0.19165,1.124384,-0.784592,2.571704,0.32707,0.531705,0.017224,1.625661,0.16549,0.161894
2024-08-12 00:01:45.995,V24-SP1-04-053,V24-SP1-04,P1-SP1-EXF01,53,105.9951,1314.1,2628,0.65795,-0.248408,3.310715,0.205504,0.026753,0.005397,0.130183,0.566856,0.198261,0.588026,-0.132951,3.619079,0.137616,0.033174,0.019607,0.241065,0.691313,0.168644,0.977692,-0.730986,2.675139,0.214341,0.331508,0.028603,1.546639,0.293721,0.177741,1.134206,-0.630701,2.799083,0.349619,0.393324,0.030806,1.125008,0.25674,0.184373
2024-08-12 00:01:47.995,V24-SP1-04-054,V24-SP1-04,P1-SP1-EXF01,54,107.995,1314.1,2628,0.673705,-0.193106,3.24143,0.166698,0.050873,0.014021,0.30518,0.658064,0.209159,0.614579,-0.030851,3.772695,0.131271,0.040854,0.013568,0.311219,0.709872,0.207775,0.967662,-0.719316,2.67856,0.214948,0.35509,0.0226,1.651975,0.313302,0.172968,1.194123,-0.763361,3.019942,0.359448,0.398048,0.027575,1.107389,0.280647,0.209702
2024-08-12 00:01:49.994,V24-SP1-04-055,V24-SP1-04,P1-SP1-EXF01,55,109.9949,1314.1,2628,0.678203,-0.221057,3.177745,0.192231,0.037993,0.012098,0.197641,0.593612,0.205293,0.624148,-0.016349,3.718632,0.136859,0.050686,0.014941,0.370354,0.694888,0.193159,0.984748,-0.70457,2.801884,0.214767,0.363286,0.02336,1.691532,0.249114,0.16767,1.251557,-0.810188,2.489054,0.333154,0.462117,0.030433,1.387097,0.220526,0.216173
2024-08-12 00:01:51.994,V24-SP1-04-056,V24-SP1-04,P1-SP1-EXF01,56,111.9948,1314.1,2628,0.683705,-0.348158,2.821092,0.166046,0.048232,0.013054,0.290476,0.642756,0.243639,0.58159,-0.174408,3.320396,0.135101,0.040626,0.030324,0.300707,0.683352,0.172395,0.979134,-0.662221,2.872256,0.221973,0.369419,0.039615,1.664251,0.318196,0.211346,1.161587,-0.731604,2.572753,0.381563,0.407186,0.043526,1.067154,0.258387,0.191675
2024-08-12 00:01:53.994,V24-SP1-04-057,V24-SP1-04,P1-SP1-EXF01,57,113.9948,1314.1,2628,0.665175,-0.288344,3.600732,0.168848,0.043363,0.011084,0.256815,0.600511,0.201729,0.596399,0.003842,3.568742,0.139164,0.034267,0.010811,0.246237,0.691393,0.163788,0.991045,-0.748205,2.781621,0.221734,0.356466,0.027502,1.607629,0.287366,0.191484,1.099377,-0.586569,2.736916,0.341173,0.37123,0.0237,1.0881,0.226286,0.193583
2024-08-12 00:01:55.994,V24-SP1-04-058,V24-SP1-04,P1-SP1-EXF01,58,115.9947,1314.1,2628,0.671441,-0.100934,3.56943,0.20952,0.020093,0.005976,0.095902,0.548984,0.210216,0.634092,0.214775,3.531241,0.136633,0.045933,0.013388,0.336174,0.732553,0.185776,0.991887,-0.694955,2.817544,0.222247,0.374488,0.034694,1.685005,0.308821,0.192127,1.0806,-0.601337,2.749334,0.355879,0.375562,0.049775,1.055308,0.256706,0.161003
2024-08-12 00:01:57.994,V24-SP1-04-059,V24-SP1-04,P1-SP1-EXF01,59,117.9946,1314.1,2628,0.678248,-0.119746,3.754991,0.167195,0.047534,0.01075,0.284302,0.620893,0.241576,0.594441,-0.186663,3.634606,0.137609,0.04019,0.019285,0.292059,0.681867,0.188962,0.970291,-0.696648,2.68993,0.210298,0.359019,0.040531,1.707193,0.294291,0.19455,1.093464,-0.609634,2.736259,0.338967,0.333486,0.029048,0.983831,0.269179,0.152254
2024-08-12 00:01:59.994,V24-SP1-04-060,V24-SP1-04,P1-SP1-EXF01,60,119.9945,1314.1,2628,0.658419,-0.323411,3.131043,0.203099,0.026532,0.013633,0.130636,0.56094,0.219511,0.632337,0.427371,3.969215,0.136396,0.031941,0.012663,0.234177,0.730121,0.191094,0.971214,-0.758445,2.731991,0.209948,0.352065,0.035999,1.676917,0.293024,0.161255,1.166125,-0.665413,2.582552,0.320789,0.283659,0.027041,0.884255,0.261888,0.18156
2024-08-12 00:02:01.994,V24-SP1-04-061,V24-SP1-04,P1-SP1-EXF01,61,121.9944,1314.1,2628,0.669483,-0.242293,2.99676,0.160764,0.045508,0.014387,0.283074,0.650397,0.211401,0.641031,0.100067,3.921755,0.173633,0.013241,0.006937,0.076259,0.69369,0.211968,1.004431,-0.720546,2.706714,0.230272,0.366298,0.02789,1.59072,0.281397,0.166555,1.165438,-0.759791,2.574595,0.354281,0.394298,0.035666,1.112955,0.262904,0.161577
2024-08-12 00:02:03.994,V24-SP1-04-062,V24-SP1-04,P1-SP1-EXF01,62,123.9943,1314.1,2628,0.654623,-0.305345,3.219925,0.190177,0.024742,0.024701,0.130101,0.568874,0.21884,0.644081,0.102939,3.229276,0.137536,0.039579,0.014416,0.287773,0.72182,0.209282,1.036044,-0.768824,2.935377,0.203785,0.394576,0.013505,1.936241,0.224121,0.21567,1.126156,-0.791214,2.814696,0.324624,0.456437,0.053709,1.406049,0.20076,0.127428
2024-08-12 00:02:05.994,V24-SP1-04-063,V24-SP1-04,P1-SP1-EXF01,63,125.9942,1314.1,2628,0.630178,-0.482682,2.84471,0.15585,0.04978,0.016702,0.319407,0.632071,0.182691,0.6457,0.021339,3.70805,0.138103,0.04878,0.01926,0.353214,0.723604,0.207099,1.020866,-0.686713,2.893017,0.215588,0.355573,0.035092,1.649314,0.306716,0.202698,1.127609,-0.641334,2.804361,0.336525,0.358792,0.037644,1.066169,0.279452,0.165852
2024-08-12 00:02:07.994,V24-SP1-04-064,V24-SP1-04,P1-SP1-EXF01,64,127.9941,1314.1,2628,0.660716,-0.183612,3.394337,0.157876,0.033334,0.01246,0.211142,0.652169,0.2116,0.645237,-0.013631,3.470952,0.137263,0.040038,0.015357,0.291686,0.729544,0.210084,0.989022,-0.680666,2.98552,0.206416,0.360717,0.02774,1.747524,0.25546,0.179367,1.190709,-0.743961,2.622332,0.315588,0.404839,0.031889,1.282807,0.181331,0.145976
2024-08-12 00:02:09.994,V24-SP1-04-065,V24-SP1-04,P1-SP1-EXF01,65,129.994,1314.1,2628,0.656477,-0.343714,3.122721,0.209747,0.029415,0.00917,0.140241,0.548169,0.22049,0.637032,0.194171,3.525753,0.139124,0.04825,0.014896,0.34681,0.705876,0.199223,1.010933,-0.692117,2.83991,0.212334,0.369964,0.034827,1.742367,0.306959,0.212859,1.130141,-0.740999,2.72834,0.341667,0.386633,0.024618,1.131605,0.27158,0.180084
2024-08-12 00:02:11.993,V24-SP1-04-066,V24-SP1-04,P1-SP1-EXF01,66,131.9939,1314.1,2628,0.651068,-0.210201,3.379065,0.169036,0.047677,0.019135,0.28205,0.606035,0.193051,0.632103,-0.044734,3.547631,0.13909,0.039803,0.017715,0.28617,0.712672,0.169934,1.014347,-0.710238,2.526625,0.202703,0.312508,0.019931,1.541702,0.277226,0.185689,1.194286,-0.777926,2.693919,0.358846,0.399205,0.031781,1.112469,0.251826,0.170529
2024-08-12 00:02:13.993,V24-SP1-04-067,V24-SP1-04,P1-SP1-EXF01,67,133.9938,1314.1,2628,0.668567,-0.289934,2.893844,0.175114,0.058735,0.017073,0.335409,0.608371,0.216166,0.641913,0.045045,3.491535,0.138574,0.047845,0.019303,0.345268,0.721848,0.215493,1.009034,-0.716406,2.700697,0.217182,0.348763,0.034395,1.605856,0.30174,0.178718,1.166792,-0.683171,2.977028,0.358215,0.373114,0.046217,1.041592,0.27059,0.191872
2024-08-12 00:02:15.993,V24-SP1-04-068,V24-SP1-04,P1-SP1-EXF01,68,135.9937,1314.1,2628,0.668844,-0.284092,3.046631,0.184928,0.070113,0.022222,0.379139,0.577587,0.238393,0.62772,-0.103988,3.438182,0.13932,0.046698,0.016742,0.335184,0.697869,0.183549,0.984237,-0.759161,2.859761,0.216975,0.519125,0.024321,2.392551,0.211254,0.185896,1.148917,-0.82731,2.646231,0.371985,0.42237,0.033104,1.135448,0.245943,0.152215
2024-08-12 00:02:17.993,V24-SP1-04-069,V24-SP1-04,P1-SP1-EXF01,69,137.9937,1314.1,2628,0.651263,-0.427137,3.140264,0.196531,0.117517,0.014736,0.597958,0.5141,0.190011,0.645818,0.001031,3.404681,0.137447,0.029647,0.016687,0.215701,0.729568,0.202997,0.979982,-0.696793,3.049511,0.2191,0.441394,0.011723,2.014577,0.248719,0.183079,1.237282,-0.858005,2.690958,0.36681,0.403179,0.039826,1.099149,0.233988,0.17765
2024-09-23 00:00:00.000,V24-SP2-04-000,V24-SP2-04,P1-SP2-EXF01,0,0.0,1314.1,2628,0.636092,-0.178372,3.277277,0.17922,0.05482,0.011257,0.30588,0.569539,0.230971,0.641794,0.014026,3.486202,0.142811,0.046001,0.022519,0.322113,0.711025,0.24869,0.849102,-0.576904,2.755309,0.135975,0.05081,0.155236,0.373668,0.703281,0.155462,1.481795,-1.067877,2.231664,0.333828,0.061004,0.042945,0.182742,0.602847,0.198696
2024-09-23 00:00:01.999,V24-SP2-04-001,V24-SP2-04,P1-SP2-EXF01,1,1.9999,1314.1,2628,0.632698,-0.262357,3.160207,0.184751,0.059942,0.015237,0.324448,0.567137,0.189739,0.653306,0.108705,3.549548,0.142643,0.052781,0.023918,0.370026,0.71256,0.270653,0.836183,-0.755902,2.930453,0.151835,0.018414,0.053421,0.121275,0.557535,0.179156,1.406302,-1.272114,2.275951,0.365815,0.264343,0.023234,0.722615,0.259703,0.142307
2024-09-23 00:00:03.999,V24-SP2-04-002,V24-SP2-04,P1-SP2-EXF01,2,3.9998,1314.1,2628,0.607987,-0.31178,3.159691,0.187237,0.06912,0.018795,0.36916,0.545463,0.165819,0.623501,0.164135,3.714236,0.1449,0.047849,0.017404,0.33022,0.697244,0.22035,0.769653,-0.371029,3.187469,0.202604,0.152283,0.019876,0.751629,0.28437,0.184611,1.070105,-0.817419,2.635066,0.358393,0.33679,0.049421,0.939723,0.23294,0.152785
2024-09-23 00:00:05.999,V24-SP2-04-003,V24-SP2-04,P1-SP2-EXF01,3,5.9997,1314.1,2628,0.652713,-0.385137,3.144666,0.189342,0.062893,0.0193,0.332166,0.615064,0.231925,0.615978,-0.010822,3.328738,0.144287,0.050983,0.018121,0.353347,0.696702,0.213381,0.711139,-0.32951,2.906161,0.227404,0.21287,0.072771,0.936085,0.28416,0.191692,0.896327,-0.745296,2.720394,0.330739,0.293311,0.041783,0.886835,0.249626,0.149617
2024-09-23 00:00:07.999,V24-SP2-04-004,V24-SP2-04,P1-SP2-EXF01,4,7.9996,1314.1,2628,0.64517,-0.351117,3.152223,0.194069,0.069923,0.021662,0.360302,0.564395,0.207291,0.628127,0.075764,3.311857,0.144317,0.063706,0.02616,0.441428,0.691193,0.234154,0.692085,-0.556979,2.74743,0.220907,0.249497,0.024571,1.12942,0.232391,0.135414,0.877066,-0.689863,2.690699,0.332477,0.271171,0.048969,0.815606,0.242976,0.166314
2024-09-23 00:00:09.999,V24-SP2-04-005,V24-SP2-04,P1-SP2-EXF01,5,9.9995,1314.1,2628,0.615601,-0.311535,3.140599,0.190173,0.057364,0.017216,0.301641,0.546968,0.169866,0.624203,0.080354,3.351748,0.135286,0.056377,0.018571,0.41672,0.679929,0.200461,0.70685,-0.506429,3.260231,0.217347,0.274593,0.019608,1.263386,0.24203,0.152385,0.915483,-0.704908,2.705187,0.332554,0.308098,0.049756,0.926461,0.250142,0.169511
2024-09-23 00:00:11.999,V24-SP2-04-006,V24-SP2-04,P1-SP2-EXF01,6,11.9994,1314.1,2628,0.638304,-0.363802,2.723507,0.163323,0.062904,0.010377,0.385148,0.548059,0.200327,0.624864,0.164006,3.46662,0.143487,0.03662,0.016697,0.255212,0.714506,0.197432,0.725656,-0.463675,3.126933,0.218932,0.296474,0.011491,1.354184,0.229752,0.160084,0.91298,-0.707421,2.953602,0.350194,0.295475,0.052634,0.843745,0.21777,0.129178
2024-09-23 00:00:13.999,V24-SP2-04-007,V24-SP2-04,P1-SP2-EXF01,7,13.9994,1314.1,2628,0.644594,-0.339052,3.602756,0.211939,0.024077,0.005552,0.113605,0.524106,0.197893,0.634393,-0.050286,3.711498,0.13394,0.035473,0.008431,0.264845,0.702911,0.21836,0.775166,-0.522238,2.965206,0.216554,0.314053,0.013783,1.45023,0.233394,0.166162,0.886476,-0.588036,3.050273,0.331007,0.292463,0.035783,0.883556,0.237997,0.165016
2024-09-23 00:00:15.999,V24-SP2-04-008,V24-SP2-04,P1-SP2-EXF01,8,15.9993,1314.1,2628,0.654184,-0.285524,3.049764,0.21629,0.029248,0.004898,0.135227,0.543076,0.246682,0.619913,0.220512,3.550843,0.142664,0.035364,0.010133,0.247885,0.721044,0.19763,0.787065,-0.249818,3.29167,0.216451,0.298739,0.015468,1.380167,0.289758,0.196292,0.870232,-0.533409,2.598579,0.333371,0.280629,0.039363,0.841792,0.216943,0.128934
2024-09-23 00:00:17.999,V24-SP2-04-009,V24-SP2-04,P1-SP2-EXF01,9,17.9992,1314.1,2628,0.654055,-0.145316,3.488703,0.177134,0.049554,0.017238,0.279755,0.581415,0.228123,0.624158,0.230259,3.523143,0.141695,0.035636,0.010692,0.251501,0.71121,0.206789,0.778757,-0.336444,3.2419,0.223213,0.297642,0.03373,1.333442,0.259328,0.145347,0.889497,-0.468769,2.699073,0.332602,0.28483,0.049162,0.856369,0.240866,0.165701
2024-09-23 00:00:19.999,V24-SP2-04-010,V24-SP2-04,P1-SP2-EXF01,10,19.9991,1314.1,2628,0.693326,-0.011314,3.651923,0.172708,0.050352,0.013134,0.291543,0.654135,0.260695,0.642419,0.075501,3.494833,0.144227,0.048543,0.012999,0.336575,0.702828,0.243735,0.7717,-0.449271,3.27426,0.219075,0.28523,0.021085,1.301971,0.26461,0.144785,0.914,-0.540257,3.003347,0.339165,0.310025,0.032974,0.914084,0.242642,0.151911
2024-09-23 00:00:21.999,V24-SP2-04-011,V24-SP2-04,P1-SP2-EXF01,11,21.999,1314.1,2628,0.702587,-0.159836,3.244425,0.177155,0.046961,0.021309,0.265082,0.624425,0.290104,0.655926,0.118736,3.473026,0.144035,0.049606,0.019696,0.344399,0.691286,0.270263,0.80045,-0.357341,3.165931,0.22193,0.287868,0.038805,1.297111,0.291374,0.184591,0.890544,-0.545389,2.784807,0.346863,0.295409,0.041411,0.851659,0.217202,0.132571
2024-09-23 00:00:23.998,V24-SP2-04-012,V24-SP2-04,P1-SP2-EXF01,12,23.9989,1314.1,2628,0.669465,-0.21794,3.468684,0.224438,0.039519,0.005225,0.17608,0.551009,0.232706,0.646732,0.05511,3.576539,0.139956,0.050199,0.019515,0.358679,0.700915,0.255735,0.785156,-0.380423,2.9097,0.22577,0.267712,0.022927,1.18577,0.289248,0.170954,0.892885,-0.44052,2.642877,0.336849,0.31055,0.040005,0.921926,0.236154,0.118977
2024-09-23 00:00:25.998,V24-SP2-04-013,V24-SP2-04,P1-SP2-EXF01,13,25.9988,1314.1,2628,0.643943,-0.226498,3.019753,0.173155,0.044851,0.012453,0.259024,0.597272,0.213466,0.61363,0.087878,3.595391,0.140565,0.064285,0.017287,0.457335,0.68589,0.210058,0.799113,-0.559268,2.782122,0.214957,0.309175,0.017115,1.438306,0.275798,0.187082,0.930799,-0.594081,2.954856,0.349526,0.304271,0.031233,0.870525,0.251243,0.155604
2024-09-23 00:00:27.998,V24-SP2-04-014,V24-SP2-04,P1-SP2-EXF01,14,27.9987,1314.1,2628,0.6789,-0.154872,3.415123,0.155754,0.055554,0.015311,0.356678,0.636223,0.257359,0.604733,0.479891,3.897061,0.143339,0.071175,0.026295,0.496549,0.681435,0.2113,0.799643,-0.459615,3.365124,0.226179,0.280169,0.031986,1.238703,0.270221,0.152059,0.94215,-0.557261,2.842903,0.344271,0.312465,0.04784,0.907614,0.271087,0.15218
2024-09-23 00:00:29.998,V24-SP2-04-015,V24-SP2-04,P1-SP2-EXF01,15,29.9986,1314.1,2628,0.645753,-0.106773,3.621644,0.169359,0.048015,0.011225,0.283509,0.601863,0.199981,0.643929,0.048975,3.300779,0.140241,0.072893,0.022649,0.519769,0.700532,0.241023,0.794802,-0.377118,2.994944,0.218534,0.288875,0.024111,1.321877,0.291057,0.187107,0.961551,-0.633871,2.686926,0.35363,0.3217,0.055067,0.909707,0.261311,0.168823
2024-09-23 00:00:31.998,V24-SP2-04-016,V24-SP2-04,P1-SP2-EXF01,16,31.9985,1314.1,2628,0.63241,-0.326531,3.529115,0.180496,0.050609,0.015136,0.28039,0.587453,0.17638,0.605202,0.041646,3.830746,0.147845,0.096101,0.015198,0.650011,0.65342,0.205103,0.80421,-0.522711,2.86185,0.225149,0.29806,0.031239,1.323835,0.242065,0.147561,0.975048,-0.652474,2.620664,0.34876,0.335691,0.056272,0.962526,0.249297,0.17861
2024-09-23 00:00:33.998,V24-SP2-04-017,V24-SP2-04,P1-SP2-EXF01,17,33.9984,1314.1,2628,0.678103,-0.108448,3.362553,0.20135,0.082898,0.024379,0.411709,0.532991,0.212596,0.602472,-0.070705,3.460222,0.14355,0.058753,0.01732,0.409286,0.683878,0.194499,0.782989,-0.485538,2.840756,0.219494,0.302835,0.016914,1.379694,0.247843,0.148454,0.977536,-0.691547,2.805882,0.35876,0.338914,0.042147,0.944682,0.224621,0.142541
2024-09-23 00:00:35.998,V24-SP2-04-018,V24-SP2-04,P1-SP2-EXF01,18,35.9983,1314.1,2628,0.660668,-0.122703,3.223817,0.18829,0.085362,0.013526,0.453354,0.546196,0.224501,0.595871,0.145577,3.824075,0.15486,0.042756,0.005965,0.276092,0.651235,0.180003,0.779005,-0.464306,3.000142,0.213803,0.314237,0.032144,1.469746,0.223689,0.140975,0.966337,-0.674736,2.683701,0.356555,0.327508,0.053461,0.918534,0.228925,0.146623
2024-09-23 00:00:37.998,V24-SP2-04-019,V24-SP2-04,P1-SP2-EXF01,19,37.9983,1314.1,2628,0.663134,-0.273219,3.011792,0.188291,0.068706,0.025096,0.364893,0.560402,0.256633,0.633106,0.100182,3.539119,0.143252,0.041835,0.00725,0.292036,0.72148,0.179482,0.783196,-0.504694,2.85613,0.225573,0.298167,0.021233,1.321823,0.242295,0.152393,0.982866,-0.598399,2.722202,0.365543,0.337099,0.034617,0.922187,0.258395,0.150485
2024-09-23 00:00:39.998,V24-SP2-04-020,V24-SP2-04,P1-SP2-EXF01,20,39.9982,1314.1,2628,0.664408,-0.215922,3.192648,0.203741,0.050549,0.008604,0.248104,0.555594,0.22519,0.654786,0.053251,3.711305,0.163582,0.049431,0.011883,0.302176,0.664959,0.249881,0.803671,-0.496284,2.961355,0.215849,0.314072,0.018421,1.455058,0.261948,0.165277,1.044533,-0.816578,2.560265,0.369576,0.345516,0.07141,0.934896,0.240748,0.154739
2024-09-23 00:00:41.998,V24-SP2-04-021,V24-SP2-04,P1-SP2-EXF01,21,41.9981,1314.1,2628,0.653836,-0.24783,3.308539,0.172437,0.047298,0.01614,0.274289,0.616926,0.195971,0.663338,0.153824,3.56361,0.128253,0.047572,0.007447,0.370926,0.723166,0.228549,0.830753,-0.444606,3.092835,0.22064,0.327003,0.01327,1.482063,0.281375,0.171662,1.013576,-0.823473,2.524231,0.366207,0.32472,0.057139,0.886712,0.261418,0.150267
2024-09-23 00:00:43.998,V24-SP2-04-022,V24-SP2-04,P1-SP2-EXF01,22,43.998,1314.1,2628,0.6632,-0.316071,2.737802,0.184247,0.053807,0.014447,0.292035,0.594191,0.221992,0.681412,0.04115,3.402002,0.138142,0.030157,0.011987,0.218305,0.738068,0.236434,0.788449,-0.614311,2.865836,0.22243,0.310298,0.020784,1.395038,0.224915,0.157077,0.993761,-0.580866,2.73248,0.365621,0.327008,0.0356,0.894391,0.267874,0.164399
2024-09-23 00:00:45.997,V24-SP2-04-023,V24-SP2-04,P1-SP2-EXF01,23,45.9979,1314.1,2628,0.641978,-0.286273,3.026276,0.188297,0.061424,0.020547,0.326209,0.537325,0.184347,0.682314,0.232935,4.024253,0.169092,0.034034,0.008946,0.201274,0.688461,0.25677,0.803852,-0.52617,2.805754,0.214141,0.307304,0.028835,1.435057,0.250322,0.183511,0.95631,-0.554121,2.912177,0.350356,0.317582,0.033405,0.906454,0.248088,0.122531
2024-09-23 00:00:47.997,V24-SP2-04-024,V24-SP2-04,P1-SP2-EXF01,24,47.9978,1314.1,2628,0.637369,-0.158705,3.198835,0.227206,0.063491,0.005551,0.279442,0.502324,0.202177,0.651888,0.228497,3.730849,0.14035,0.041433,0.017206,0.29521,0.711614,0.228513,0.819337,-0.506016,2.652086,0.223932,0.287696,0.021519,1.284749,0.287416,0.182206,0.965533,-0.665106,2.798421,0.359376,0.329685,0.03849,0.917381,0.257508,0.153465
2024-09-23 00:00:49.997,V24-SP2-04-025,V24-SP2-04,P1-SP2-EXF01,25,49.9977,1314.1,2628,0.657575,-0.265785,2.952075,0.189483,0.058488,0.021064,0.308673,0.558576,0.212241,0.639007,0.023658,3.623984,0.149229,0.062165,0.012689,0.416575,0.661722,0.227327,0.854237,-0.529378,3.013088,0.220257,0.299983,0.045417,1.361968,0.3274,0.205676,0.934722,-0.592027,2.898815,0.341608,0.310846,0.049071,0.909951,0.25928,0.142658
2024-09-23 00:00:51.997,V24-SP2-04-026,V24-SP2-04,P1-SP2-EXF01,26,51.9976,1314.1,2628,0.666518,-0.149161,2.978979,0.186087,0.062113,0.017885,0.333783,0.55687,0.237808,0.615132,0.173014,3.571166,0.138408,0.063161,0.024631,0.456336,0.670745,0.218241,0.827687,-0.567148,2.928066,0.224244,0.302589,0.020679,1.349376,0.302743,0.202648,0.94423,-0.521086,2.742438,0.360449,0.320542,0.035957,0.889284,0.263661,0.151683
2024-09-23 00:00:53.997,V24-SP2-04-027,V24-SP2-04,P1-SP2-EXF01,27,53.9975,1314.1,2628,0.671016,-0.32957,3.356279,0.18446,0.055105,0.021796,0.298736,0.588394,0.244206,0.624593,0.12347,3.948763,0.13993,0.059528,0.023048,0.425412,0.670985,0.236608,0.831041,-0.499129,2.856547,0.222913,0.291821,0.02988,1.309125,0.290145,0.183301,0.94399,-0.596921,2.667116,0.343314,0.323878,0.04621,0.943387,0.237572,0.147978
2024-09-23 00:00:55.997,V24-SP2-04-028,V24-SP2-04,P1-SP2-EXF01,28,55.9974,1314.1,2628,0.675856,-0.271321,3.200756,0.187917,0.064317,0.014228,0.342264,0.584429,0.239644,0.607859,0.10348,4.063913,0.142504,0.050019,0.022205,0.351002,0.669836,0.187583,0.821806,-0.559326,2.74842,0.21563,0.305738,0.016647,1.41788,0.24625,0.17085,0.937656,-0.553965,2.840657,0.351194,0.328875,0.040828,0.936448,0.227781,0.154453
2024-09-23 00:00:57.997,V24-SP2-04-029,V24-SP2-04,P1-SP2-EXF01,29,57.9973,1314.1,2628,0.660702,-0.194423,3.260953,0.21714,0.081871,0.008011,0.377044,0.507445,0.204673,0.605484,0.184623,3.831258,0.141991,0.040365,0.013944,0.284276,0.688594,0.185027,0.806217,-0.427016,3.530207,0.222639,0.323037,0.022419,1.450946,0.252784,0.18683,0.97021,-0.497005,2.750244,0.341362,0.344564,0.030827,1.00938,0.23903,0.147427
2024-09-23 00:00:59.997,V24-SP2-04-030,V24-SP2-04,P1-SP2-EXF01,30,59.9972,1314.1,2628,0.669794,-0.242382,3.175809,0.189645,0.069231,0.020377,0.365055,0.55958,0.25685,0.619959,0.119644,3.928335,0.141903,0.038949,0.022239,0.274473,0.706426,0.218504,0.828608,-0.631684,2.773196,0.217757,0.329122,0.031995,1.511416,0.257349,0.196715,0.979134,-0.5485,2.757642,0.354679,0.335372,0.029489,0.945565,0.255078,0.178817
2024-09-23 00:01:01.997,V24-SP2-04-031,V24-SP2-04,P1-SP2-EXF01,31,61.9971,1314.1,2628,0.650122,-0.315097,3.15407,0.18393,0.057262,0.026172,0.311323,0.586374,0.196148,0.633444,0.166226,3.597741,0.141553,0.045146,0.011462,0.318935,0.684937,0.210714,0.815293,-0.595374,2.650032,0.221247,0.306859,0.018738,1.386951,0.270635,0.185891,0.968628,-0.549271,2.874404,0.347761,0.337214,0.04328,0.96967,0.27231,0.15921
2024-09-23 00:01:03.997,V24-SP2-04-032,V24-SP2-04,P1-SP2-EXF01,32,63.9971,1314.1,2628,0.658668,-0.359604,3.047878,0.201116,0.062411,0.009068,0.310322,0.540157,0.231793,0.623928,0.099235,3.840936,0.140413,0.047511,0.014192,0.338367,0.678197,0.217647,0.846015,-0.593758,2.809636,0.224207,0.315188,0.033108,1.405789,0.2784,0.1711,1.000536,-0.57629,2.694267,0.366853,0.320458,0.044059,0.873533,0.270806,0.185335
2024-09-23 00:01:05.997,V24-SP2-04-033,V24-SP2-04,P1-SP2-EXF01,33,65.997,1314.1,2628,0.646483,-0.318317,3.169692,0.189727,0.072536,0.021,0.382317,0.555455,0.213498,0.632357,0.154116,3.723232,0.139497,0.058494,0.015712,0.419319,0.704076,0.231227,0.841077,-0.577755,2.876163,0.216193,0.311305,0.023703,1.439942,0.295093,0.170874,0.949341,-0.563815,2.819147,0.348001,0.333718,0.032185,0.958957,0.244835,0.145177
2024-09-23 00:01:07.996,V24-SP2-04-034,V24-SP2-04,P1-SP2-EXF01,34,67.9969,1314.1,2628,0.624251,-0.398858,2.871814,0.18572,0.056916,0.020584,0.306464,0.526329,0.170986,0.626479,0.140965,3.39671,0.140307,0.061553,0.02151,0.438701,0.692465,0.239212,0.841458,-0.585157,2.645931,0.228357,0.30753,0.042984,1.346706,0.273967,0.183831,0.909524,-0.494888,2.670067,0.350246,0.303378,0.038744,0.866185,0.202476,0.1144
2024-09-23 00:01:09.996,V24-SP2-04-035,V24-SP2-04,P1-SP2-EXF01,35,69.9968,1314.1,2628,0.640634,-0.244635,3.071459,0.167744,0.053982,0.022319,0.321811,0.584643,0.197207,0.64427,-0.093871,3.599306,0.14138,0.048148,0.017166,0.34056,0.712237,0.25749,0.852857,-0.597822,2.697964,0.217598,0.326708,0.034372,1.501429,0.276499,0.20114,0.882758,-0.496618,2.665757,0.332566,0.309297,0.018461,0.930032,0.216399,0.138887
2024-09-23 00:01:11.996,V24-SP2-04-036,V24-SP2-04,P1-SP2-EXF01,36,71.9967,1314.1,2628,0.641757,-0.288195,2.769429,0.172604,0.044613,0.014296,0.258472,0.613914,0.225153,0.638968,0.218354,3.725637,0.123071,0.059613,0.020082,0.484378,0.68481,0.236877,0.82372,-0.605952,2.731344,0.226277,0.312229,0.025283,1.379855,0.245494,0.143632,0.91995,-0.564726,2.644315,0.3391,0.330634,0.025529,0.975034,0.20431,0.130675
2024-09-23 00:01:13.996,V24-SP2-04-037,V24-SP2-04,P1-SP2-EXF01,37,73.9966,1314.1,2628,0.62549,-0.334741,3.022522,0.174153,0.045445,0.020742,0.260951,0.597878,0.188041,0.620079,0.158889,3.735081,0.140431,0.058995,0.016741,0.420103,0.669686,0.214319,0.844279,-0.605397,2.680617,0.218561,0.31947,0.03523,1.461694,0.305278,0.195228,0.946659,-0.591452,2.739327,0.344465,0.33009,0.03147,0.958268,0.221457,0.139461
2024-09-23 00:01:15.996,V24-SP2-04-038,V24-SP2-04,P1-SP2-EXF01,38,75.9965,1314.1,2628,0.626142,-0.330707,3.008853,0.209295,0.020475,0.005627,0.09783,0.513265,0.190365,0.624972,0.027468,3.881198,0.132667,0.063666,0.027357,0.479892,0.693755,0.220359,0.819325,-0.52313,2.853522,0.225175,0.306952,0.023385,1.363171,0.261064,0.144583,0.996878,-0.516367,2.839498,0.353043,0.349783,0.039461,0.990767,0.252568,0.148696
2024-09-23 00:01:17.996,V24-SP2-04-039,V24-SP2-04,P1-SP2-EXF01,39,77.9964,1314.1,2628,0.639623,-0.308717,2.934284,0.164473,0.040969,0.008776,0.249095,0.601765,0.213303,0.630177,0.099846,3.4298,0.128149,0.058327,0.014831,0.45515,0.685066,0.232983,0.841633,-0.509319,2.874836,0.226067,0.31579,0.03162,1.396886,0.243658,0.155185,1.000032,-0.491068,2.986467,0.352321,0.347783,0.048309,0.98712,0.240751,0.15367
2024-09-23 00:01:19.996,V24-SP2-04-040,V24-SP2-04,P1-SP2-EXF01,40,79.9963,1314.1,2628,0.631655,-0.412852,2.962479,0.165446,0.058407,0.009687,0.35303,0.582109,0.186624,0.624221,0.195004,3.655826,0.140807,0.042387,0.020069,0.301026,0.70102,0.210224,0.824526,-0.610517,3.11772,0.216415,0.325464,0.01763,1.503885,0.239508,0.156884,1.018501,-0.659638,2.762546,0.363456,0.344694,0.041206,0.948376,0.267223,0.143459
2024-09-23 00:01:21.996,V24-SP2-04-041,V24-SP2-04,P1-SP2-EXF01,41,81.9962,1314.1,2628,0.643401,-0.235317,3.962583,0.189736,0.072679,0.01496,0.383053,0.513767,0.232103,0.616851,-0.216396,3.255895,0.143825,0.061341,0.012869,0.426501,0.662024,0.204656,0.813237,-0.584046,3.177217,0.225346,0.331975,0.029401,1.473181,0.219663,0.157095,0.997874,-0.576549,2.796347,0.354204,0.350488,0.022717,0.989507,0.212923,0.136935
2024-09-23 00:01:23.996,V24-SP2-04-042,V24-SP2-04,P1-SP2-EXF01,42,83.9961,1314.1,2628,0.66035,-0.321805,3.044639,0.191944,0.079872,0.020613,0.416119,0.584509,0.2179,0.609619,-0.11137,3.110315,0.139414,0.052569,0.018848,0.377073,0.688381,0.207723,0.799885,-0.533547,2.962483,0.218369,0.301994,0.020922,1.382957,0.241287,0.144021,0.977871,-0.561564,2.732776,0.3468,0.349141,0.02973,1.00675,0.242842,0.149984
2024-09-23 00:01:25.996,V24-SP2-04-043,V24-SP2-04,P1-SP2-EXF01,43,85.996,1314.1,2628,0.644254,-0.199298,3.153481,0.193902,0.089729,0.026343,0.462751,0.555741,0.212315,0.621971,0.05101,3.728898,0.144218,0.050274,0.015431,0.348595,0.670962,0.227955,0.835777,-0.622037,2.802178,0.223526,0.319446,0.022197,1.429125,0.236931,0.169093,0.957296,-0.433992,3.073938,0.334715,0.329006,0.03413,0.982944,0.238488,0.180406
2024-09-23 00:01:27.996,V24-SP2-04-044,V24-SP2-04,P1-SP2-EXF01,44,87.996,1314.1,2628,0.617277,-0.19099,3.004017,0.195217,0.08289,0.016429,0.424604,0.535706,0.174248,0.624156,-0.097479,3.341526,0.132273,0.049992,0.020095,0.377947,0.714952,0.200823,0.860723,-0.566631,2.798576,0.227826,0.319836,0.040494,1.403859,0.281904,0.158087,0.932124,-0.390812,2.903313,0.337601,0.304935,0.018518,0.903242,0.2643,0.199388
2024-09-23 00:01:29.995,V24-SP2-04-045,V24-SP2-04,P1-SP2-EXF01,45,89.9959,1314.1,2628,0.631191,-0.335018,2.963133,0.170006,0.05579,0.013232,0.328167,0.580377,0.181799,0.610829,0.070929,3.611244,0.140238,0.048971,0.014864,0.349196,0.711758,0.220882,0.839793,-0.479699,2.969833,0.218262,0.304763,0.027157,1.396315,0.282286,0.158818,0.95866,-0.435855,3.351001,0.326924,0.324191,0.034935,0.991641,0.260664,0.201736
2024-09-23 00:01:31.995,V24-SP2-04-046,V24-SP2-04,P1-SP2-EXF01,46,91.9958,1314.1,2628,0.624892,-0.350014,3.271864,0.175544,0.05087,0.011681,0.289786,0.579502,0.191514,0.61626,0.218359,3.711942,0.142262,0.047667,0.014417,0.335067,0.695373,0.216463,0.838198,-0.59411,2.821303,0.225422,0.323173,0.034303,1.433633,0.270693,0.179893,0.979,-0.491492,3.264274,0.348327,0.322225,0.053915,0.925064,0.284749,0.23053
2024-09-23 00:01:33.995,V24-SP2-04-047,V24-SP2-04,P1-SP2-EXF01,47,93.9957,1314.1,2628,0.621925,-0.400752,2.978624,0.177856,0.061114,0.01654,0.343617,0.545716,0.160968,0.605463,0.017264,3.633312,0.138545,0.052603,0.014287,0.379685,0.679308,0.211202,0.835056,-0.543907,2.915895,0.218011,0.321736,0.022567,1.475777,0.249617,0.160069,0.966303,-0.47032,3.161657,0.334704,0.339221,0.030784,1.013496,0.28716,0.19207
2024-09-23 00:01:35.995,V24-SP2-04-048,V24-SP2-04,P1-SP2-EXF01,48,95.9956,1314.1,2628,0.641443,-0.198487,3.191001,0.194265,0.056693,0.007169,0.291831,0.526386,0.209282,0.628317,0.113903,3.507069,0.148845,0.042741,0.012983,0.28715,0.673907,0.213809,0.823119,-0.65733,2.795567,0.224972,0.33319,0.029577,1.481028,0.212882,0.150284,0.937883,-0.495916,2.753717,0.343348,0.314278,0.031451,0.915332,0.228333,0.15242
2024-09-23 00:01:37.995,V24-SP2-04-049,V24-SP2-04,P1-SP2-EXF01,49,97.9955,1314.1,2628,0.642264,-0.232909,3.070019,0.171103,0.05701,0.013434,0.333189,0.585857,0.19828,0.624499,0.081163,3.284382,0.141165,0.048436,0.011369,0.343119,0.694975,0.208881,0.804128,-0.595296,2.801296,0.220273,0.320236,0.021516,1.453817,0.226743,0.142547,0.893954,-0.4868,2.593478,0.327268,0.301893,0.026359,0.922464,0.225215,0.169872
2024-09-23 00:01:39.995,V24-SP2-04-050,V24-SP2-04,P1-SP2-EXF01,50,99.9954,1314.1,2628,0.676852,-0.356941,3.02689,0.185518,0.057972,0.023981,0.312487,0.585724,0.246178,0.642887,0.34695,4.086227,0.142391,0.033988,0.021428,0.238699,0.707761,0.231384,0.812632,-0.583161,2.734172,0.215655,0.33322,0.033253,1.545152,0.224052,0.139771,0.952831,-0.611471,2.874281,0.343112,0.325304,0.042276,0.948099,0.252703,0.137489
2024-09-23 00:01:41.995,V24-SP2-04-051,V24-SP2-04,P1-SP2-EXF01,51,101.9953,1314.1,2628,0.662582,-0.245913,3.262222,0.184177,0.070666,0.021446,0.383685,0.560277,0.235699,0.622799,0.079978,3.343003,0.140286,0.04185,0.016175,0.29832,0.700613,0.2201,0.81916,-0.628026,2.746291,0.22641,0.307843,0.0269,1.359669,0.245945,0.170732,0.980722,-0.548895,2.730553,0.337247,0.334441,0.044382,0.99168,0.280666,0.183397
2024-09-23 00:01:43.995,V24-SP2-04-052,V24-SP2-04,P1-SP2-EXF01,52,103.9952,1314.1,2628,0.647176,-0.189017,4.114907,0.192629,0.081387,0.021454,0.422507,0.563752,0.22099,0.629609,0.034764,3.748341,0.128953,0.044973,0.012787,0.348756,0.660897,0.217661,0.802087,-0.43843,3.019272,0.2121,0.35455,0.011464,1.671614,0.208392,0.176668,1.009378,-0.646836,2.644732,0.345949,0.33427,0.040666,0.966242,0.263688,0.170179
2024-09-23 00:01:45.995,V24-SP2-04-053,V24-SP2-04,P1-SP2-EXF01,53,105.9951,1314.1,2628,0.629563,-0.411476,3.121539,0.192048,0.096868,0.024117,0.504397,0.547567,0.187153,0.608384,0.067846,3.359909,0.141927,0.052637,0.019869,0.370873,0.652564,0.213093,0.771756,-0.567272,2.867871,0.213344,0.345859,0.013772,1.621129,0.175035,0.140058,0.992077,-0.548731,2.850884,0.339766,0.351869,0.035599,1.035623,0.242584,0.135163
2024-09-23 00:01:47.995,V24-SP2-04-054,V24-SP2-04,P1-SP2-EXF01,54,107.995,1314.1,2628,0.623946,-0.206287,3.254133,0.194968,0.09136,0.030275,0.46859,0.535507,0.183595,0.608127,-0.102978,3.491311,0.142848,0.059355,0.026143,0.415513,0.664284,0.201201,0.793077,-0.611844,2.662175,0.221575,0.333091,0.011971,1.50329,0.224852,0.166004,0.949184,-0.593466,2.778,0.341648,0.319314,0.021891,0.934629,0.224809,0.156822
2024-09-23 00:01:49.994,V24-SP2-04-055,V24-SP2-04,P1-SP2-EXF01,55,109.9949,1314.1,2628,0.637693,-0.277184,3.17599,0.185259,0.07332,0.021177,0.395773,0.556447,0.20395,0.605461,0.131535,3.954331,0.135524,0.062532,0.015906,0.461409,0.667344,0.205152,0.804871,-0.687603,2.716388,0.217194,0.331409,0.017677,1.525871,0.239681,0.154707,0.941888,-0.51794,2.790086,0.325855,0.334581,0.032814,1.026777,0.22721,0.148314
2024-09-23 00:01:51.994,V24-SP2-04-056,V24-SP2-04,P1-SP2-EXF01,56,111.9948,1314.1,2628,0.621351,-0.239037,3.42444,0.181406,0.063957,0.016527,0.352564,0.561531,0.198805,0.639587,0.059176,3.561949,0.1421,0.050143,0.023422,0.352871,0.700793,0.251438,0.833739,-0.533699,2.805731,0.219488,0.353519,0.009695,1.610654,0.221678,0.150313,0.94416,-0.429971,2.825159,0.344925,0.333851,0.023419,0.967894,0.229142,0.174535
2024-09-23 00:01:53.994,V24-SP2-04-057,V24-SP2-04,P1-SP2-EXF01,57,113.9948,1314.1,2628,0.645204,-0.306359,2.956759,0.195037,0.063781,0.010582,0.327021,0.523358,0.182175,0.654776,-0.048603,3.424833,0.143906,0.06255,0.021377,0.434657,0.656861,0.268914,0.80354,-0.577267,2.70186,0.225121,0.339738,0.024961,1.509138,0.206558,0.131417,0.951148,-0.560788,2.687415,0.333107,0.345072,0.047962,1.03592,0.207405,0.137167
2024-09-23 00:01:55.994,V24-SP2-04-058,V24-SP2-04,P1-SP2-EXF01,58,115.9947,1314.1,2628,0.639338,-0.285125,3.316084,0.171541,0.069218,0.018375,0.403504,0.561571,0.182724,0.646209,0.319635,3.769119,0.143836,0.048126,0.017987,0.334589,0.696177,0.22808,0.799048,-0.630544,2.73828,0.213506,0.35618,0.010601,1.668245,0.211624,0.161881,0.950184,-0.568173,2.874808,0.349445,0.333384,0.023904,0.954038,0.237769,0.153407
2024-09-23 00:01:57.994,V24-SP2-04-059,V24-SP2-04,P1-SP2-EXF01,59,117.9946,1314.1,2628,0.612804,-0.312914,3.101702,0.193092,0.078857,0.018754,0.408389,0.512843,0.172652,0.640979,0.146595,3.611355,0.169948,0.054817,0.008041,0.322553,0.631089,0.223742,0.803721,-0.632097,2.668548,0.22034,0.335611,0.029161,1.523146,0.230708,0.159426,0.904224,-0.463638,2.991401,0.330273,0.31398,0.025472,0.950667,0.212737,0.153387
2024-09-23 00:01:59.994,V24-SP2-04-060,V24-SP2-04,P1-SP2-EXF01,60,119.9945,1314.1,2628,0.633774,-0.271084,3.097947,0.20838,0.03683,0.00428,0.176745,0.514791,0.184254,0.616711,0.080529,3.756594,0.144487,0.043121,0.013718,0.29844,0.69027,0.188483,0.830772,-0.612879,2.670006,0.228068,0.320628,0.027603,1.405845,0.252174,0.162753,0.916472,-0.370975,2.979283,0.340788,0.310174,0.028057,0.910167,0.207337,0.125913
2024-09-23 00:02:01.994,V24-SP2-04-061,V24-SP2-04,P1-SP2-EXF01,61,121.9944,1314.1,2628,0.671505,-0.303615,3.165796,0.167736,0.048256,0.020017,0.28769,0.639499,0.223026,0.6445,0.131748,3.82884,0.132375,0.056658,0.01395,0.428014,0.686374,0.238389,0.840661,-0.419883,3.124229,0.216583,0.348921,0.017657,1.61103,0.269981,0.211152,0.93187,-0.446985,2.912109,0.339694,0.314406,0.030503,0.925557,0.239742,0.181906
2024-09-23 00:02:03.994,V24-SP2-04-062,V24-SP2-04,P1-SP2-EXF01,62,123.9943,1314.1,2628,0.667199,-0.243752,3.131795,0.198917,0.051238,0.00994,0.257585,0.560217,0.214091,0.632732,-0.084036,3.233166,0.13736,0.054715,0.014532,0.39833,0.684191,0.222048,0.834191,-0.506127,2.947151,0.223141,0.340974,0.017911,1.528062,0.249535,0.194727,0.970884,-0.526107,2.871159,0.336312,0.332274,0.036276,0.987991,0.246981,0.182155
2024-09-23 00:02:05.994,V24-SP2-04-063,V24-SP2-04,P1-SP2-EXF01,63,125.9942,1314.1,2628,0.678842,-0.252468,3.156423,0.179656,0.05927,0.022817,0.329906,0.611115,0.233825,0.62037,0.09706,3.678684,0.143642,0.051178,0.010125,0.356289,0.674628,0.20492,0.841474,-0.538414,2.718775,0.226085,0.332808,0.022385,1.472051,0.257425,0.171078,0.96158,-0.492331,3.105434,0.348054,0.340292,0.021358,0.977698,0.235333,0.161239
2024-09-23 00:02:07.994,V24-SP2-04-064,V24-SP2-04,P1-SP2-EXF01,64,127.9941,1314.1,2628,0.65895,-0.196182,3.244405,0.181791,0.079912,0.021387,0.43958,0.532362,0.201764,0.631858,0.167385,3.238117,0.15198,0.060338,0.013847,0.39701,0.677805,0.217782,0.849175,-0.507104,2.84829,0.217446,0.329686,0.0277,1.516173,0.246731,0.14726,0.926784,-0.504894,2.831611,0.322891,0.343512,0.020597,1.063865,0.199728,0.160244
2024-09-23 00:02:09.994,V24-SP2-04-065,V24-SP2-04,P1-SP2-EXF01,65,129.994,1314.1,2628,0.636787,-0.384007,3.141183,0.225333,0.083242,0.00656,0.369416,0.486446,0.198684,0.590602,0.144713,3.456737,0.143086,0.056569,0.01753,0.395351,0.674372,0.204227,0.867665,-0.496423,2.926711,0.227083,0.335089,0.033702,1.475627,0.287224,0.201607,0.921685,-0.514298,2.777727,0.33216,0.339459,0.016327,1.021972,0.218263,0.172142
2024-09-23 00:02:11.993,V24-SP2-04-066,V24-SP2-04,P1-SP2-EXF01,66,131.9939,1314.1,2628,0.644792,-0.295964,3.41609,0.208284,0.084099,0.010154,0.403773,0.483596,0.228965,0.616472,0.078718,3.685126,0.14246,0.052651,0.015877,0.369582,0.704432,0.243972,0.833082,-0.613572,2.716743,0.21758,0.337399,0.02754,1.550686,0.227326,0.165774,0.935272,-0.441081,2.730945,0.326047,0.324734,0.039297,0.995975,0.234928,0.179239
2024-09-23 00:02:13.993,V24-SP2-04-067,V24-SP2-04,P1-SP2-EXF01,67,133.9938,1314.1,2628,0.634715,-0.325126,2.945037,0.183155,0.058499,0.020271,0.319394,0.526311,0.19605,0.622135,0.026415,3.658354,0.173495,0.041165,0.010602,0.237271,0.663121,0.225332,0.833887,-0.657209,2.658841,0.22411,0.313748,0.0327,1.399973,0.238104,0.139091,0.946432,-0.443855,3.057244,0.337127,0.349157,0.037176,1.035687,0.209459,0.131043
2024-09-23 00:02:15.993,V24-SP2-04-068,V24-SP2-04,P1-SP2-EXF01,68,135.9937,1314.1,2628,0.658737,-0.157162,3.166995,0.154183,0.051145,0.013427,0.331718,0.598283,0.231751,0.611436,0.191062,3.659715,0.172211,0.054821,0.007818,0.318337,0.657861,0.209997,0.82403,-0.568685,2.795164,0.226396,0.340414,0.016268,1.503619,0.225258,0.154871,0.96579,-0.417304,2.927179,0.343529,0.335493,0.022193,0.97661,0.247238,0.179393
2024-09-23 00:02:17.993,V24-SP2-04-069,V24-SP2-04,P1-SP2-EXF01,69,137.9937,1314.1,2628,0.664334,-0.138817,2.988122,0.167148,0.061213,0.017129,0.366223,0.539627,0.243024,0.622317,-0.041725,3.354703,0.135271,0.050963,0.014484,0.376745,0.668497,0.230674,0.812831,-0.501987,2.915608,0.21325,0.35878,0.016642,1.682438,0.214838,0.158864,0.968179,-0.424265,2.922717,0.339385,0.329451,0.029521,0.970729,0.260185,0.182973
2024-11-04 00:00:00.000,V24-SP2-03-000,V24-SP2-03,P1-SP2-EXF01,0,0.0,1400.6,2801,0.312027,0.13907,3.557019,0.024872,0.059146,0.003843,2.378007,0.733981,0.072991,0.335667,0.78726,3.918355,0.03565,0.027321,0.006279,0.76636,0.817167,0.088081,0.261918,-0.284124,3.640695,0.005912,0.003188,0.015169,0.539275,0.879568,0.051468,0.41417,-0.167501,3.441383,0.026502,0.016577,0.003112,0.6255,0.709075,0.079381
2024-11-04 00:00:01.999,V24-SP2-03-001,V24-SP2-03,P1-SP2-EXF01,1,1.9999,1400.6,2801,0.309842,0.127033,3.443046,0.039675,0.044983,0.001972,1.133775,0.675093,0.064093,0.324194,0.471408,3.849491,0.032686,0.035055,0.006641,1.072482,0.81142,0.086751,0.328683,0.508159,3.660319,0.018405,0.013909,0.016192,0.755748,0.798686,0.056427,0.378248,0.020514,3.358553,0.074469,0.045045,0.005195,0.604889,0.698567,0.06623
2024-11-04 00:00:03.999,V24-SP2-03-002,V24-SP2-03,P1-SP2-EXF01,2,3.9998,1400.6,2801,0.331758,0.328561,3.757948,0.041666,0.021536,0.003397,0.516881,0.70137,0.067955,0.321671,0.587625,3.742132,0.037364,0.03687,0.004005,0.986783,0.850512,0.076575,0.37715,-0.298717,3.060231,0.028958,0.053661,0.015903,1.853073,0.819981,0.054631,0.432857,0.29302,4.023207,0.054082,0.0716,0.022888,1.323911,0.730427,0.062687
2024-11-04 00:00:05.999,V24-SP2-03-003,V24-SP2-03,P1-SP2-EXF01,3,5.9997,1400.6,2801,0.323467,0.158427,3.847718,0.029302,0.069808,0.00389,2.382391,0.705962,0.079804,0.333929,1.061361,4.270788,0.048629,0.036449,0.003587,0.749528,0.801961,0.075952,0.363896,0.098111,3.977172,0.035059,0.066925,0.038363,1.908932,0.405781,0.044101,0.410512,0.838111,4.784717,0.046724,0.038747,0.030915,0.829264,0.551133,0.064059
2024-11-04 00:00:07.999,V24-SP2-03-004,V24-SP2-03,P1-SP2-EXF01,4,7.9997,1400.6,2801,0.33596,0.281981,3.441457,0.017278,0.073447,0.006472,4.250816,0.779382,0.070993,0.31509,0.976911,4.097798,0.032099,0.041018,0.003612,1.277857,0.782908,0.076216,0.411585,0.18127,4.012555,0.028243,0.077293,0.029164,2.736659,0.340517,0.051783,0.397398,0.555257,4.602372,0.043824,0.024873,0.024981,0.567561,0.610363,0.0552
2024-11-04 00:00:09.999,V24-SP2-03-005,V24-SP2-03,P1-SP2-EXF01,5,9.9996,1400.6,2801,0.346346,0.576773,4.499777,0.017202,0.060763,0.005814,3.532254,0.818263,0.08224,0.326535,0.720765,3.884856,0.062204,0.010381,0.005833,0.166883,0.793511,0.074134,0.380444,0.030726,4.040333,0.031556,0.083776,0.030931,2.654801,0.394882,0.052422,0.385987,0.126059,3.637079,0.055244,0.007755,0.033099,0.140374,0.410358,0.068673
2024-11-04 00:00:11.999,V24-SP2-03-006,V24-SP2-03,P1-SP2-EXF01,6,11.9995,1400.6,2801,0.331216,0.191106,3.759443,0.020369,0.048991,0.004079,2.405211,0.792689,0.078978,0.327138,0.609389,4.221004,0.057818,0.012131,0.005097,0.20982,0.808236,0.076801,0.387892,0.055557,3.848241,0.030621,0.074227,0.035881,2.424077,0.437708,0.06229,0.420561,0.034149,3.497041,0.057871,0.003601,0.026451,0.06222,0.473245,0.059655
2024-11-04 00:00:13.999,V24-SP2-03-007,V24-SP2-03,P1-SP2-EXF01,7,13.9994,1400.6,2801,0.32889,0.309286,3.37835,0.028726,0.039286,0.00424,1.367644,0.748498,0.080852,0.351102,1.108472,4.445054,0.03167,0.03881,0.004625,1.225433,0.875046,0.080151,0.367027,-0.193753,3.46026,0.023312,0.064225,0.038545,2.755041,0.481385,0.053377,0.394882,0.451487,4.064219,0.043857,0.014456,0.028195,0.329615,0.621041,0.068981
2024-11-04 00:00:15.999,V24-SP2-03-008,V24-SP2-03,P1-SP2-EXF01,8,15.9993,1400.6,2801,0.345106,0.384323,4.129421,0.035308,0.028567,0.005514,0.809087,0.7027,0.090295,0.355438,1.06698,4.263068,0.058872,0.010114,0.002746,0.171801,0.844742,0.07228,0.384306,-0.375963,3.008062,0.021735,0.077227,0.030047,3.553123,0.49573,0.059931,0.346795,0.476305,4.630679,0.050224,0.008183,0.032022,0.162938,0.621428,0.054755
2024-11-04 00:00:17.999,V24-SP2-03-009,V24-SP2-03,P1-SP2-EXF01,9,17.9992,1400.6,2801,0.35627,0.042905,3.883278,0.018435,0.063925,0.00715,3.46762,0.788761,0.095891,0.340498,0.522602,4.05882,0.032196,0.029833,0.003858,0.926601,0.825058,0.084503,0.418184,0.045382,3.359245,0.022861,0.073361,0.029413,3.208919,0.502825,0.057652,0.412364,0.008234,4.003524,0.040251,0.007539,0.021676,0.187306,0.690527,0.055807
2024-11-04 00:00:19.999,V24-SP2-03-010,V24-SP2-03,P1-SP2-EXF01,10,19.9991,1400.6,2801,0.328842,0.334705,4.058442,0.018696,0.072138,0.00754,3.8585,0.764874,0.076828,0.346968,0.814876,4.053214,0.06127,0.013118,0.00637,0.214107,0.834234,0.08436,0.404193,0.051009,3.91871,0.021494,0.077122,0.032701,3.588109,0.495611,0.052131,0.436181,0.284563,4.092641,0.043813,0.009012,0.025059,0.205705,0.700228,0.059428
2024-11-04 00:00:21.999,V24-SP2-03-011,V24-SP2-03,P1-SP2-EXF01,11,21.9991,1400.6,2801,0.35566,0.776744,4.517163,0.02987,0.037649,0.004035,1.260432,0.730393,0.093897,0.341269,0.713021,4.371823,0.050644,0.02985,0.005775,0.589413,0.821623,0.083411,0.378794,-0.222365,3.529607,0.020014,0.076011,0.020237,3.797858,0.506679,0.056529,0.423284,0.041192,4.42903,0.048513,0.020785,0.017891,0.428446,0.71555,0.073472
2024-11-04 00:00:23.999,V24-SP2-03-012,V24-SP2-03,P1-SP2-EXF01,12,23.999,1400.6,2801,0.34569,0.44968,4.64347,0.038203,0.010429,0.002272,0.272991,0.718306,0.069142,0.326976,0.410545,4.015658,0.036085,0.043481,0.006017,1.204962,0.838862,0.080764,0.366963,-0.064483,3.702774,0.021034,0.08141,0.028346,3.870407,0.529922,0.048086,0.386838,0.228232,3.744289,0.053145,0.022981,0.01723,0.432414,0.770508,0.058015
2024-11-04 00:00:25.998,V24-SP2-03-013,V24-SP2-03,P1-SP2-EXF01,13,25.9989,1400.6,2801,0.347661,0.441006,3.710308,0.03961,0.055391,0.005872,1.398415,0.685557,0.083729,0.335413,0.537423,4.23988,0.041321,0.04257,0.006081,1.030217,0.749536,0.083711,0.360507,0.079762,3.45996,0.024306,0.079929,0.034538,3.288409,0.590599,0.050009,0.410054,0.158949,3.802524,0.055785,0.022014,0.024797,0.394618,0.82068,0.054824
2024-11-04 00:00:27.998,V24-SP2-03-014,V24-SP2-03,P1-SP2-EXF01,14,27.9988,1400.6,2801,0.34969,0.405331,3.821849,0.034761,0.058306,0.002797,1.677334,0.692788,0.084371,0.321817,0.225755,3.600469,0.048179,0.042536,0.004581,0.882887,0.79264,0.067963,0.380274,-0.02807,3.515092,0.024316,0.075979,0.034347,3.12461,0.468216,0.055677,0.40911,0.436288,3.598624,0.049499,0.013314,0.017273,0.268982,0.814438,0.060724
2024-11-04 00:00:29.998,V24-SP2-03-015,V24-SP2-03,P1-SP2-EXF01,15,29.9987,1400.6,2801,0.352165,0.361588,3.796245,0.040673,0.039467,0.002852,0.970341,0.673324,0.084514,0.302811,0.734266,3.958039,0.056177,0.027625,0.004278,0.491753,0.788269,0.072021,0.363723,0.155087,3.245028,0.023241,0.082579,0.031807,3.553165,0.467572,0.068259,0.403911,-0.109419,3.413772,0.04931,0.019415,0.011416,0.393738,0.832174,0.069984
2024-11-04 00:00:31.998,V24-SP2-03-016,V24-SP2-03,P1-SP2-EXF01,16,31.9986,1400.6,2801,0.332123,0.491566,3.679653,0.038232,0.015195,0.004315,0.397445,0.688673,0.07887,0.336535,0.335593,3.442938,0.060268,0.009132,0.005922,0.15152,0.790656,0.071644,0.375952,-0.054183,3.136086,0.03253,0.07965,0.028992,2.448514,0.499489,0.054748,0.385341,-0.264737,2.890646,0.036703,0.023829,0.009312,0.649226,0.794346,0.05607
2024-11-04 00:00:33.998,V24-SP2-03-017,V24-SP2-03,P1-SP2-EXF01,17,33.9985,1400.6,2801,0.3496,0.542125,3.953001,0.036279,0.020341,0.003123,0.56069,0.734861,0.08362,0.34804,0.339005,3.508191,0.032992,0.045527,0.004822,1.379945,0.828826,0.084747,0.390762,-0.20649,3.19226,0.023798,0.078548,0.019043,3.300577,0.58325,0.059338,0.434209,0.009663,3.284686,0.043165,0.026063,0.018649,0.603803,0.797334,0.060582
2024-11-04 00:00:35.998,V24-SP2-03-018,V24-SP2-03,P1-SP2-EXF01,18,35.9985,1400.6,2801,0.311612,0.450632,3.922635,0.027075,0.07586,0.007904,2.801809,0.653866,0.074001,0.339832,0.167515,3.530171,0.033662,0.040088,0.005766,1.190889,0.827212,0.098045,0.388954,-0.040897,3.20485,0.024017,0.08604,0.02808,3.582474,0.446315,0.068329,0.413753,0.096667,3.661147,0.044209,0.027797,0.021307,0.62876,0.703953,0.059195
2024-11-04 00:00:37.998,V24-SP2-03-019,V24-SP2-03,P1-SP2-EXF01,19,37.9984,1400.6,2801,0.32661,0.330951,3.819313,0.020249,0.079582,0.0047,3.930104,0.754407,0.084905,0.318613,0.565462,4.056869,0.029596,0.03421,0.005728,1.155891,0.820171,0.090276,0.382143,-0.070595,3.561882,0.027341,0.079322,0.027472,2.901173,0.443571,0.059642,0.387836,-0.171753,3.219642,0.04714,0.032419,0.02439,0.687731,0.759338,0.057575
2024-11-04 00:00:39.998,V24-SP2-03-020,V24-SP2-03,P1-SP2-EXF01,20,39.9983,1400.6,2801,0.333308,0.115094,3.466938,0.037164,0.027395,0.005395,0.737131,0.6848,0.082034,0.329893,0.261339,3.647647,0.029196,0.042822,0.002906,1.466719,0.818847,0.086194,0.362213,0.052303,3.320503,0.022784,0.081886,0.023236,3.594009,0.580149,0.053258,0.377397,0.177204,3.777807,0.038918,0.046333,0.012633,1.190519,0.701429,0.06404
2024-11-04 00:00:41.998,V24-SP2-03-021,V24-SP2-03,P1-SP2-EXF01,21,41.9982,1400.6,2801,0.323994,0.392139,3.986665,0.021682,0.074902,0.00756,3.454537,0.735259,0.082773,0.335167,0.147255,3.320522,0.037056,0.04046,0.002829,1.091871,0.819289,0.088921,0.374826,-0.166765,3.444126,0.031795,0.090065,0.026783,2.83267,0.593646,0.055597,0.376026,0.197898,4.030514,0.040203,0.041431,0.018884,1.030535,0.711835,0.065709
2024-11-04 00:00:43.998,V24-SP2-03-022,V24-SP2-03,P1-SP2-EXF01,22,43.9981,1400.6,2801,0.3334,0.259885,4.277039,0.028864,0.071566,0.008096,2.4794,0.680507,0.085054,0.330125,0.395009,4.1804,0.052029,0.040896,0.003124,0.786035,0.773878,0.088401,0.392216,-0.03508,3.748171,0.024818,0.092478,0.028645,3.726278,0.500023,0.05761,0.392678,0.145653,3.859035,0.045534,0.040056,0.018292,0.87969,0.731699,0.061831
2024-11-04 00:00:45.998,V24-SP2-03-023,V24-SP2-03,P1-SP2-EXF01,23,45.998,1400.6,2801,0.349082,0.462472,4.086915,0.035896,0.047446,0.005473,1.321759,0.71089,0.088373,0.330478,0.47868,3.573401,0.044382,0.042779,0.003829,0.96389,0.8299,0.077173,0.389264,-0.107991,3.490759,0.02994,0.077449,0.027951,2.586806,0.629128,0.06151,0.404391,0.045327,3.857816,0.049439,0.040435,0.020305,0.817868,0.738892,0.069907
2024-11-04 00:00:47.997,V24-SP2-03-024,V24-SP2-03,P1-SP2-EXF01,24,47.9979,1400.6,2801,0.335729,0.500492,3.978444,0.037183,0.038518,0.004411,1.035909,0.684208,0.081704,0.326112,0.566806,3.682676,0.033966,0.047892,0.007687,1.40998,0.809043,0.068626,0.372187,-0.158452,3.293811,0.024498,0.086941,0.017324,3.548859,0.672207,0.056378,0.40097,-0.139658,3.498791,0.054743,0.039171,0.023392,0.715546,0.579896,0.050334
2024-11-04 00:00:49.997,V24-SP2-03-025,V24-SP2-03,P1-SP2-EXF01,25,49.9979,1400.6,2801,0.323158,0.506313,4.546619,0.033515,0.038928,0.004657,1.16152,0.71365,0.08426,0.315748,0.515802,3.944156,0.060376,0.01779,0.005193,0.294661,0.7732,0.068219,0.375802,0.057396,3.677324,0.03089,0.084234,0.021805,2.726938,0.539409,0.048895,0.368443,0.163738,3.506879,0.039295,0.047218,0.016971,1.201629,0.615092,0.052083
2024-11-04 00:00:51.997,V24-SP2-03-026,V24-SP2-03,P1-SP2-EXF01,26,51.9978,1400.6,2801,0.324735,0.448604,4.252489,0.030351,0.062044,0.00378,2.044225,0.701072,0.080673,0.324405,0.612638,3.843173,0.051422,0.032061,0.002638,0.62349,0.781499,0.078484,0.373896,0.047277,3.693924,0.026363,0.085896,0.011683,3.25823,0.564983,0.052432,0.38284,-0.034756,3.723154,0.041351,0.045154,0.016917,1.091973,0.620469,0.058491
2024-11-04 00:00:53.997,V24-SP2-03-027,V24-SP2-03,P1-SP2-EXF01,27,53.9977,1400.6,2801,0.323537,0.52332,4.267611,0.040469,0.025808,0.004248,0.637718,0.666223,0.064439,0.343119,0.261708,3.496998,0.063489,0.017868,0.002281,0.281433,0.78809,0.075369,0.392646,-0.13097,3.402057,0.022313,0.101157,0.013072,4.533502,0.514185,0.058531,0.370713,0.251798,3.969072,0.041918,0.036883,0.017987,0.879899,0.794849,0.067026
2024-11-04 00:00:55.997,V24-SP2-03-028,V24-SP2-03,P1-SP2-EXF01,28,55.9976,1400.6,2801,0.338241,0.477848,3.556441,0.017349,0.076088,0.007086,4.385847,0.788401,0.077769,0.347093,0.23966,3.728484,0.036573,0.049896,0.005442,1.36428,0.811444,0.097406,0.402959,0.107039,3.539649,0.033532,0.097958,0.015891,2.921339,0.495217,0.054579,0.395564,-0.004136,3.716652,0.04175,0.04232,0.011157,1.01365,0.753364,0.063082
2024-11-04 00:00:57.997,V24-SP2-03-029,V24-SP2-03,P1-SP2-EXF01,29,57.9975,1400.6,2801,0.340643,0.673366,3.92161,0.022333,0.051592,0.007111,2.310128,0.817809,0.072064,0.352568,0.811443,4.047647,0.035808,0.050813,0.005241,1.419058,0.823301,0.090827,0.383921,0.328349,4.010033,0.029501,0.101582,0.010196,3.443291,0.543899,0.050301,0.380301,-0.014159,3.867452,0.053857,0.044004,0.011865,0.817045,0.822741,0.057605
2024-11-04 00:00:59.997,V24-SP2-03-030,V24-SP2-03,P1-SP2-EXF01,30,59.9974,1400.6,2801,0.321145,0.646934,4.022427,0.02912,0.030862,0.005365,1.059815,0.738837,0.066368,0.336757,0.635366,3.838803,0.034948,0.045607,0.004453,1.304986,0.812391,0.079653,0.369106,0.08216,3.380106,0.02616,0.09556,0.012992,3.652929,0.608064,0.052285,0.416052,0.169486,4.287252,0.043904,0.040979,0.013338,0.933381,0.616834,0.070703
2024-11-04 00:01:01.997,V24-SP2-03-031,V24-SP2-03,P1-SP2-EXF01,31,61.9973,1400.6,2801,0.327209,0.262607,3.813764,0.018192,0.052856,0.004881,2.905359,0.806398,0.072592,0.346733,0.224458,3.460752,0.041222,0.046049,0.005771,1.117104,0.796741,0.077283,0.366859,0.197867,3.64036,0.02348,0.091233,0.010094,3.885617,0.578042,0.051243,0.390944,0.24931,4.568866,0.052854,0.035709,0.018851,0.675619,0.577841,0.083782
2024-11-04 00:01:03.997,V24-SP2-03-032,V24-SP2-03,P1-SP2-EXF01,32,63.9972,1400.6,2801,0.319421,0.445528,4.037981,0.015429,0.065709,0.004991,4.258815,0.821317,0.066049,0.332477,0.418381,3.749394,0.067288,0.031248,0.003235,0.464396,0.782314,0.078936,0.396625,0.078817,3.594117,0.036522,0.100911,0.008862,2.762974,0.557924,0.059073,0.398304,0.004137,3.356703,0.03967,0.036053,0.022997,0.908843,0.619018,0.089099
2024-11-04 00:01:05.997,V24-SP2-03-033,V24-SP2-03,P1-SP2-EXF01,33,65.9972,1400.6,2801,0.334134,0.335814,3.534122,0.031519,0.056425,0.005932,1.790162,0.710403,0.068359,0.35244,0.509389,3.536907,0.05951,0.037995,0.002001,0.638471,0.772216,0.083604,0.380884,0.372469,4.333806,0.021533,0.098923,0.007802,4.594128,0.539256,0.05541,0.38663,0.095982,4.156328,0.047729,0.026699,0.025944,0.55938,0.784351,0.08635
2024-11-04 00:01:07.997,V24-SP2-03-034,V24-SP2-03,P1-SP2-EXF01,34,67.9971,1400.6,2801,0.340146,0.182132,3.726112,0.026862,0.08661,0.005917,3.224217,0.696698,0.078535,0.334655,0.578274,3.724265,0.045851,0.032368,0.003957,0.705933,0.78274,0.06891,0.350199,0.209468,4.074533,0.024337,0.100641,0.010055,4.135269,0.553174,0.047962,0.376665,-0.01042,3.542224,0.044979,0.032404,0.0283,0.720419,0.689542,0.060381
2024-11-04 00:01:09.997,V24-SP2-03-035,V24-SP2-03,P1-SP2-EXF01,35,69.997,1400.6,2801,0.32977,0.574657,4.05379,0.021444,0.096377,0.00512,4.494468,0.69936,0.065053,0.33267,0.134162,3.548603,0.03674,0.047157,0.005508,1.28353,0.786271,0.088595,0.36548,0.341375,3.904994,0.02473,0.106442,0.011276,4.304205,0.527446,0.052155,0.356885,0.167371,3.557365,0.05482,0.030829,0.022012,0.562362,0.543681,0.064345
2024-11-04 00:01:11.996,V24-SP2-03-036,V24-SP2-03,P1-SP2-EXF01,36,71.9969,1400.6,2801,0.313468,0.586796,3.840651,0.035192,0.02223,0.004949,0.631682,0.700078,0.07582,0.334693,0.218338,3.520393,0.034624,0.050203,0.00573,1.449965,0.799111,0.069518,0.364244,0.121406,3.913489,0.033606,0.099761,0.01235,2.968516,0.539265,0.055909,0.379869,-0.049806,3.161679,0.051292,0.035608,0.02617,0.694217,0.773159,0.062537
2024-11-04 00:01:13.996,V24-SP2-03-037,V24-SP2-03,P1-SP2-EXF01,37,73.9968,1400.6,2801,0.322019,0.400861,4.152417,0.026883,0.053459,0.00577,1.988586,0.73994,0.065945,0.316528,0.515942,4.227014,0.034847,0.050406,0.007595,1.446489,0.759522,0.081207,0.360205,-0.026118,3.207983,0.023916,0.096518,0.018916,4.035693,0.485936,0.047327,0.365419,-0.063187,3.406288,0.047894,0.03264,0.017369,0.681513,0.781674,0.064692
2024-11-04 00:01:15.996,V24-SP2-03-038,V24-SP2-03,P1-SP2-EXF01,38,75.9967,1400.6,2801,0.323994,0.488258,4.952778,0.034406,0.039609,0.004224,1.151215,0.717259,0.071091,0.321831,0.363467,4.158578,0.058949,0.025924,0.004975,0.43977,0.759054,0.080215,0.357225,0.117982,3.364255,0.02168,0.110302,0.009238,5.087644,0.544338,0.051542,0.363454,0.020638,3.495364,0.049074,0.048799,0.026978,0.994397,0.704448,0.055999
2024-11-04 00:01:17.996,V24-SP2-03-039,V24-SP2-03,P1-SP2-EXF01,39,77.9966,1400.6,2801,0.321315,0.618013,3.811226,0.018669,0.053804,0.003953,2.882028,0.791108,0.071678,0.327268,0.348579,3.675855,0.032953,0.052472,0.00466,1.592304,0.786681,0.073512,0.373749,0.136937,3.814708,0.024019,0.120668,0.013362,5.023958,0.490216,0.053737,0.388307,-0.071667,3.329017,0.039717,0.048684,0.028416,1.225752,0.579842,0.05165
2024-11-04 00:01:19.996,V24-SP2-03-040,V24-SP2-03,P1-SP2-EXF01,40,79.9966,1400.6,2801,0.328738,0.420966,3.793786,0.019733,0.07835,0.006538,3.97057,0.772093,0.075618,0.317393,0.443843,3.650232,0.041843,0.048986,0.007509,1.170706,0.777432,0.069921,0.353787,0.074851,3.647953,0.03059,0.110929,0.019559,3.626293,0.516267,0.05271,0.373891,0.081599,3.935445,0.037512,0.038422,0.021912,1.024257,0.514663,0.0714
2024-11-04 00:01:21.996,V24-SP2-03-041,V24-SP2-03,P1-SP2-EXF01,41,81.9965,1400.6,2801,0.330877,0.579727,4.100288,0.022215,0.085529,0.005361,3.850007,0.765233,0.084808,0.339294,0.798709,4.073493,0.050101,0.033104,0.008084,0.66075,0.791931,0.07572,0.365517,0.141533,3.775968,0.023087,0.108046,0.015133,4.680023,0.561719,0.051355,0.364996,0.400473,3.966934,0.045617,0.037261,0.0215,0.816816,0.659131,0.067806
2024-11-04 00:01:23.996,V24-SP2-03-042,V24-SP2-03,P1-SP2-EXF01,42,83.9964,1400.6,2801,0.326934,0.428089,4.078744,0.036221,0.063288,0.004531,1.747304,0.714439,0.075405,0.329408,0.658149,3.922901,0.059938,0.024315,0.002792,0.405676,0.774531,0.079248,0.381775,-0.182731,3.384869,0.021492,0.116424,0.009971,5.417097,0.569187,0.063125,0.361651,0.141168,4.188174,0.040031,0.042543,0.020688,1.062757,0.558276,0.057046
2024-11-04 00:01:25.996,V24-SP2-03-043,V24-SP2-03,P1-SP2-EXF01,43,85.9963,1400.6,2801,0.329521,0.46992,4.45742,0.022106,0.090235,0.007455,4.081817,0.716338,0.05822,0.304449,0.467031,3.796068,0.063775,0.013519,0.004149,0.211977,0.77868,0.085771,0.357461,-0.155284,3.48908,0.0337,0.109545,0.019201,3.250635,0.550582,0.057832,0.360682,-0.022128,3.519622,0.040482,0.037201,0.022412,0.918954,0.683342,0.080031
2024-11-04 00:01:27.996,V24-SP2-03-044,V24-SP2-03,P1-SP2-EXF01,44,87.9962,1400.6,2801,0.315201,0.302064,3.591166,0.024181,0.072871,0.002585,3.013511,0.768259,0.068535,0.322781,0.714243,4.062954,0.060727,0.018116,0.004425,0.298318,0.75932,0.078099,0.367508,0.071923,3.756314,0.026063,0.115332,0.00983,4.425095,0.586455,0.064066,0.354895,-0.038821,3.643313,0.051224,0.046073,0.018793,0.899432,0.741701,0.065283
2024-11-04 00:01:29.996,V24-SP2-03-045,V24-SP2-03,P1-SP2-EXF01,45,89.9961,1400.6,2801,0.309917,0.614324,5.176688,0.028785,0.05589,0.003086,1.941637,0.689803,0.071358,0.329329,0.490077,3.983015,0.036204,0.042247,0.00395,1.166928,0.811903,0.087555,0.36006,-0.058234,3.834086,0.022361,0.123347,0.008131,5.516277,0.578416,0.054611,0.348295,0.292757,4.290522,0.041276,0.045443,0.02047,1.100948,0.551326,0.059944
2024-11-04 00:01:31.996,V24-SP2-03-046,V24-SP2-03,P1-SP2-EXF01,46,91.996,1400.6,2801,0.339976,0.383078,3.924493,0.037871,0.024708,0.004167,0.652437,0.701421,0.085655,0.317064,0.507188,3.78835,0.035778,0.049306,0.005996,1.378111,0.807179,0.068399,0.359284,0.093703,3.721006,0.032651,0.112686,0.013797,3.451231,0.547777,0.054011,0.348104,-0.166379,3.063753,0.037833,0.046667,0.018111,1.233509,0.662079,0.060428
2024-11-04 00:01:33.996,V24-SP2-03-047,V24-SP2-03,P1-SP2-EXF01,47,93.996,1400.6,2801,0.336991,0.71315,4.098874,0.037881,0.036443,0.002926,0.962018,0.743486,0.065213,0.319145,1.025706,4.610223,0.064255,0.028068,0.00573,0.436823,0.768973,0.070752,0.364864,-0.109978,3.414095,0.025588,0.115941,0.010914,4.531005,0.517317,0.056404,0.375434,-0.196131,3.373485,0.041014,0.046408,0.022083,1.131523,0.618438,0.059295
2024-11-04 00:01:35.995,V24-SP2-03-048,V24-SP2-03,P1-SP2-EXF01,48,95.9959,1400.6,2801,0.316149,0.508491,4.650626,0.023233,0.053374,0.003972,2.29738,0.745252,0.061116,0.327433,0.82851,4.900067,0.035689,0.049011,0.005158,1.373272,0.801236,0.071932,0.364383,-0.146986,3.295406,0.029914,0.115239,0.010926,3.852394,0.499582,0.054031,0.386633,-0.127698,3.225005,0.047669,0.048569,0.025268,1.018894,0.64988,0.090161
2024-11-04 00:01:37.995,V24-SP2-03-049,V24-SP2-03,P1-SP2-EXF01,49,97.9958,1400.6,2801,0.337674,0.423645,3.958674,0.026463,0.039147,0.003945,1.47932,0.759385,0.085924,0.33162,0.382937,3.76144,0.05032,0.040667,0.00747,0.808161,0.759146,0.095673,0.375655,-0.173639,3.498123,0.024072,0.108194,0.010775,4.494524,0.590987,0.064638,0.380616,-0.23918,3.50926,0.046933,0.040651,0.028864,0.866154,0.770357,0.064466
2024-11-04 00:01:39.995,V24-SP2-03-050,V24-SP2-03,P1-SP2-EXF01,50,99.9957,1400.6,2801,0.358578,0.305972,3.731048,0.037921,0.026738,0.005413,0.705091,0.745135,0.084049,0.335187,0.382628,3.581324,0.033574,0.041807,0.005805,1.245221,0.796459,0.093596,0.359895,-0.05707,3.463845,0.033698,0.107267,0.009219,3.183154,0.502611,0.056455,0.370337,-0.155755,3.427169,0.043827,0.043592,0.014476,0.994642,0.660652,0.068155
2024-11-04 00:01:41.995,V24-SP2-03-051,V24-SP2-03,P1-SP2-EXF01,51,101.9956,1400.6,2801,0.355718,0.337326,3.506335,0.021969,0.069981,0.00599,3.185382,0.79054,0.080574,0.312087,0.543424,3.707536,0.036372,0.041502,0.005176,1.141041,0.825473,0.075975,0.376968,-0.064547,3.18886,0.024164,0.120807,0.016747,4.999457,0.46111,0.055069,0.376917,-0.125597,3.842667,0.038442,0.050944,0.022382,1.325188,0.701104,0.073589
2024-11-04 00:01:43.995,V24-SP2-03-052,V24-SP2-03,P1-SP2-EXF01,52,103.9955,1400.6,2801,0.344987,0.281544,3.876864,0.033725,0.067699,0.004244,2.007395,0.725218,0.066289,0.333087,0.617297,4.492041,0.045833,0.035275,0.004906,0.769653,0.77257,0.070127,0.358288,0.21358,3.981906,0.020923,0.11372,0.013167,5.435306,0.613852,0.046786,0.374131,-0.179507,3.032498,0.034663,0.049533,0.0162,1.428986,0.620987,0.063362
2024-11-04 00:01:45.995,V24-SP2-03-053,V24-SP2-03,P1-SP2-EXF01,53,105.9954,1400.6,2801,0.324741,0.447785,3.631837,0.034055,0.056183,0.006965,1.649773,0.713874,0.081348,0.353532,0.363231,3.595095,0.058912,0.030577,0.003127,0.519035,0.794588,0.080213,0.370786,0.082202,3.4864,0.034353,0.115149,0.019558,3.351911,0.631459,0.059281,0.374233,-0.158976,3.754187,0.048032,0.031631,0.024577,0.658533,0.6833,0.060306
2024-11-04 00:01:47.995,V24-SP2-03-054,V24-SP2-03,P1-SP2-EXF01,54,107.9954,1400.6,2801,0.342532,0.541562,3.965927,0.019444,0.069117,0.005507,3.554765,0.79225,0.073928,0.31527,0.645821,4.957097,0.065196,0.023329,0.006879,0.357832,0.796026,0.083427,0.354829,-0.089718,3.508264,0.024468,0.110033,0.014075,4.496977,0.520478,0.055354,0.377121,-0.102153,3.303957,0.056312,0.029001,0.026077,0.515006,0.632291,0.059901
2024-11-04 00:01:49.995,V24-SP2-03-055,V24-SP2-03,P1-SP2-EXF01,55,109.9953,1400.6,2801,0.343396,0.335981,3.625282,0.03514,0.018347,0.005359,0.522125,0.750162,0.078547,0.308366,0.387053,3.904315,0.039373,0.045087,0.008513,1.145133,0.75063,0.073197,0.361209,-0.201016,3.573988,0.023138,0.110085,0.012588,4.757749,0.538007,0.058702,0.399951,-0.098707,3.56448,0.051255,0.030315,0.024502,0.591451,0.730515,0.056427
2024-11-04 00:01:51.995,V24-SP2-03-056,V24-SP2-03,P1-SP2-EXF01,56,111.9952,1400.6,2801,0.317345,0.518808,3.933788,0.027102,0.036506,0.005794,1.346972,0.76455,0.074474,0.339784,0.493384,3.60462,0.035269,0.044482,0.005462,1.261216,0.817483,0.080197,0.350374,-0.215593,3.302798,0.022824,0.120212,0.015517,5.266837,0.534894,0.05945,0.379981,-0.108809,3.875271,0.043693,0.030317,0.020689,0.693865,0.666441,0.067277
2024-11-04 00:01:53.995,V24-SP2-03-057,V24-SP2-03,P1-SP2-EXF01,57,113.9951,1400.6,2801,0.332667,0.404108,3.882726,0.023702,0.056957,0.004157,2.403087,0.751482,0.091422,0.330659,0.770424,3.90373,0.045092,0.039792,0.003917,0.882458,0.804705,0.075923,0.382495,-0.214193,3.379045,0.024732,0.116867,0.020841,4.725246,0.543843,0.05874,0.399943,-0.248579,3.061245,0.041763,0.046193,0.021982,1.106083,0.509639,0.060201
2024-11-04 00:01:55.995,V24-SP2-03-058,V24-SP2-03,P1-SP2-EXF01,58,115.995,1400.6,2801,0.338445,0.112628,3.286807,0.038686,0.039753,0.004013,1.027592,0.68857,0.098583,0.34232,0.688374,3.775909,0.065948,0.018556,0.004545,0.281376,0.833503,0.085187,0.373334,-0.119804,3.458477,0.033989,0.113571,0.020255,3.341384,0.491347,0.050558,0.400304,0.036611,3.500971,0.040676,0.02939,0.015908,0.722553,0.62103,0.065991
2024-11-04 00:01:57.994,V24-SP2-03-059,V24-SP2-03,P1-SP2-EXF01,59,117.9949,1400.6,2801,0.338608,0.156358,3.5413,0.038966,0.039817,0.00757,1.021834,0.642258,0.080322,0.315743,0.515458,4.076762,0.041696,0.03131,0.006497,0.750927,0.812955,0.079467,0.354643,-0.084293,3.449393,0.024299,0.120967,0.016063,4.978248,0.473365,0.053683,0.37391,-0.153469,3.394346,0.041778,0.029388,0.014328,0.703433,0.661309,0.071988
2024-11-04 00:01:59.994,V24-SP2-03-060,V24-SP2-03,P1-SP2-EXF01,60,119.9948,1400.6,2801,0.329334,0.20151,3.855346,0.037298,0.007671,0.006002,0.205675,0.689803,0.074863,0.334721,0.56215,3.865089,0.05093,0.034413,0.006235,0.67569,0.839953,0.081041,0.34163,-0.209165,3.448526,0.020266,0.116661,0.015804,5.756555,0.559926,0.059604,0.36982,-0.175615,3.612243,0.043939,0.030719,0.018664,0.699132,0.630818,0.059781
2024-11-04 00:02:01.994,V24-SP2-03-061,V24-SP2-03,P1-SP2-EXF01,61,121.9948,1400.6,2801,0.330625,0.314575,3.839383,0.034366,0.020968,0.00806,0.610139,0.742849,0.082163,0.337617,0.686136,3.828569,0.032975,0.043071,0.004778,1.306193,0.866633,0.089428,0.36588,0.079911,3.841179,0.032163,0.105319,0.020893,3.274579,0.579171,0.059233,0.401884,-0.221129,3.267134,0.053034,0.030809,0.02293,0.580925,0.64117,0.074566
2024-11-04 00:02:03.994,V24-SP2-03-062,V24-SP2-03,P1-SP2-EXF01,62,123.9947,1400.6,2801,0.325446,0.320563,3.41833,0.01759,0.059786,0.006438,3.398933,0.813222,0.071234,0.333742,0.589479,4.071793,0.033556,0.033487,0.004505,0.997924,0.843888,0.069063,0.336963,-0.317277,3.168388,0.023114,0.106431,0.022805,4.604686,0.563552,0.05939,0.378881,-0.164302,3.172889,0.038059,0.041275,0.015053,1.084476,0.718494,0.073032
2024-11-04 00:02:05.994,V24-SP2-03-063,V24-SP2-03,P1-SP2-EXF01,63,125.9946,1400.6,2801,0.318487,0.337309,3.919764,0.02217,0.054975,0.00378,2.479757,0.768249,0.067306,0.331776,0.943899,4.641129,0.033554,0.026949,0.005609,0.803164,0.827982,0.07808,0.36109,-0.101568,3.202747,0.035438,0.107684,0.023125,3.03865,0.554968,0.056022,0.379321,-0.075713,3.460202,0.050419,0.04747,0.01618,0.941517,0.675694,0.059613
2024-11-04 00:02:07.994,V24-SP2-03-064,V24-SP2-03,P1-SP2-EXF01,64,127.9945,1400.6,2801,0.327514,0.258946,3.868165,0.025902,0.038449,0.007293,1.484391,0.792952,0.065144,0.327689,0.985658,5.036596,0.047485,0.018854,0.007842,0.397062,0.819178,0.073249,0.366148,-0.114085,3.098032,0.022879,0.106616,0.013233,4.659957,0.516815,0.056859,0.355968,-0.077542,3.313374,0.043465,0.050195,0.015675,1.154819,0.678247,0.068603
2024-11-04 00:02:09.994,V24-SP2-03-065,V24-SP2-03,P1-SP2-EXF01,65,129.9944,1400.6,2801,0.340972,0.420744,3.46312,0.020198,0.062528,0.005079,3.095734,0.76615,0.063777,0.355097,0.622178,3.825566,0.029405,0.03344,0.00508,1.137209,0.836125,0.098764,0.359923,-0.112637,3.524724,0.024139,0.108385,0.019493,4.490112,0.586376,0.062494,0.354161,0.16474,3.963722,0.042784,0.043397,0.013047,1.014326,0.703277,0.064793
2024-11-04 00:02:11.994,V24-SP2-03-066,V24-SP2-03,P1-SP2-EXF01,66,131.9943,1400.6,2801,0.32737,0.423835,3.950083,0.037427,0.028387,0.005549,0.758473,0.665412,0.064822,0.328116,0.53824,3.790959,0.033933,0.022129,0.003973,0.652123,0.8477,0.096396,0.358336,-0.170581,3.606026,0.023718,0.101581,0.020941,4.282903,0.634226,0.070286,0.355645,-0.014328,4.384064,0.055874,0.04269,0.012512,0.764048,0.668319,0.080434
2024-11-04 00:02:13.994,V24-SP2-03-067,V24-SP2-03,P1-SP2-EXF01,67,133.9942,1400.6,2801,0.333777,0.447243,4.40464,0.039898,0.038195,0.005391,0.957332,0.656424,0.072335,0.331164,0.746021,4.038514,0.04509,0.010547,0.0028,0.233919,0.809569,0.088746,0.359731,-0.060677,3.591227,0.03449,0.097939,0.024203,2.839667,0.590417,0.066555,0.395944,-0.13986,3.264559,0.036551,0.044782,0.011629,1.22519,0.558887,0.075789
2024-11-04 00:02:15.994,V24-SP2-03-068,V24-SP2-03,P1-SP2-EXF01,68,135.9942,1400.6,2801,0.345309,0.477469,4.259141,0.027651,0.069314,0.005578,2.506749,0.723886,0.076713,0.313905,0.57749,4.249195,0.058025,0.021172,0.005803,0.364876,0.822036,0.076351,0.374289,-0.283448,3.089833,0.026606,0.093012,0.027457,3.495908,0.635162,0.05982,0.429717,-0.009505,3.731394,0.037328,0.044668,0.012916,1.196629,0.725174,0.081812
2024-11-04 00:02:17.994,V24-SP2-03-069,V24-SP2-03,P1-SP2-EXF01,69,137.9941,1400.6,2801,0.345386,0.381107,4.519333,0.038669,0.041004,0.00282,1.060393,0.684561,0.06974,0.344659,0.990033,4.134253,0.065847,0.009141,0.005093,0.138819,0.829845,0.080522,0.382654,-0.149829,3.079476,0.032015,0.093853,0.021461,2.931525,0.634401,0.051536,0.391978,0.02957,3.579085,0.058233,0.045442,0.008946,0.780357,0.726855,0.06248
